id,word,meaning1,meaning2,meaning3,level
1,a,bir,herhangi bir,her bir,A1
2,five,beş,beşli,beş sayısı,A1
3,television,televizyon,tv,televizyon cihazı,A1
4,fishing,balık tutma,balıkçılık,oltacılık,A1
5,fish,balık,balık tutmak,balık avlamak,A1
6,tell,söylemek,anlatmak,bildirmek,A1
7,first,ilk,birinci,öncelikle,A1
8,temple,tapınak,mabet,şakak,A1
9,fire,ateş,yangın,ateşlemek,A1
10,finish,bitirmek,sona ermek,bitiş,A1
11,ten,on,onlu,on sayısı,A1
12,fine,iyi,ince,ceza,A1
13,find,bulmak,rastlamak,keşfetmek,A1
14,fill,doldurmak,dolmak,kaplamak,A1
15,file,dosya,dosyalamak,törpü,A1
16,tennis,tenis,tenis oyunu,kort oyunu,A1
17,fight,dövüşmek,kavga,mücadele,A1
18,fifty,elli,ellili,elli sayısı,A1
19,fifteen,on beş,on beşli,on beş sayısı,A1
20,field,tarla,alan,saha,A1
21,fever,ateş,yüksek ateş,humma,A1
22,festival,festival,şenlik,kutlama,A1
23,terrible,korkunç,berbat,çok kötü,A1
24,feeling,his,duygu,hissetme,A1
25,flag,bayrak,sancak,simgelemek,A1
26,feel,hissetmek,sezmek,algılamak,A1
27,telephone,telefon,telefon etmek,aramak,A1
28,technology,teknoloji,teknik bilgi,teknoloji bilimi,A1
29,tall,uzun,uzun boylu,yüksek,A1
30,free,özgür,ücretsiz,serbest,A1
31,fourteen,on dört,on dörtlü,on dört sayısı,A1
32,four,dört,dörtlü,dört sayısı,A1
33,forty,kırk,kırklı,kırk sayısı,A1
34,form,form,biçim,oluşturmak,A1
35,forget,unutmak,aklından çıkmak,ihmal etmek,A1
36,foreigner,yabancı,yabancı kimse,el,A1
37,foreign,yabancı,dış,yurt dışı,A1
38,taxi,taksi,ticari oto,taksiyle gitmek,A1
39,for,için,çünkü,amacıyla,A1
40,tea,çay,çay yaprağı,beş çayı,A1
41,football,futbol,top oyunu,Amerikan futbolu,A1
42,teach,öğretmek,ders vermek,eğitmek,A1
43,food,yemek,gıda,besin,A1
44,teacher,öğretmen,hoca,eğitmen,A1
45,team,takım,ekip,grup,A1
46,following,takip eden,sonraki,aşağıdakiler,A1
47,foggy,sisli,dumanlı,bulanık,A1
48,focus,odaklanmak,odak,odak noktası,A1
49,fly,uçmak,sinek,uçurmak,A1
50,flower,çiçek,çiçek açmak,gelişmek,A1
51,floor,"zemin, yer",kat,"taban, döşeme",A1
52,flat,"daire, ev","düz, yassı","sönük, inik",A1
53,Friday,Cuma,cuma günü,cumaları,A1
54,feed,beslemek,doyurmak,yem vermek,A1
55,favorite/favourite,"favori, gözde",en sevilen,beğenilen,A1
56,thick,kalın,"yoğun, koyu","sık, gür",A1
57,expensive,pahalı,masraflı,yüksek fiyatlı,A1
58,thin,ince,"zayıf, cılız","akışkan, seyrek",A1
59,thing,"şey, nesne","eşya, madde","durum, olay",A1
60,think,düşünmek,"sanmak, zannetmek","inanmak, saymak",A1
61,exercise,"egzersiz, spor","alıştırma, çalışma","uygulamak, kullanmak",A1
62,thirteen,on üç,on üçlü,on üç sayısı,A1
63,excuse,"mazeret, bahane","affetmek, bağışlamak",izin vermek,A1
64,thirty,otuz,otuzlu,otuz sayısı,A1
65,this,bu,bunu,buna,A1
66,those,onlar,şunlar,o kişiler,A1
67,exciting,heyecanlı,heyecan verici,coşturucu,A1
68,excited,heyecanlı,coşkulu,heyecanlanmış,A1
69,excellent,mükemmel,"harika, kusursuz","üstün, fevkalade",A1
70,example,örnek,"emsal, misal","numune, model",A1
71,three,üç,üçlü,üç sayısı,A1
72,everywhere,her yer,her yere,her yerde,A1
73,everything,her şey,her şeyi,bütün eşyalar,A1
74,everyone,herkes,her kişi,her bir kimse,A1
75,everyday,günlük,her günkü,"olağan, sıradan",A1
76,everybody,herkes,her insan,hepsi,A1
77,every,her,her bir,"bütün, tüm",A1
78,event,"etkinlik, organizasyon","olay, hadise","yarışma, müsabaka",A1
79,they,onlar,kendileri,o kişiler,A1
80,February,Şubat,şubat ayı,ikinci ay,A1
81,these,bunlar,bu insanlar,bu eşyalar,A1
82,then,"sonra, ardından",o zaman,"öyleyse, o halde",A1
83,father,baba,"ata, peder",kurucu,A1
84,test,"test, sınav","deneme, kontrol",test etmek,A1
85,fat,"şişman, kilolu",yağlı,"yağ, iç yağı",A1
86,fast,"hızlı, çabuk",süratli,oruç tutmak,A1
87,farmer,çiftçi,tarımcı,reçber,A1
88,farm,çiftlik,"tarla, arazi",çiftçilik yapmak,A1
89,fan,"hayran, takipçi","vantilatör, yelpaze",körüklemek,A1
90,famous,"ünlü, meşhur",tanınmış,"şanlı, namlı",A1
91,family,aile,"hane, soy",akrabalar,A1
92,than,-den daha,"kıyasla, nazaran",oranda,A1
93,thank,teşekkür etmek,minnettar olmak,şükretmek,A1
94,false,"yanlış, hatalı","sahte, yapay","yalan, gerçeksiz",A1
95,fairy,peri,masal yaratığı,efsanevi varlık,A1
96,fair,"adil, dürüst","fuar, panayır","makul, orta",A1
97,thanks,teşekkürler,sağ ol,"minnet, şükran",A1
98,factory,fabrika,imalathane,üretim tesisi,A1
99,that,"şu, o",ki,"öyle, o kadar",A1
100,the,belirli nesne takısı,bilinen şey,"o, bu",A1
101,theater/theatre,tiyatro,tiyatro salonu,tiyatro sanatı,A1
102,face,yüz,çehre,yüzleşmek,A1
103,their,onların,kendilerinin,onlara ait,A1
104,them,onları,onlara,kendilerini,A1
105,eye,göz,bakış,gözlemlemek,A1
106,there,orada,oraya,şurada,A1
107,friend,arkadaş,dost,tanıdık,A1
108,talk,konuşmak,sohbet etmek,konuşma,A1
109,frog,kurbağa,kara kurbağası,su kurbağası,A1
110,hear,duymak,işitmek,haber almak,A1
111,healthy,sağlıklı,sıhhatli,faydalı,A1
112,supermarket,süpermarket,büyük market,gıda marketi,A1
113,health,sağlık,sıhhat,afiyet,A1
114,headache,baş ağrısı,sıkıntı,dert,A1
115,head,baş,kafa,lider,A1
116,he,o,o erkek,erkek,A1
117,have to,zorunda olmak,mecbur olmak,gerekmek,A1
118,have,sahip olmak,almak,yemek,A1
119,hat,şapka,başlık,kep,A1
120,has,var,sahip,sahiptir,A1
121,hard,zor,sert,güç,A1
122,happy,mutlu,neşeli,sevinçli,A1
123,happen,olmak,meydana gelmek,gerçekleşmek,A1
124,handsome,yakışıklı,çekici,hoş,A1
125,hand,el,taraf,vermek,A1
126,sure,emin,kesin,şüphesiz,A1
127,hamburger,hamburger,köfteli ekmek,hızlı yemek,A1
128,hall,salon,koridor,antre,A1
129,half,yarım,yarı,buçuk,A1
130,haircut,saç kesimi,saç modeli,tıraş,A1
131,hair,saç,kıl,tüy,A1
132,had,sahipti,vardı,elde etti,A1
133,heart,kalp,yürek,gönül,A1
134,surf,sörf yapmak,dalga,sörf,A1
135,heavy,ağır,yoğun,şiddetli,A1
136,sunshine,güneş ışığı,gün ışığı,güneş,A1
137,homework,ev ödevi,ödev,ders çalışması,A1
138,hometown,memleket,doğduğu şehir,ana vatan,A1
139,home,ev,yuva,memleket,A1
140,summer,yaz,yaz mevsimi,yaz dönemi,A1
141,holiday,tatil,bayram,izin,A1
142,hole,delik,çukur,boşluk,A1
143,sun,güneş,gün ışığı,gün,A1
144,hold,tutmak,kavramak,düzenlemek,A1
145,hobby,hobi,uğraş,merak,A1
146,history,tarih,geçmiş,tarih bilimi,A1
147,his,onun,onunkisi,erkek için,A1
148,him,onu,ona,kendisini,A1
149,hill,tepe,yokuş,höyük,A1
150,Sunday,pazar,pazar günü,hafta sonu,A1
151,high,yüksek,yüce,gelişmiş,A1
152,hide,saklamak,gizlenmek,deri,A1
153,hi,selam,merhaba,hey,A1
154,hers,onunki,onun,kadınınki,A1
155,here,burada,buraya,bu noktada,A1
156,sunny,güneşli,neşeli,aydınlık,A1
157,her,onu,ona,onun,A1
158,help,yardım etmek,yardım,çare olmak,A1
159,hello,merhaba,selam,alo,A1
160,super,harika,süper,üstün,A1
161,habit,alışkanlık,huy,giysi,A1
162,guy,adam,herif,erkek,A1
163,guitar,gitar,telli çalgı,gitar çalmak,A1
164,swim,yüzmek,yüzme,başı dönmek,A1
165,glasses,gözlük,bardaklar,kadehler,A1
166,glass,cam,bardak,kadeh,A1
167,swimming,yüzme,yüzen,baş dönmesi,A1
168,glad,memnun,sevinçli,mutlu,A1
169,swimming pool,yüzme havuzu,havuz,açık havuz,A1
170,give,vermek,sunmak,bağışlamak,A1
171,girlfriend,kız arkadaş,sevgili,kız eş,A1
172,girl,kız,kız çocuk,genç kadın,A1
173,gift,hediye,armağan,yetenek,A1
174,ghost,hayalet,ruh,gölge,A1
175,get,almak,elde etmek,ulaşmak,A1
176,table,masa,tablo,liste,A1
177,garden,bahçe,bostan,bahçecilik yapmak,A1
178,garbage,çöp,atık,döküntü,A1
179,future,gelecek,istikbal,gelecekteki,A1
180,funny,komik,eğlenceli,tuhaf,A1
181,take,almak,götürmek,kabul etmek,A1
182,fun,eğlence,neşe,eğlenceli,A1
183,full,dolu,tam,tok,A1
184,fruit,meyve,ürün,sonuç,A1
185,front,ön,cephe,ön kısım,A1
186,from,-den,-dan,itibaren,A1
187,sweet,tatlı,şirin,sevimli,A1
188,go,gitmek,ilerlemek,ayrılmak,A1
189,goal,hedef,amaç,gol,A1
190,gold,altın,altın sarısı,değerli,A1
191,guest,konuk,misafir,davetli,A1
192,guess,tahmin etmek,tahmin,varsaymak,A1
193,surprise,sürpriz,şaşırtmak,hayret,A1
194,grow,büyümek,gelişmek,yetiştirmek,A1
195,group,grup,küme,topluluk,A1
196,ground,yer,zemin,topraklamak,A1
197,greet,selamlamak,karşılamak,selam vermek,A1
198,green,yeşil,ham,çimlik,A1
199,survey,anket,inceleme,araştırma,A1
200,great,harika,büyük,muhteşem,A1
201,gray/grey,gri,boz,kurşuni,A1
202,evening,akşam,gece,akşam vakti,A1
203,grass,çim,ot,çimen,A1
204,grandparent,büyükebeveyn,dede veya büyükanne,aile büyüğü,A1
205,grandpa,dede,büyükbaba,büyükpeder,A1
206,grandmother,büyükanne,nine,anneanne,A1
207,grandma,nine,büyükanne,babaanne,A1
208,grandfather,büyükbaba,dede,büyükpeder,A1
209,grammar,dilbilgisi,gramer,dil kuralları,A1
210,grade,sınıf,not,derece,A1
211,good night,iyi geceler,hayırlı geceler,tatlı rüyalar,A1
212,good morning,günaydın,hayırlı sabahlar,iyi sabahlar,A1
213,good afternoon,tünaydın,iyi günler,iyi öğleden sonralar,A1
214,good,iyi,güzel,hoş,A1
215,grape,üzüm,bağ meyvesi,üzüm tanesi,A1
216,sum,toplam,tutar,meblağ,A1
217,through,içinden,vasıtasıyla,boyunca,A1
218,Thursday,perşembe,perşembe günü,haftanın beşinci günü,A1
219,come,gelmek,varmak,ulaşmak,A1
220,color/colour,renk,ton,renk vermek,A1
221,college,kolej,yüksekokul,fakülte,A1
222,collection,koleksiyon,toplama,birikim,A1
223,collect,toplamak,biriktirmek,derlemek,A1
224,cold,soğuk,soğukalgınlığı,üşütme,A1
225,coke,kola,kok kömürü,kok,A1
226,us,bizi,bize,biz,A1
227,use,kullanmak,faydalanmak,kullanım,A1
228,coffee,kahve,kahve çekirdeği,koyu kahverengi,A1
229,code,kod,şifre,kurallar bütünü,A1
230,coat,palto,mont,kaban,A1
231,usually,genellikle,çoğunlukla,genelde,A1
232,coach,antrenör,koç,otobüs,A1
233,club,kulüp,dernek,sopayla vurmak,A1
234,cloudy,bulutlu,kapalı,bulanık,A1
235,cloud,bulut,duman bulutu,gölgelemek,A1
236,clothes,giysiler,kıyafetler,elbise,A1
237,cloth,kumaş,bez,örtü,A1
238,closed,kapalı,kapanmış,bitmiş,A1
239,close,kapatmak,yakın,samimi,A1
240,clock,saat,duvar saati,zaman ölçer,A1
241,climb,tırmanmak,yükselmek,tırmanış,A1
242,up,yukarı,yukarıya,ayakta,A1
243,clever,akıllı,zeki,ustaca,A1
244,until,kadar,dek,değin,A1
245,concert,konser,uyum,düzenlemek,A1
246,culture,kültür,ekin,yetiştirme,A1
247,uncle,amca,dayı,enişte,A1
248,cry,ağlamak,bağırmak,çığlık,A1
249,under,altında,altına,alt,A1
250,credit card,kredi kartı,kredi kartı hesabı,plastik kart,A1
251,underline,altını çizmek,vurgulamak,belirtmek,A1
252,cream,krema,krem,kaymak,A1
253,cow,inek,dişi sığır,sığır,A1
254,cover,örtmek,kaplamak,kapak,A1
255,cousin,kuzen,amca oğlu,teyze kızı,A1
256,course,kurs,ders,gidişat,A1
257,could,ebildi,olabilir,yapabilirdi,A1
258,couch,koltuk,kanepe,divan,A1
259,correct,doğru,düzeltmek,hatasız,A1
260,corner,köşe,dönemeç,korner,A1
261,corn,mısır,nasır,tahıl,A1
262,copy,kopyalamak,kopya,çoğaltmak,A1
263,cop,polis,aynasız,yakalamak,A1
264,cool,serin,havalı,soğukkanlı,A1
265,cookie,kurabiye,bisküvi,çerez,A1
266,cook,yemek pişirmek,aşçı,pişmek,A1
267,conversation,sohbet,konuşma,söyleşi,A1
268,contest,yarışma,müsabaka,itiraz etmek,A1
269,computer,bilgisayar,bilgi işlemci,hesaplayıcı,A1
270,cup,fincan,kupa,kadeh,A1
271,vacation,tatil,izne çıkmak,boşaltma,A1
272,classroom,sınıf,derslik,dershane,A1
273,carry,taşımak,götürmek,sürdürmek,A1
274,carefully,dikkatlice,özenle,titizlikle,A1
275,careful,dikkatli,özenli,tedbirli,A1
276,care,önemsemek,bakım,özen,A1
277,card,kart,kartpostal,iskambil kağıdı,A1
278,car,araba,otomobil,vagon,A1
279,cap,şapka,kapak,başlık,A1
280,visit,ziyaret etmek,uğramak,ziyaret,A1
281,candy,şeker,şekerleme,tatlı,A1
282,can,edebilmek,konserve,kutu,A1
283,camp,kamp,kamp yapmak,orduğah,A1
284,camera,kamera,fotoğraf makinesi,çekim cihazı,A1
285,call,aramak,çağırmak,adlandırmak,A1
286,cake,pasta,kek,çörek,A1
287,cafe/café,kafe,kafeterya,kahvehane,A1
288,bye,hoşça kal,görüşürüz,elveda,A1
289,by,tarafından,yanında,vasıtasıyla,A1
290,buy,satın almak,ısmarlamak,alım,A1
291,button,düğme,tuş,rozet,A1
292,butterfly,kelebek,kelebek stili,kelebek somun,A1
293,butter,tereyağı,yağ sürmek,yağlamak,A1
294,but,fakat,ama,ancak,A1
295,busy,meşgul,yoğun,hareketli,A1
296,cartoon,çizgi film,karikatür,mizah resmi,A1
297,clean,temiz,temizlemek,arıtmak,A1
298,case,durum,dava,kılıf,A1
299,catch,yakalamak,tutmak,yetişmek,A1
300,classmate,sınıf arkadaşı,sıra arkadaşı,okul arkadaşı,A1
301,class,sınıf,ders,tür,A1
302,city,şehir,kent,büyükşehir,A1
303,circle,daire,çember,halka,A1
304,cinema,sinema,sinema salonu,film sanatı,A1
305,church,kilise,ibadethane,hristiyan tapınağı,A1
306,choose,seçmek,tercih etmek,karar vermek,A1
307,chocolate,çikolata,çikolatalı tatlı,sıcak çikolata,A1
308,child,çocuk,evlat,ufaklık,A1
309,chicken,tavuk,tavuk eti,piliç,A1
310,vase,vazo,çiçeklik,süs vazosu,A1
311,vegetable,sebze,bitki,bostan ürünü,A1
312,cheese,peynir,çökelek,peynir çeşidi,A1
313,check,kontrol etmek,denetlemek,banka çeki,A1
314,character,karakter,kişilik,simge,A1
315,change,değiştirmek,değişmek,para üstü,A1
316,chair,sandalye,koltuk,makam,A1
317,very,çok,oldukça,pek,A1
318,celebration,kutlama,tören,anma etkinliği,A1
319,celebrate,kutlamak,anmak,övmek,A1
320,CD player,CD çalar,müzik çalar,disk çalar,A1
321,CD,CD,kompakt disk,yoğun disk,A1
322,video,video,görüntülü kayıt,klip,A1
323,cat,kedi,kedigil,evcil kedi,A1
324,cut,kesmek,dilimlemek,kesik,A1
325,cute,sevimli,tatlı,şirin,A1
326,dad,baba,babacık,peder,A1
327,eat,yemek yemek,beslenmek,tüketmek,A1
328,easy,kolay,rahat,zahmetsiz,A1
329,early,erken,erkenden,ilk,A1
330,ear,kulak,işitme organı,başak,A1
331,top,üst,zirve,en yüksek,A1
332,each other,birbirini,birbirine,karşılıklı olarak,A1
333,each,her biri,her,tane başına,A1
334,topic,konu,başlık,tematik alan,A1
335,DVD,DVD,dijital video diski,video diski,A1
336,due,vadesi dolmuş,beklenen,kaynaklanan,A1
337,dry,kuru,kurutmak,kurak,A1
338,drum,davul,bando takımı,varil,A1
339,touch,dokunmak,temas etmek,dokunuş,A1
340,drop,düşürmek,damlatmak,damla,A1
341,driver,sürücü,şoför,sürücü yazılımı,A1
342,drive,süremek,araba kullanmak,sürüş,A1
343,drink,içmek,içecek,meşrubat,A1
344,dress,elbise,giyinmek,giysi,A1
345,dream,rüya,hayal,rüya görmek,A1
346,draw,çizmek,resim yapmak,çekmek,A1
347,drama,drama,tiyatro oyunu,tiyatro sanatı,A1
348,towel,havlu,kurulama bezi,peşkir,A1
349,tower,kule,kale kulesi,yüksek bina,A1
350,tooth,diş,çark dişi,testere dişi,A1
351,town,kasaba,"şehir, kent","ilçe, çarşı",A1
352,tool,"alet, araç","gereç, cihaz","vasıta, el aleti",A1
353,tonight,bu gece,bu akşam,geceleyin,A1
354,ticket,bilet,"fiş, kupon","etiket, ceza",A1
355,tiger,kaplan,yırtıcı kedi,acımasız kimse,A1
356,tight,"sıkı, dar","gergin, kısıtlı","iyice, tamamen",A1
357,time,"zaman, vakit","süre, dönem","defa, kere",A1
358,enjoy,zevk almak,tadını çıkarmak,"eğlenmek, hoşlanmak",A1
359,engineer,mühendis,makinist,"tasarlamak, yapmak",A1
360,end,"son, uç","bitirmek, sona ermek","amaç, hedef",A1
361,tired,yorgun,"bıkkın, usanmış","halsiz, bitkin",A1
362,email/e-mail/E-mail,e-posta,elektronik posta,e-posta göndermek,A1
363,else,"başka, diğer","yoksa, aksi halde","daha, haricinde",A1
364,to,"-e, -a","için, amacıyla","kala, doğru",A1
365,eleven,on bir,on bir sayısı,on birli,A1
366,elementary,ilkokul,"temel, basit",başlangıç seviyesi,A1
367,today,bugün,günümüzde,bu çağda,A1
368,together,"birlikte, beraber",bir arada,"peş peşe, üst üste",A1
369,toilet,tuvalet,"helâ, lavabo",klozet,A1
370,either,"ya, ikisinden biri","de, da","her iki, ikisi de",A1
371,eighty,seksen,seksen sayısı,seksenli,A1
372,eighteen,on sekiz,on sekiz sayısı,on sekizli,A1
373,eight,sekiz,sekiz sayısı,sekizli,A1
374,egg,yumurta,yumurtlamak,"hoca, tip",A1
375,tomato,domates,domatesli,domates fidesi,A1
376,tomorrow,yarın,"gelecek, istikbal",yakın gelecek,A1
377,too,"de, da","aşırı, çok","fazla, ayrıca",A1
378,down,"aşağı, aşağıya","inmiş, alt","üzgün, moral bozuk",A1
379,toy,oyuncak,önemsiz şey,"oynamak, oyalanmak",A1
380,door,kapı,"giriş, geçit","imkan, yol",A1
381,delicious,"lezzetli, nefis","tatlı, hoş","zevkli, harika",A1
382,try,denemek,"çabalamak, uğraşmak","yargılamak, sınamak",A1
383,T-shirt/tee-shirt,tişört,kısa kollu fanila,yazlık üst,A1
384,tube,"tüp, boru",metro,macun tüpü,A1
385,Tuesday,salı,salı günü,salıları,A1
386,turkey,hindi,"başarısızlık, fiyasko",hindi eti,A1
387,turn,"dönmek, çevirmek","sıra, tur","değişim, viraj",A1
388,TV,televizyon,TV yayıncılığı,televizyon alıcısı,A1
389,December,aralık,aralık ayı,yılın son ayı,A1
390,twelve,on iki,on iki sayısı,on ikili,A1
391,twenty,yirmi,yirmi sayısı,yirmili,A1
392,dear,"sevgili, aziz","pahalı, yüksek fiyatlı","değerli, muhterem",A1
393,two,iki,iki sayısı,"çift, ikili",A1
394,type,"tip, tür, çeşit","yazmak, klavyeyle yazmak","model, karakter",A1
395,day,gün,gündüz,"devir, çağ",A1
396,daughter,kız evlat,"kız, evlat",kız çocuk,A1
397,date,tarih,hurma,"randevu, flört",A1
398,ugly,çirkin,"tatsız, hoş olmayan","tehlikeli, tehditkâr",A1
399,dark,karanlık,koyu,"esmer, gizemli",A1
400,dancing,"dans, dans etme","danslı, dans eden",dans sanatı,A1
401,dance,dans etmek,dans,dansa kalkmak,A1
402,umbrella,şemsiye,koruma,siper,A1
403,daddy,baba,babacık,babuş,A1
404,true,doğru,gerçek,hakiki,A1
405,truck,kamyon,kamyonet,yük arabası,A1
406,trousers,pantolon,pantolon kumaşı,pantolon ayağı,A1
407,describe,tanımlamak,betimlemek,tarif etmek,A1
408,dollar,dolar,amerikan doları,para birimi,A1
409,doll,oyuncak bebek,bebek,kukla,A1
410,doing,yapma,yapış,eylem,A1
411,dog,köpek,it,erkek köpek,A1
412,does,yapar,eder,yerine getirir,A1
413,doctor/Dr./Dr,doktor,hekim,tabip,A1
414,do,yapmak,etmek,gerçekleştirmek,A1
415,train,tren,eğitmek,eğitim almak,A1
416,dish,tabak,yemek,bulaşık,A1
417,discuss,tartışmak,görüşmek,müzakere etmek,A1
418,travel,seyahat etmek,gezmek,yolculuk yapmak,A1
419,throw,atmak,fırlatmak,savurmak,A1
420,dirty,kirli,pis,lekelenmiş,A1
421,dining room,yemek odası,yemek salonu,yemek yeri,A1
422,tree,ağaç,odun,fidan,A1
423,dig,kazmak,kazı yapmak,bellemek,A1
424,difficult,zor,güç,çetin,A1
425,different,farklı,değişik,başka,A1
426,difference,fark,ayrılık,farklılık,A1
427,did,yaptı,etti,gerçekleştirdi,A1
428,dictionary,sözlük,lügat,söz kitabı,A1
429,trip,gezi,yolculuk,seyahat,A1
430,desk,çalışma masası,sıra,danışma masası,A1
431,design,tasarlamak,tasarım,dizayn etmek,A1
432,dinner,akşam yemeği,ana yemek,ziyafet,A1
433,business,iş,ticaret,şirket,A1
434,hope,umut etmek,umut,ümit etmek,A1
435,hospital,hastane,şifahane,sağlık merkezi,A1
436,shelf,raf,sığlık,raf tablası,A1
437,ship,gemi,göndermek,sevkiyat yapmak,A1
438,over,üzerinde,üstünde,bitmiş,A1
439,shirt,gömlek,fanila,üst giysi,A1
440,outside,dışarıda,dışında,dış taraf,A1
441,shoe,ayakkabı,pabuç,nal,A1
442,shop,dükkan,mağaza,alışveriş yapmak,A1
443,shopping,alışveriş,çarşı pazarı,mağaza gezisi,A1
444,short,kısa,az,eksik,A1
445,out,dışarı,dışarıda,hariç,A1
446,ours,bizimki,bizimkiler,bizim olan,A1
447,our,bizim,bizlerin,bize ait,A1
448,other,diğer,öteki,başka,A1
449,should,-meli,-malı,gereklilik,A1
450,shoulder,omuz,banket,üstlenmek,A1
451,order,sipariş,düzen,emir,A1
452,show,göstermek,gösteri,sergilemek,A1
453,orange,portakal,turuncu,portakal rengi,A1
454,or,veya,ya da,yoksa,A1
455,shower,duş,duş almak,sağanak,A1
456,opera,opera,opera binası,opera sanatı,A1
457,open,açık,açmak,başlatmak,A1
458,only,sadece,yalnızca,tek,A1
459,sheep,koyun,koyunlar,uysal kimse,A1
460,one,bir,biri,tek,A1
461,she,o,kendisi,o kadın,A1
462,owner,sahip,mal sahibi,ev sahibi,A1
463,peace,barış,huzur,sessizlik,A1
464,pay,ödemek,maaş,ödemesini yapmak,A1
465,set,kurmak,takım,ayarlamak,A1
466,seven,yedi,yedi sayısı,yedisi,A1
467,seventeen,on yedi,on yedi sayısı,on yedisi,A1
468,seventy,yetmiş,yetmiş sayısı,yetmişi,A1
469,past,geçmiş,mazi,geçen,A1
470,party,parti,eğlence,taraf,A1
471,partner,ortak,eş,partner,A1
472,park,park,park etmek,park alanı,A1
473,parent,ebeveyn,anne baba,velisi,A1
474,pardon,efendim,af,bağışlama,A1
475,paragraph,paragraf,fıkra,bent,A1
476,shake,sallamak,el sıkışmak,titremek,A1
477,paper,kağıt,gazete,belge,A1
478,pants,pantolon,don,iç çamaşırı,A1
479,palace,saray,görkemli bina,köşk,A1
480,pair,çift,ikili,eşlemek,A1
481,painting,tablo,resim,boyama,A1
482,paint,boyamak,boya,resmetmek,A1
483,page,sayfa,sayfa numarası,haberci,A1
484,share,paylaşmak,pay,hisse,A1
485,p.m./P.M./pm/PM,öğleden sonra,ö.s.,akşam,A1
486,own,kendi,sahip olmak,kabullenmek,A1
487,September,eylül,eylül ayı,sonbahar ayı,A1
488,once,bir kez,bir zamanlar,hemen,A1
489,Olympics,olimpiyatlar,olimpiyat oyunları,olimpiyat,A1
490,ninety,doksan,doksan sayısı,doksanı,A1
491,nineteen,on dokuz,on dokuz sayısı,on dokuzu,A1
492,nine,dokuz,dokuz sayısı,dokuzu,A1
493,night,gece,akşam,karanlık,A1
494,nice,güzel,hoş,iyi,A1
495,sir,efendim,beyefendi,sir,A1
496,sister,kız kardeş,abla,hemşire,A1
497,newspaper,gazete,günlük gazete,haber kağıdı,A1
498,news,haber,haberler,havadis,A1
499,new,yeni,taze,modern,A1
500,never,asla,hiçbir zaman,hiç,A1
501,sit,oturmak,kurulmak,tünemek,A1
502,site,alan,web sitesi,şantiye,A1
503,six,altı,altı sayısı,altılı,A1
504,sixteen,on altı,on altı sayısı,on altılı,A1
505,sixty,altmış,altmış sayısı,altmışlı,A1
506,neighbor/neighbour,komşu,yakın kimse,komşu ülke,A1
507,size,boyut,beden,ebat,A1
508,need,ihtiyaç duymak,gereksinim,muhtaç olmak,A1
509,neck,boyun,ense,yaka,A1
510,near,yakın,yakında,yaklaşmak,A1
511,skill,beceri,hüner,yetenek,A1
512,nationality,milliyet,uyruk,vatandaşlık,A1
513,no,hayır,yok,hiçbir,A1
514,on,üzerinde,açık,üstünde,A1
515,singer,şarkıcı,solist,ses sanatçısı,A1
516,sing,şarkı söylemek,ötmek,şakımak,A1
517,shy,utangaç,çekingen,sıkılgan,A1
518,sick,hasta,rahatsız,mide bulandırıcı,A1
519,old,yaşlı,eski,ihtiyar,A1
520,OK/okay,tamam,peki,olur,A1
521,side,taraf,yan,kenar,A1
522,often,sık sık,çoğunlukla,genelde,A1
523,officer,memur,subay,görevli,A1
524,office,ofis,büro,makam,A1
525,sight,görme,görüş,manzara,A1
526,sign,işaret,tabela,imzalamak,A1
527,off,kapalı,uzakta,sönük,A1
528,of,-in,-den yapılmış,hakkında,A1
529,October,ekim,ekim ayı,sonbahar ayı,A1
530,o'clock,saat,tam saat,saatte,A1
531,nurse,hemşire,hasta bakıcı,emzirmek,A1
532,number,numara,sayı,adet,A1
533,now,şimdi,hemen,şu anda,A1
534,November,kasım,kasım ayı,sonbahar ayı,A1
535,nothing,hiçbir şey,hiç,önemsiz şey,A1
536,notebook,defter,not defteri,dizüstü bilgisayar,A1
537,note,not,nota,dikkat etmek,A1
538,not,değil,yok,olumsuzluk eki,A1
539,nose,burun,ön kısım,koklamak,A1
540,noise,gürültü,ses,patırtı,A1
541,pen,tükenmez kalem,dolma kalem,ağıl,A1
542,sentence,cümle,hüküm,ceza vermek,A1
543,pencil,kurşun kalem,kalem,çizmek,A1
544,rain,yağmur,yağmur yağmak,yağmak,A1
545,row,sıra,kürek çekmek,kavga,A1
546,radio,radyo,telsiz,radyodan yayınlamak,A1
547,rude,kaba,nezaketsiz,terbiyesiz,A1
548,rabbit,tavşan,tavşan eti,acemi oyuncu,A1
549,quiet,sessiz,sakin,huzurlu,A1
550,quickly,hızlıca,çabucak,tezce,A1
551,rule,"kural, kaide","yönetim, idare","yönetmek, hükmetmek",A1
552,question,"soru, sual","sorgulamak, sorguya çekmek","şüphe, sorun",A1
553,ruler,cetvel,"hükümdar, yönetici","lider, devlet başkanı",A1
554,quarter,çeyrek,"mahalle, semt","bölge, kısım",A1
555,run,koşmak,"çalıştırmak, yönetmek","akmak, sürmek",A1
556,put,"koymak, yerleştirmek","takmak, eklemek",ifade etmek,A1
557,push,itmek,"zorlamak, baskı yapmak","itiş, hamle",A1
558,purple,mor,erguvan rengi,mor renkli,A1
559,'s,aitlik eki,sahiplik bildirimi,ek,A1
560,sad,"üzgün, kederli","hüzünlü, acıklı","üzücü, kötü",A1
561,sailor,denizci,tayfa,gemici,A1
562,salad,salata,yeşillik,salatalık malzeme,A1
563,sale,satış,"indirim, ucuzluk",pazarlama,A1
564,same,aynı,farksız,"tıpkı, eş",A1
565,program/programme,program,izlence,programlamak,A1
566,sandwich,sandviç,ekmek arası,sıkıştırmak,A1
567,rainy,yağmurlu,yağışlı,kasvetli,A1
568,problem,"sorun, problem",mesele,"sıkıntı, dert",A1
569,rat,"sıçan, büyük fare",hain,kalleş,A1
570,'re,olmak fiili eki,sizsiniz,biziz,A1
571,result,"sonuç, netice",kaynaklanmak,sonuçlanmak,A1
572,restaurant,restoran,lokanta,yemek salonu,A1
573,review,"inceleme, eleştiri",gözden geçirmek,değerlendirme,A1
574,reporter,muhabir,gazeteci,haberci,A1
575,repeat,tekrar etmek,yinelemek,"tekrar, yineleme",A1
576,remember,hatırlamak,anımsamak,akılda tutmak,A1
577,ribbon,"kurdele, şerit",bağ,şerit bant,A1
578,rice,pirinç,pilav,çeltik,A1
579,rich,zengin,"verimli, bereketli",zengin içerikli,A1
580,ride,binmek,"gezi, sürüş",sürmek,A1
581,right,"sağ, sağ taraf","doğru, haklı","hak, özgürlük",A1
582,ring,yüzük,çalmak,"halka, çember",A1
583,river,"nehir, ırmak",akarsu,"çay, dere",A1
584,red,"kırmızı, al",kızıl,kızarmış,A1
585,role,rol,"görev, işlev",konum,A1
586,reason,"neden, sebep","akıl, mantık",mantık yürütmek,A1
587,really,gerçekten,hakikaten,"aslında, gerçekte",A1
588,room,oda,alan,yer,A1
589,real,"gerçek, hakiki","asıl, öz",somut,A1
590,ready,hazır,istekli,hazırlamak,A1
591,reading,okuma,okuma parçası,okuma eylemi,A1
592,reader,okuyucu,okur,okuma kitabı,A1
593,read,okumak,anlamak,yorumlamak,A1
594,rose,gül,pembe renk,gül ağacı,A1
595,princess,prenses,kraliyet kızı,şehzade kızı,A1
596,prince,prens,şehzade,kraliyet oğlu,A1
597,Saturday,cumartesi,cumartesi günü,cumartesileri,A1
598,play,oynamak,oyun,çalmak,A1
599,plane,uçak,düzlem,rende,A1
600,plan,plan,planlamak,tasarlamak,A1
601,place,yer,mekan,konum,A1
602,pizza,pizza,hamur işi,italyan çöreği,A1
603,pink,pembe,pembe renk,açık kırmızı,A1
604,pig,domuz,domuz eti,obur kimse,A1
605,piece,parça,tane,kısım,A1
606,section,bölüm,kısım,kesit,A1
607,picture,resim,fotoğraf,tablo,A1
608,picnic,piknik,kır yemeği,mesire,A1
609,pick,seçmek,toplamak,koparmak,A1
610,piano,piyano,tuşlu çalgı,piyano sesi,A1
611,see,görmek,anlamak,izlemek,A1
612,photo,fotoğraf,resim,poz,A1
613,phone,telefon,telefon etmek,ahize,A1
614,pet,evcil hayvan,sevmek,okşamak,A1
615,self,kendi,öz,benlik,A1
616,personal,kişisel,şahsi,özel,A1
617,person,kişi,insan,şahıs,A1
618,sell,satmak,satılmak,pazarlamak,A1
619,period,dönem,süre,nokta,A1
620,people,insanlar,halk,millet,A1
621,player,oyuncu,çalgıcı,oynatıcı,A1
622,second,ikinci,saniye,an,A1
623,please,lütfen,memnun etmek,sevindirmek,A1
624,pleasure,zevk,keyif,memnuniyet,A1
625,save,kurtarmak,biriktirmek,kaydetmek,A1
626,price,fiyat,bedel,ücret,A1
627,saw,testere,testereyle kesmek,gördü,A1
628,pretty,sevimli,güzel,oldukça,A1
629,say,söylemek,demek,belirtmek,A1
630,present,hediye,şuan ki,sunmak,A1
631,school,okul,ekol,okutmak,A1
632,pray,dua etmek,yalvarmak,ibadet etmek,A1
633,practice/practise,pratik yapmak,alıştırma yapmak,uygulamak,A1
634,practice,uygulama,pratik,alıştırma,A1
635,science,bilim,ilim,fen,A1
636,name,isim,ad,adlandırmak,A1
637,scientist,bilim insanı,bilimci,bilgin,A1
638,poster,afiş,poster,ilan,A1
639,post,posta,göndermek,direk,A1
640,pop,pop müziği,patlamak,pat sesi,A1
641,poor,fakir,zavallı,kötü,A1
642,pool,havuz,bilardo,gölet,A1
643,pollution,kirlilik,çevre kirliliği,kirletme,A1
644,sea,deniz,derya,dalga,A1
645,point,nokta,puan,işaret etmek,A1
646,poem,şiir,manzume,koşuk,A1
647,pocket,cep,harçlık,cep tipi,A1
648,seat,koltuk,oturacak yer,merkez,A1
649,potato,patates,patates yumrusu,sebze,A1
650,horse,at,beygir,kısrak,A1
651,skirt,etek,kenar,kenarından geçmek,A1
652,sky,gökyüzü,gök,sema,A1
653,king,kral,hükümdar,şah,A1
654,kind,tür,nazik,kibar,A1
655,kill,öldürmek,katletmek,sonlandırmak,A1
656,kid,çocuk,keçi yavrusu,takılmak,A1
657,kick,tekmelemek,tekme,vuruş,A1
658,spy,casus,ajan,gözetlemek,A1
659,key,anahtar,tuş,kilit,A1
660,keep,tutmak,saklamak,korumak,A1
661,just,sadece,henüz,adil,A1
662,June,haziran,haziran ayı,yaz ayı,A1
663,jump,atlamak,sıçramak,atlayış,A1
664,July,temmuz,temmuz ayı,yaz ayı,A1
665,juice,meyve suyu,özsu,suyu,A1
666,stage,sahne,aşama,evre,A1
667,judge,hâkim,yargıç,yargılamak,A1
668,join,katılmak,birleştirmek,üye olmak,A1
669,job,iş,meslek,görev,A1
670,jewelry/jewellery,takı,mücevher,ziynet,A1
671,jet,jet uçağı,püskürtme,fışkırtmak,A1
672,jeans,kot pantolon,kot,kot giysi,A1
673,January,ocak,ocak ayı,kış ayı,A1
674,jacket,ceket,mont,kılıf,A1
675,its,onun,bunun,kendinin,A1
676,kiss,öpücük,öpmek,buse,A1
677,item,öge,madde,parça,A1
678,kitchen,mutfak,yemekhane,aşevi,A1
679,knee,diz,diz kapağı,köşe,A1
680,lesson,ders,ibret,öğüt,A1
681,speech,konuşma,nutuk,söylev,A1
682,spell,hecelemek,büyü,harf söylemek,A1
683,spend,harcamak,vakit geçirmek,tüketmek,A1
684,leg,bacak,ayak,etap,A1
685,left,sol,sol taraf,kalmış,A1
686,leave,ayrılmak,terk etmek,bırakmak,A1
687,learn,öğrenmek,bellemek,duymak,A1
688,leaf,yaprak,sayfa,tabaka,A1
689,leader,lider,önder,başkan,A1
690,lazy,tembel,üşengeç,miskin,A1
691,laugh,gülmek,gülüş,kahkaha,A1
692,later,daha sonra,sonra,sonradan,A1
693,late,geç,gecikmiş,merhum,A1
694,last name,soyadı,soyisim,aile adı,A1
695,large,büyük,geniş,iri,A1
696,sport,spor,sportif faaliyet,eğlence,A1
697,language,dil,lisan,üslup,A1
698,spot,nokta,leke,yer,A1
699,lady,hanımefendi,bayan,hanım,A1
700,spring,ilkbahar,bahar,yay,A1
701,know,bilmek,tanımak,farkında olmak,A1
702,knife,bıçak,kesici alet,bıçaklamak,A1
703,kite,uçurtma,çaylak kuşu,uçurtma uçurmak,A1
704,let,izin vermek,bırakmak,kiralamak,A1
705,stand,ayakta durmak,katlanmak,stant,A1
706,island,ada,izole yer,trafik adası,A1
707,student,öğrenci,talebe,kursiyer,A1
708,study,ders çalışmak,incelemek,çalışma odası,A1
709,imagine,hayal etmek,tasarlamak,sanmak,A1
710,if,eğer,şayet,ise,A1
711,subject,konu,ders,özne,A1
712,ideal,ideal,mükemmel,ülkü,A1
713,idea,fikir,düşünce,görüş,A1
714,ice cream,dondurma,dondurulmuş tatlı,kremalı dondurma,A1
715,ice,buz,buz tutmak,buzlamak,A1
716,I,ben,şahsım,bendeniz,A1
717,subway,metro,yeraltı treni,alt geçit,A1
718,husband,eş,koca,erkek eş,A1
719,hurt,acıtmak,yaralamak,incitmek,A1
720,hurry,acele etmek,telaşlanmak,acele,A1
721,hungry,aç,acıkmış,arzulu,A1
722,successful,başarılı,muvaffak,sonuç veren,A1
723,how,nasıl,ne şekilde,ne derece,A1
724,sugar,şeker,kesme şeker,tatlandırmak,A1
725,house,ev,konut,bina,A1
726,hour,saat,ders saati,zaman,A1
727,hotel,otel,konaklama yeri,han,A1
728,hot,sıcak,acı,kızgın,A1
729,suggestion,öneri,teklif,tavsiye,A1
730,important,önemli,mühim,kayda değer,A1
731,it,o,bunu,ona,A1
732,strong,güçlü,kuvvetli,sağlam,A1
733,strict,katı,sert,titiz,A1
734,is,-dır,olmak,var olmak,A1
735,star,yıldız,ünlü,yıldız şeklinde,A1
736,start,başlamak,başlatmak,başlangıç,A1
737,station,istasyon,gar,santral,A1
738,stay,kalmak,durmak,konaklamak,A1
739,introduce,tanıtmak,tanıştırmak,sunmak,A1
740,into,içine,içeriye,tarafına,A1
741,interviewer,mülakat yapan,röportajcı,görüşmeci,A1
742,interview,mülakat,röportaj,görüşme yapmak,A1
743,Internet/internet,internet,genel ağ,sanal alem,A1
744,interesting,ilginç,ilgi çekici,merak uyandıran,A1
745,interested,ilgili,meraklı,alakadar,A1
746,step,adım,basamak,adım atmak,A1
747,still,hala,yine de,hareketsiz,A1
748,inside,içinde,iç kısım,içeriye,A1
749,stone,taş,çekirdek,taşlamak,A1
750,stop,durmak,durdurmak,durak,A1
751,information,bilgi,malumat,enformasyon,A1
752,store,mağaza,dükkan,depo,A1
753,story,hikaye,öykü,masal,A1
754,straight,düz,doğrudan,dosdoğru,A1
755,strange,garip,tuhaf,yabancı,A1
756,street,cadde,sokak,yol,A1
757,in,içinde,de,da,A1
758,letter,mektup,harf,yazı,A1
759,library,kütüphane,kitaplık,kıraathane,A1
760,life,hayat,yaşam,can,A1
761,smart,akıllı,zeki,şık,A1
762,smell,koklamak,koku,sezmek,A1
763,smile,gülümsemek,gülümseme,tebessüm,A1
764,smith,demirci,ustabaşı,sanatkâr,A1
765,smoke,sigara içmek,duman,tütsülemek,A1
766,mobile phone,cep telefonu,taşınabilir telefon,cep,A1
767,mobile,mobil,taşınabilir,seyyar,A1
768,smoking,sigara içme,tütün,tütsü,A1
769,miss,özlemek,kaçırmak,bayan,A1
770,snake,yılan,kıvrılmak,hain,A1
771,minute,dakika,tutanak,an,A1
772,mine,benimki,maden,mayındır,A1
773,mind,zihin,akıl,umursamak,A1
774,snow,kar,kar yağmak,yağış,A1
775,milk,süt,sağmak,sütlaç,A1
776,middle,orta,merkez,ortadaki,A1
777,snowy,karlı,karlık,karla kaplı,A1
778,so,bu yüzden,böyle,öyle,A1
779,soccer,futbol,ayaktopu,maç,A1
780,message,mesaj,haber,iletgin,A1
781,social,sosyal,toplumsal,kamusal,A1
782,merry,neşkeli,şen,mutlu,A1
783,mom,anne,abla,ana,A1
784,memory,hafıza,bellek,anı,A1
785,moment,an,dakika,süre,A1
786,mommy/mommie,annecik,anne,anacığım,A1
787,must,zorunda olmak,meli,malı,A1
788,musician,müzisyen,müzikçi,icracı,A1
789,music,müzik,musiki,şarkı,A1
790,mum,anne,ana,sessiz,A1
791,much,çok,fazla,pek,A1
792,Mrs./Mrs,bayan,hanım,kadın,A1
793,Mr./Mr,bay,bey,efendi,A1
794,sleep,uyumak,uyku,dinlenmek,A1
795,movie,film,sinema,video,A1
796,move,taşınmak,hareket etmek,hamle,A1
797,mouth,ağız,nefes,giriş,A1
798,mouse,fare,tıklama,kemirgen,A1
799,mountain,dağ,tepe,yığın,A1
800,mother,anne,ana,valide,A1
801,most,en çok,çoğu,en fazla,A1
802,morning,sabah,kuşluk,gün ağarması,A1
803,more,daha,daha çok,fazla,A1
804,moon,ay,kamer,hilal,A1
805,slow,yavaş,ağır,durgun,A1
806,month,ay,kamarî ay,devre,A1
807,monkey,maymun,şebek,cüce,A1
808,money,para,nakit,akçe,A1
809,Monday,Pazartesi,pazartesi günü,haftanın ilk günü,A1
810,small,küçük,ufak,minik,A1
811,sofa,kanepe,koltuk,divan,A1
812,meeting,toplantı,buluşma,oturum,A1
813,meet,tanışmak,buluşmak,karşılamak,A1
814,lunch,öğle yemeği,kuşluk yemeği,öğle paydosu,A1
815,soup,çorba,aş,sulubeyin,A1
816,lucky,şanslı,talihli,uğurlu,A1
817,luck,şans,talih,uğur,A1
818,lovely,güzel,sevimli,hoş,A1
819,love,sevgi,aşk,sevmek,A1
820,lot,çok,parti,kura,A1
821,look,bakmak,görünmek,aramak,A1
822,long,uzun,uzatmalı,özlemek,A1
823,lonely,yalnız,kimsesiz,ıssız,A1
824,living room,oturma odası,salon,oturma salonu,A1
825,living,yaşayan,geçim,hayat,A1
826,live,yaşamak,oturmak,canlı,A1
827,little,küçük,az,ufak,A1
828,listen,dinlemek,kulak vermek,itaat etmek,A1
829,list,liste,cetvel,sıralamak,A1
830,lion,aslan,arslan,cesur kimse,A1
831,line,çizgi,hat,sıra,A1
832,speak,konuşmak,söylemek,nutuk atmak,A1
833,lily,zambak,nilüfer,ak zambak,A1
834,like,beğenmek,sevmek,gibi,A1
835,special,özel,has,hususi,A1
836,light,ışık,hafif,aydınlık,A1
837,'m,ım,im,um,A1
838,machine,makine,aygıt,makina,A1
839,sorry,üzgün,özür dilerim,pişman,A1
840,magazine,dergi,mecmua,mühimmat deposu,A1
841,medicine,ilaç,tıp,deva,A1
842,meat,et,kuşbaşı,gıdım,A1
843,mean,anlamına gelmek,cimri,kastetmek,A1
844,meal,öğün,yemek,ziyafet,A1
845,me,beni,bana,ben,A1
846,maybe,belki,olabilir,olur ya,A1
847,May,Mayıs,mayıs ayı,bahar ayı,A1
848,matter,mesele,madde,önemli olmak,A1
849,math/maths,matematik,hesap,riyaziye,A1
850,match,maç,kibrit,eşleşmek,A1
851,my,benim,benimki,özmalım,A1
852,solve,çözmek,halletmek,aydınlatmak,A1
853,someone,biri,birisi,kimse,A1
854,March,mart,mart ayı,yürüyüş,A1
855,something,bir şey,bazı şeyler,nesne,A1
856,map,harita,plan,haritalamak,A1
857,many,birçok,çok,nice,A1
858,son,oğul,evlat,erkek evlat,A1
859,song,şarkı,türkü,beste,A1
860,man,adam,erkek,insan,A1
861,soon,yakında,az sonra,çabucak,A1
862,make,yapmak,etmek,oluşturmak,A1
863,mail,posta,e-posta,mektup,A1
864,some,bazı,birkaç,biraz,A1
865,bus,otobüs,şehirlerarası otobüs,yolcu otobüsü,A1
866,game,oyun,maç,müsabaka,A1
867,bike,bisiklet,motosiklet,çift teker,A1
868,Wednesday,çarşamba,çarşamba günü,haftanın ortası,A1
869,yellow,sarı,sarı renk,sararmış,A1
870,better,daha iyi,iyice,daha güzel,A1
871,between,arasında,ikisi arasında,ortasında,A1
872,back,arka,sırt,geri,A1
873,boring,sıkıcı,bunalımlı,usandırıcı,A1
874,borrow,ödünç almak,borç almak,emanet almak,A1
875,bridge,köprü,köprü kurmak,geçit,A1
876,add,eklemek,ilave etmek,toplamak,A1
877,baby,bebek,yavru,küçük çocuk,A1
878,album,albüm,müzik albümü,fotoğraf albümü,A1
879,bright,parlak,açık,ışıltılı,A1
880,big,büyük,iri,önemli,A1
881,year,yıl,sene,yaş,A1
882,bicycle,bisiklet,iki tekerlekli,pedallı taşıt,A1
883,wall,duvar,sur,engel,A1
884,anything,herhangi bir şey,hiçbir şey,bir şey,A1
885,anyone,kimse,herhangi biri,hiçbiri,A1
886,break,kırmak,ara,mola,A1
887,any,herhangi,hiç,bazı,A1
888,bag,çanta,torba,poşet,A1
889,breakfast,kahvaltı,sabah kahvaltısı,kahvaltı yapmak,A1
890,anybody,kimse,herhangi biri,hiç kimse,A1
891,actor,aktör,erkek oyuncu,oyuncu,A1
892,all right,peki,olur,tamam,A1
893,all,tümü,hepsi,bütün,A1
894,yes,evet,peki,olur,A1
895,both,ikisi de,her ikisi,hem,A1
896,best,en iyi,en iyisi,başlıca,A1
897,which,hangi,hangisi,ki o,A1
898,bad,kötü,fena,zararlı,A1
899,breathe,nefes almak,soluk almak,soluklanmak,A1
900,week,hafta,yedi gün,haftalık süre,A1
901,walk,yürümek,yürüyüş,yürüyüş yapmak,A1
902,bring,getirmek,kazandırmak,sebep olmak,A1
903,with,ile,beraber,sahip,A1
904,away,uzakta,uzağa,gitmiş,A1
905,brother,erkek kardeş,abi,kardaş,A1
906,birth,doğum,doğuş,köken,A1
907,agree,aynı fikirde olmak,anlaşmak,kabul etmek,A1
908,was,idi,oldu,bulunuyordu,A1
909,wash,yıkamak,yıkanmak,yıkama,A1
910,wish,dilemek,istemek,arzu,A1
911,birthday,doğum günü,yaş günü,doğum yıldönümü,A1
912,above,yukarıda,üzerinde,yukarı,A1
913,whose,kimin,ninenin,aiyet zamiri,A1
914,ago,önce,evvel,geçmişte,A1
915,why,neden,niçin,niye,A1
916,brown,kahverengi,esmer,kumral,A1
917,wear,giymek,takınmak,aşındırmak,A1
918,biscuit,bisküvi,kurabiye,peksimet,A1
919,April,Nisan,Nisan ayı,bahar ayı,A1
920,who,kim,ki,kimi,A1
921,activity,etkinlik,faaliyet,aktivite,A1
922,white,beyaz,ak,aklık,A1
923,August,Ağustos,Ağustos ayı,yaz ayı,A1
924,awake,uyanık,uyanmak,ayıklamak,A1
925,apple,elma,elma ağacı,meyve,A1
926,wake,uyanmak,uyandırmak,cenaze töreni,A1
927,waitress,garson,kadın garson,barmen,A1
928,bookstore,kitabevi,kitapçı,kitap dükkanı,A1
929,autumn,sonbahar,güz,hazan,A1
930,waiter,garson,komi,servis elemanı,A1
931,address,adres,hitap etmek,nutuk,A1
932,weather,hava,hava durumu,iklim,A1
933,wait,beklemek,bekleyiş,duraklamak,A1
934,yard,avlu,bahçe,yarda,A1
935,airport,havalimanı,havaalanı,uçak limanı,A1
936,airplane/aeroplane,uçak,tayyare,hava taşıtı,A1
937,broken,kırık,bozuk,parçalanmış,A1
938,aunt,hala,teyze,yenge,A1
939,bird,kuş,manya,uçucu,A1
940,beside,yanında,yakınında,öte,A1
941,bottle,şişe,damacana,şişelemek,A1
942,worry,endişelenmek,merak etmek,kaygı,A1
943,baseball,beyzbol,beyzbol topu,beyzbol oyunu,A1
944,welcome,hoş geldin,karşılamak,memnuniyetle,A1
945,you,sen,siz,sizi,A1
946,because,çünkü,nedeniyle,zira,A1
947,am,im,yım,olmak,A1
948,boyfriend,erkek arkadaş,sevgili,nişanlı,A1
949,always,her zaman,daima,hep,A1
950,were,idi,oldular,bulunuyorlardı,A1
951,boy,erkek çocuk,oğlan,evlat,A1
952,become,olmak,hâline gelmek,dönüşmek,A1
953,bed,yatak,karyola,nehir yatağı,A1
954,angry,kızgın,öfkeli,sinirli,A1
955,world,dünya,cihan,alem,A1
956,bedroom,yatak odası,yatak odası,özel oda,A1
957,bee,arı,bal arısı,çalışkan kişi,A1
958,and,ve,ile,hem de,A1
959,beef,sığır eti,dana eti,et,A1
960,beautiful,güzel,hoş,harika,A1
961,war,savaş,harp,mücadele,A1
962,be,olmak,bulunmak,var olmak,A1
963,work,çalışmak,iş,eser,A1
964,bathroom,banyo,tuvalet,lavabo,A1
965,an,bir,herhangi bir,tek,A1
966,beach,plaj,kumsal,sahil,A1
967,bath,banyo,yıkanma,küvet,A1
968,worker,işçi,çalışan,emekçi,A1
969,yogurt/yoghurt,yoğurt,süzme yoğurt,ayran,A1
970,bat,yarasa,sopa,raket,A1
971,brain,beyin,kafa,zeka,A1
972,basketball,basketbol,basketbol topu,basketbol maçı,A1
973,well,iyi,kuyu,pekala,A1
974,bean,fasulye,baklagil,çekirdek,A1
975,bear,ayı,taşımak,katlanmak,A1
976,want,istemek,arzulamak,ihtiyaç duymak,A1
977,wonderful,harika,şahane,mükemmel,A1
978,black,siyah,kara,zenci,A1
979,animal,hayvan,canlı,mahluk,A1
980,box,kutu,sandık,boks yapmak,A1
981,band,müzik grubu,bant,şerit,A1
982,banana,muz,muz ağacı,muz sarısı,A1
983,wheel,tekerlek,direksiyon,çark,A1
984,action,eylem,hareket,aksiyon,A1
985,yesterday,dün,geçmiş gün,dünkü gün,A1
986,along,boyunca,yanında,beraber,A1
987,weekend,hafta sonu,tatil,cumartesi pazar,A1
988,when,ne zaman,-dığında,iken,A1
989,alone,yalnız,tek başına,kimsesiz,A1
990,almost,neredeyse,az kalsın,yaklaşık,A1
991,ball,top,balo,küre,A1
992,where,nerede,nereye,yer,A1
993,bottom,alt,dip,taban,A1
994,yours,senin,sizinki,seninki,A1
995,yourself,kendin,kendiniz,özne,A1
996,bread,ekmek,para,geçim,A1
997,before,önce,-den önce,evvel,A1
998,your,senin,sizin,onların,A1
999,bank,banka,nehir kıyısı,set,A1
1000,begin,başlamak,başlatmak,girişmek,A1
1001,young,genç,yaşlı olmayan,körpe,A1
1002,behind,arkasında,geride,artında,A1
1003,yet,henüz,daha,hâlâ,A1
1004,what,ne,hangi,ne tür,A1
1005,bowl,kâse,çanak,tas,A1
1006,also,de,da,ayrıca,A1
1007,woman,kadın,bayan,hanım,A1
1008,another,diğer,başka,bir diğeri,A1
1009,answer,cevap,yanıt,karşılık,A1
1010,bar,bar,çubuk,kahvehane,A1
1011,believe,inanmak,güvenmek,kanmak,A1
1012,bell,zil,çan,kampana,A1
1013,warm,ılık,sıcak,samimi,A1
1014,already,zaten,çoktan,şimdiye dek,A1
1015,below,aşağıda,altında,aşağı,A1
1016,apron,önlük,önlük tarzı,mutfak önlüğü,A1
1017,word,kelime,sözcük,laf,A1
1018,are,dir,dır,sın,A1
1019,bone,kemik,kılçık,çatı,A1
1020,again,tekrar,yeniden,bir daha,A1
1021,a.m./A.M./am/AM,öğleden önce,sabah,öğle öncesi,A1
1022,window,pencere,cam,vitrin,A1
1023,building,bina,yapı,inşaat,A1
1024,brush,fırça,fırçalamak,çalı,A1
1025,wrong,yanlış,hatalı,kötü,A1
1026,afternoon,öğleden sonra,gün ortası,ikindi,A1
1027,write,yazmak,kaleme almak,kaydetmek,A1
1028,winter,kış,kış mevsimi,soğuk mevsim,A1
1029,age,yaş,çağ,devir,A1
1030,blow,üflemek,esmek,darbe,A1
1031,burger,hamburger,et ekmek,burger,A1
1032,afraid,korkmuş,korkan,endişeli,A1
1033,board,tahta,kurul,pano,A1
1034,build,inşa etmek,yapmak,kurmak,A1
1035,wife,eş,karı,zevce,A1
1036,body,vücut,gövde,ceset,A1
1037,arm,kol,silahlanmak,uzuv,A1
1038,we,biz,bizler,kendimiz,A1
1039,at,de,da,deki,A1
1040,boat,tekne,kayık,bot,A1
1041,book,kitap,yer ayırtmak,rezervasyon,A1
1042,article,makale,madde,yazı,A1
1043,bucket,kova,maşrapa,hazne,A1
1044,block,blok,engellemek,yapı,A1
1045,ask,sormak,istemek,talep etmek,A1
1046,writer,yazar,katip,muharrir,A1
1047,blue,mavi,gök rengi,üzgün,A1
1048,water,su,sulamak,abdest,A1
1049,after,sonra,arkasından,peşinden,A1
1050,way,yol,tarz,yöntem,A1
1051,volleyball,voleybol,voleybol oyunu,voleybol topu,A1
1052,zoo,hayvanat bahçesi,vahşi yaşam parkı,hayvan parkı,A1
1053,blank,boş,boşluk,ifadesiz,A1
1054,wind,rüzgar,esinti,kurmak,A1
1055,around,etrafında,civarında,çevresinde,A1
1056,about,hakkında,yaklaşık,üzerine,A1
1057,will,-ecek,irade,vasiyet,A1
1058,win,kazanmak,galip gelmek,başarmak,A1
1059,vote,oy,oy vermek,seçim oyu,A1
1060,art,sanat,sanat eseri,güzel sanatlar,A1
1061,would,-ecekti,-erdi,isterdi,A1
1062,arrive,varınak,gelmek,ulaşmak,A1
1063,watch,izlemek,kol saati,gözetlemek,A1
1064,as,olarak,gibi,iken,A1
1065,fancy,süslü,lüks,hayal etmek,A2
1066,worldwide,dünya çapında,küresel,dünya genelinde,A2
1067,downtown,şehir merkezi,çarşı,merkezde,A2
1068,fast food,hazır yemek,hızlı yemek,büfe yemeği,A2
1069,skiing,kayak,kayak yapmak,kış sporu,A2
1070,nature,doğa,tabiat,yaradılış,A2
1071,natural,doğal,tabii,katkısız,A2
1072,fantastic,şahane,harika,fantastik,A2
1073,text message,kısa mesaj,mesaj,sms,A2
1074,terrorist,terörist,eylemci,bölücü,A2
1075,behavior/behaviour,davranış,tutum,hareket,A2
1076,fascinating,büyüleyici,hayran bırakıcı,çok çekici,A2
1077,fashion,moda,giyim tarzı,akım,A2
1078,ski,kayak,kayak yapmak,kar kayağı,A2
1079,doubt,şüphe,kuşku,şüphelenmek,A2
1080,nearly,neredeyse,yaklaşık olarak,az kalsın,A2
1081,text,metin,yazı,mesaj göndermek,A2
1082,skating,paten kayma,paten,buz pateni,A2
1083,being,varlık,canlı,oluş,A2
1084,necessary,gerekli,lüzumlu,şart,A2
1085,skateboarding,kaykay,kaykay sürme,kaykay sporu,A2
1086,fare,yol ücreti,bilet ücreti,ücret,A2
1087,far,uzak,öte,çok,A2
1088,download,indirmek,yüklemek,dosya indirme,A2
1089,track,iz,pisti,takip etmek,A2
1090,downstairs,alt kat,alt kata,aşağıda,A2
1091,affair,mesele,ilişki,olay,A2
1092,blackboard,kara tahta,yazı tahtası,tahta,A2
1093,alright,peki,tamam,iyi,A2
1094,nervous,sinirli,gergin,kaygılı,A2
1095,sitting room,oturma odası,salon,oturma salonu,A2
1096,weigh,tartmak,ağırlığında olmak,tartılmak,A2
1097,net,ağ,file,net,A2
1098,drawer,çekmece,göz,taslakçı,A2
1099,theirs,onlarınki,onların,kendilerinin,A2
1100,weep,ağlamak,sızlanmak,gözyaşı dökmek,A2
1101,weekly,haftalık,haftada bir,haftalık dergi,A2
1102,drawing,çizim,resim,kurumaca,A2
1103,themselves,kendileri,kendilerini,kendi kendilerine,A2
1104,extremely,aşırı derecede,son derece,oldukça,A2
1105,tour guide,turist rehberi,rehber,gezgin kılavuzu,A2
1106,tour,tur,gezisi,dolaşmak,A2
1107,extra,fazladan,ekstra,ilave,A2
1108,wave,dalga,el sallamak,dalgalanmak,A2
1109,overweight,kilolu,aşırı kilolu,fazla tartı,A2
1110,situation,durum,vaziyet,konum,A2
1111,overseas,aşırı,denizaşırı,yurt dışı,A2
1112,textbook,ders kitabı,okul kitabı,derslik kitabı,A2
1113,familiar,tanıdık,aşina,bildik,A2
1114,belly,karın,göbek,karın bölgesi,A2
1115,belong,ait olmak,yeri olmak,sahip olmak,A2
1116,fault,hata,kusur,suç,A2
1117,fall,düşmek,sonbahar,yıkılmak,A2
1118,negative,olumsuz,eksi,negatif,A2
1119,skate,paten,kaymak,paten yapmak,A2
1120,toward/towards,e doğru,yönelik,karşı,A2
1121,fairly,oldukça,adilane,insaflıca,A2
1122,shell,kabuk,deniz kabuğu,kovuk,A2
1123,belt,kemer,kuşak,kayış,A2
1124,fail,başarısız olmak,kalmak,yetmemek,A2
1125,bench,bank,oturak,çalışma masası,A2
1126,tourist,turist,gezgin,seyyah,A2
1127,weight,ağırlık,kilo,siklet,A2
1128,fact,gerçek,olgu,hakikat,A2
1129,bend,eğilmek,bükmek,viraj,A2
1130,native,yerli,anadili,doğal,A2
1131,trade,ticaret,takas,meslek,A2
1132,beginning,başlangıç,baş,ilk,A2
1133,mostly,çoğunlukla,genellikle,ekseriyetle,A2
1134,fix,düzeltmek,tamir etmek,sabitlemek,A2
1135,slide,kaymak,slayt,kaydırak,A2
1136,fit,uymak,zinde,sağlıklı,A2
1137,fisherman,balıkçı,avcı,balık avcısı,A2
1138,slice,dilim,dilimlemek,pay,A2
1139,motorway,otoyol,otoban,ana yol,A2
1140,first name,ad,isim,ilk ad,A2
1141,ambition,hırs,tutku,hedef,A2
1142,temperature,sıcaklık,ateş,derece,A2
1143,advertising,reklam,reklamcılık,tanıtım,A2
1144,sleepy,uykulu,uykusu gelmiş,uyku basmış,A2
1145,boiled,haşlanmış,kaynatılmış,haşlama,A2
1146,sleepless,uykusuz,uykusuzluk,gözüne uyku girmemiş,A2
1147,MP3 player,mp3 çalar,müzik çalar,mp3 oynatıcı,A2
1148,boil,kaynatmak,haşlamak,kaynamak,A2
1149,dizzy,başı dönen,sersem,baş dönmesi,A2
1150,advertisement,reklam,ilan,duyuru,A2
1151,teenage,ergen,genç,delikanlı,A2
1152,bay,körfez,koy,bay,A2
1153,pan,tava,yayvan kap,sahan,A2
1154,tear,gözyaşı,yırtmak,sökük,A2
1155,training,eğitim,antrenman,staj,A2
1156,disturb,rahatsız etmek,bozmak,kaygılandırmak,A2
1157,pal,kanka,dost,arkadaş,A2
1158,mood,ruh hali,mod,akis,A2
1159,flour,un,toz,değirmen ürünü,A2
1160,shampoo,şampuan,yıkamak,saç yıkamak,A2
1161,teenager,ergen,genç,delikanlı,A2
1162,flood,sel,su baskını,akın,A2
1163,float,yüzmek,su üstünde durmak,şamandıra,A2
1164,flight,uçuş,merdiven,kaçış,A2
1165,painter,ressam,boyacı,sanatçı,A2
1166,divide,bölmek,ayırmak,paylaştırmak,A2
1167,slim,ince,zayıf,narin,A2
1168,shape,şekil,biçim,form,A2
1169,mosque,cami,mescit,ibadethane,A2
1170,flea,pire,böcek,parazit,A2
1171,among,arasında,içinde,ortasında,A2
1172,beauty,güzellik,çekicilik,güzel şey,A2
1173,Ms./Ms,bayan,hanım,kadın,A2
1174,mug,kupa,büyük bardak,fincan,A2
1175,mystery,gizem,sir,bilmece,A2
1176,beer,bira,arpa suyu,içki,A2
1177,fence,çit,engel,parmaklık,A2
1178,female,dişi,kadın,kız,A2
1179,tradition,gelenek,anane,töre,A2
1180,beg,yalvarmak,dilenmek,rica etmek,A2
1181,been,olmuş,bulunmuş,gitti gelmiş,A2
1182,napkin,peçete,sofra bezi,kağıt mendil,A2
1183,fee,ücret,harç,aidat,A2
1184,beginner,acemi,yeni başlayan,çırak,A2
1185,terrify,korkutmak,dehşete düşürmek,ödünü koparmak,A2
1186,feature,özellik,unsur,niteliğinde olmak,A2
1187,feather,tüy,kuş tüyü,yelpaze,A2
1188,nation,millet,ulus,halk,A2
1189,fear,korku,korkmak,kaygı,A2
1190,national,milli,ulusal,vatansal,A2
1191,double,çift,iki kat,ikiz,A2
1192,mysterious,gizemli,esrarengiz,sirli,A2
1193,few,az,birkaç,seyrek,A2
1194,myself,kendim,bizzat,şahsım,A2
1195,slave,köle,kul,esir,A2
1196,advice,tavsiye,öğüt,nasihat,A2
1197,finally,sonunda,nihayet,en son,A2
1198,final,son,final,kesin,A2
1199,murder,cinayet,öldürmek,katliam,A2
1200,film,film,şerit,sinema,A2
1201,museum,müze,sergi alanı,sanat galerisi,A2
1202,mushroom,mantar,mantar biçimi,hızla büyümek,A2
1203,board game,kutu oyunu,masa oyunu,tahta oyunu,A2
1204,pack,paketlemek,sırt çantası,deste,A2
1205,pacific,pasifik,büyük okyanus,sakin,A2
1206,traffic light,trafik lambası,trafik ışığı,ışıklar,A2
1207,figure,figür,rakam,şekil,A2
1208,done,yapılmış,tamamlanmış,pişmiş,A2
1209,musical,müzikal,müzikle ilgili,müziksel,A2
1210,traffic,trafik,araç yoğunluğu,nakliye,A2
1211,fighter,savaşçı,dövüşçü,mücadeleci,A2
1212,advise,tavsiye etmek,öğüt vermek,önermek,A2
1213,traditional,geleneksel,ananevi,adetlere uygun,A2
1214,fiction,kurgu,roman,hikaye,A2
1215,although,rağmen,se de,halbuki,A2
1216,favor/favour,iyilik,kayırmak,taraf tutmak,A2
1217,dressed,giyinik,giyinmiş,süslenmiş,A2
1218,shine,parlamak,ışııldamak,parıltı,A2
1219,next,sonraki,gelecek,yanında,A2
1220,entertainment,eğlence,gösteri,ovunç,A2
1221,till,kadar,e kadar,yazıhane,A2
1222,enter,girmek,katılmak,kaydetmek,A2
1223,orphan,öksüz,yetim,kimsesiz,A2
1224,enough,yeterli,kâfi,yeterince,A2
1225,enormous,devasa,çok büyük,kocaman,A2
1226,sightseeing,şehir turu,gezi,turistik gezi,A2
1227,occupation,meslek,iş,işgal,A2
1228,blanket,battaniye,örtü,kaplamak,A2
1229,offer,teklif etmek,sunmak,öneri,A2
1230,air,hava,havalandırmak,atmosfer,A2
1231,official,resmi,yetkili,memur,A2
1232,worst,en kötü,en fena,en şer,A2
1233,oil,sıvı yağ,petrol,yağlamak,A2
1234,against,karşı,aleyhinde,zıttı,A2
1235,energetic,enerjik,dinamik,canlı,A2
1236,timetable,zaman çizelgesi,tarife,ders programı,A2
1237,ahead,ileride,önde,önce,A2
1238,shot,atış,iğne,fotoğraf karesi,A2
1239,olive oil,zeytinyağı,zeytin yağı,zeytinyağ,A2
1240,tights,tayt,külotlu çorap,çorap,A2
1241,envelope,zarf,mahfaza,örtü,A2
1242,oak,meşe,meşe ağacı,meşe odunu,A2
1243,shore,sahil,kıyı,yalı,A2
1244,toothache,diş ağrısı,diş sızısı,diş ağrıması,A2
1245,silly,aptalca,dalavere,sarsak,A2
1246,essay,makale,kompozisyon,deneme,A2
1247,especially,özellikle,bilhassa,en çok,A2
1248,silently,sessizce,sessiz bir şekilde,suskunca,A2
1249,escape,kaçmak,kurtulmak,firar,A2
1250,escalator,yürüyen merdiven,hareketli merdiven,merdiven,A2
1251,entrance,giriş,kapı,başlangıç,A2
1252,silence,sessizlik,suskunluk,sükunet,A2
1253,tidy,düzenli,derli toplu,toparlamak,A2
1254,short/shorts,kısa,şort,eksik,A2
1255,tie,kravat,bağlamak,bağ,A2
1256,out of,-den dışarı,içinde değil,tükenmiş,A2
1257,ourselves,kendimiz,kendimizi,bizzat,A2
1258,significant,önemli,anlamlı,ciddi,A2
1259,episode,bölüm,sahne,olay,A2
1260,envy,kıskançlık,gıpta,kıskanmak,A2
1261,error,hata,yanlış,kusur,A2
1262,silver,gümüş,gümüş rengi,gümüşten,A2
1263,tip,bahşiş,uç,ipucu,A2
1264,email,e-posta,elektronik posta,e-posta göndermek,A2
1265,elsewhere,başka yerde,başkası,başka bir yere,A2
1266,title,başlık,unvan,ad,A2
1267,toast,tost,kızarmış ekmek,kadeh kaldırmak,A2
1268,bit,parça,biraz,kısım,A2
1269,elevator,asansör,yük kaldırma,mağaza,A2
1270,elephant,fil,iri hayvan,hortumlu,A2
1271,bite,ısırmak,lokma,sokmak,A2
1272,toe,ayak parmağı,ayak ucu,parmak,A2
1273,organized/organised,düzenli,organize,planlı,A2
1274,agent,ajan,temsilci,acente,A2
1275,electric,elektrik,elektrikli,cazibeli,A2
1276,aged,yaşlı,- yaşında,eski,A2
1277,elderly,yaşlı,yaşlıca,ihtiyar,A2
1278,blame,suç,suçlamak,kabahat,A2
1279,organize/organise,düzenlemek,organize etmek,planlamak,A2
1280,effort,çaba,gayret,emek,A2
1281,agency,ajans,acente,teşkilat,A2
1282,endangered,tehlike altında,nesli tükenen,tehlikeli,A2
1283,shout,bağırmak,haykırmak,bağırış,A2
1284,oppose,karşı çıkmak,itiraz etmek,muhalefet etmek,A2
1285,Olympic,olimpik,olimpiyat,oyun,A2
1286,encourage,teşvik etmek,cesaretlendirmek,desteklemek,A2
1287,omelet/omelette,omlet,yumurta yemeği,kahvaltılık,A2
1288,editor,editör,yayın yönetmeni,müحerrir,A2
1289,shut,kapatmak,kapalı,örtmek,A2
1290,tone,ton,renk tonu,ses tonu,A2
1291,empty,boş,boşaltmak,ıssız,A2
1292,opposite,karşı,zıt,karşıt,A2
1293,original,orijinal,asıl,özgün,A2
1294,online,çevrim içi,bağlantıda,internet üzerinden,A2
1295,education,eğitim,öğrenim,yetiştirme,A2
1296,educational,eğitici,eğitimsel,öğretici,A2
1297,emergency,acil durum,acil,fevkalade hal,A2
1298,operate,çalıştırmak,ameliyat etmek,faaliyet göstermek,A2
1299,opinion,fikir,görüş,düşünce,A2
1300,effect,etki,sonuç,izlenim,A2
1301,opportunity,fırsat,uygun zaman,vesile,A2
1302,embarrassing,utandırıcı,güç duruma sokan,mahcup edici,A2
1303,onion,soğan,soğan bitkisi,soğan başı,A2
1304,establish,kurmak,tesis etmek,temel atmak,A2
1305,thunderstorm,gök gürültülü fırtına,tiyatro,bora,A2
1306,similar,benzer,aynı,tıpkı,A2
1307,thief,hırsız,oğru,soyguncu,A2
1308,duck,ördek,eğilmek,başını sokmak,A2
1309,oven,fırın,ocak,tandır,A2
1310,expect,beklemek,ummak,tahmin etmek,A2
1311,shock,şok,sarsıntı,şoke etmek,A2
1312,during,boyunca,esnasında,sırasında,A2
1313,drugstore,eczane,ıtriyatçı,ilaç dükkanı,A2
1314,no one,hiç kimse,kimse,hiçbiri,A2
1315,single,tek,bekar,yalnız,A2
1316,exist,var olmak,yaşamak,bulunmak,A2
1317,singing,şarkı söyleme,ötüş,vokal,A2
1318,exhibition,sergi,fuar,teşhir,A2
1319,third,üçüncü,üçte bir,üçüncü kişi,A2
1320,nobody,hiç kimse,kimse,önemsiz kimse,A2
1321,alive,canlı,yaşayan,faal,A2
1322,dust,toz,toprak,tozunu almak,A2
1323,drug,ilaç,uyuşturucu,hap,A2
1324,blood,kan,soy,can,A2
1325,allow,izin vermek,müsaade etmek,olanak tanımak,A2
1326,expression,ifade,anlatım,deyim,A2
1327,express,ifade etmek,açıklamak,ekspres,A2
1328,next to,bitişiğinde,yanında,yakınında,A2
1329,drill,matkap,tatbikat,delmek,A2
1330,bloom,çiçek açmak,çiçek,parlaklık,A2
1331,therefore,bu yüzden,dolayısıyla,ondan dolayı,A2
1332,driver's license/driving licence,ehliyet,sürücü belgesi,sürücü vesikası,A2
1333,blonde,sarışın,açık sarı saç,sarışın kimse,A2
1334,weekday,hafta içi,hafta günü,mesai günü,A2
1335,wealth,servet,zenginlik,bolluk,A2
1336,explanation,açıklama,izahat,tabir,A2
1337,explain,açıklamak,izah etmek,anlatmak,A2
1338,expert,uzman,bilirkişi,usta,A2
1339,besides,ayrıca,üstelik,başka,A2
1340,sink,lavabo,batmak,eviye,A2
1341,experience,deneyim,tecrübe,yaşamak,A2
1342,singular,tekil,tek,olağanüstü,A2
1343,explore,keşfetmek,incelemek,araştırmak,A2
1344,noisy,gürültülü,patırtılı,sesli,A2
1345,thirsty,susamış,su istemek,istekli,A2
1346,shoot,ateş etmek,vurmak,çekim yapmak,A2
1347,evidence,kanıt,delil,emare,A2
1348,fog,sis,pus,duman,A2
1349,web page,web sayfası,internet sayfası,ağ sayfası,A2
1350,novel,roman,yeni,değişik,A2
1351,bill,hesap,fatura,tasarı,A2
1352,earth,dünya,yer,toprak,A2
1353,earthquake,deprem,yer sarsıntısı,zelzele,A2
1354,toothbrush,diş fırçası,fırça,diş temizleme aleti,A2
1355,alarm clock,çalar saat,uyandırıcı saat,alarm,A2
1356,simply,sadece,basitçe,kolayca,A2
1357,easily,kolayca,rahatlıkla,kolaylıkla,A2
1358,web,ağ,internet,örümcek ağı,A2
1359,simple,basit,kolay,yalın,A2
1360,nowadays,şu sıralar,bugünlerde,bu aralar,A2
1361,even,bile,hatta,çift,A2
1362,euro,avro,euro,avrupa para birimi,A2
1363,alarm,alarm,uyarı,ikaz,A2
1364,east,doğu,şark,doğu yönü,A2
1365,aisle,koridor,geçit,sıra arası,A2
1366,ever,hiç,her zaman,daima,A2
1367,noun,isim,ad,ad kökü,A2
1368,earring,küpe,kulak süsü,kulaklık,A2
1369,exactly,kesinlikle,tam olarak,aynen,A2
1370,since,den beri,den ötürü,madem ki,A2
1371,wedding,düğün,nikah,evlenme töreni,A2
1372,noon,öğle,öğle vakti,gün ortası,A2
1373,normal,normal,olağan,sıradan,A2
1374,beyond,ötesinde,öte,aşırı,A2
1375,north,kuzey,kuzey yönü,poyraz,A2
1376,exchange,değiş توkuş,takas,döviz bürosu,A2
1377,though,rağmen,se de,halbuki,A2
1378,thought,düşünce,fikir,akıl,A2
1379,except,hariç,başka,elden,A2
1380,weak,zayıf,güçsüz,kuvvetsiz,A2
1381,thousand,bin,binlik,bin sayı,A2
1382,website,internet sitesi,web sitesi,ağ sayfası,A2
1383,shop assistant,tezgahtar,satış elemanı,mağaza görevlisi,A2
1384,worse,daha kötü,daha fena,daha fena durumda,A2
1385,exam,sınav,imtihan,test,A2
1386,earn,kazanmak,gelir elde etmek,hak etmek,A2
1387,notice,fark etmek,duyuru,ilan,A2
1388,worried,endişeli,kaygılı,meraklı,A2
1389,ending,son,bitiş,sonlandırma,A2
1390,ancient,antik,kadim,çok eski,A2
1391,follow,takip etmek,izlemek,ardından gitmek,A2
1392,wide,geniş,enli,ferah,A2
1393,attention,dikkat,ilgi,özen,A2
1394,suit,takım elbise,uymak,yakışmak,A2
1395,suitable,uygun,elverişli,müsait,A2
1396,horror,korku,dehşet,korkunçluk,A2
1397,left-hand,sol taraf,sol,soldaki,A2
1398,wise,bilge,akıllı,münevver,A2
1399,appropriate,uygun,yerinde,münasip,A2
1400,suitcase,bavul,valiz,seyahat çantası,A2
1401,attitude,tutum,davranış,tavır,A2
1402,honor/honour,onur,şeref,saygı,A2
1403,honey,bal,canım,tatlım,A2
1404,speed,hız,sürat,çabukluk,A2
1405,leisure,boş zaman,dinlence,serbest zaman,A2
1406,lemon,limon,sarısı,ekşi meyve,A2
1407,summary,özet,hulasası,netice,A2
1408,lemonade,limonata,limonlu içecek,serinletici içecek,A2
1409,lend,ödünç vermek,borç vermek,sağlamak,A2
1410,attractive,çekici,cazibeli,alımlı,A2
1411,whom,kimi,kime,kiminle,A2
1412,whole,bütün,tüm,tufeyli,A2
1413,less,daha az,az,eksik,A2
1414,host,ev sahibi,sunucu,ağırlayan,A2
1415,leather,deri,kösele,cilt,A2
1416,suggest,önermek,ileri sürmek,tavsiye etmek,A2
1417,split,bölmek,ayırmak,yarılmak,A2
1418,law,hukuk,kanun,yasa,A2
1419,atom,atom,zerre,ufaklık,A2
1420,splash,sıçratmak,şapırtı,su sıçratma,A2
1421,lawyer,avukat,hukukçu,şer'i,A2
1422,laziness,tembellik,üşengeçlik,ıssızlık,A2
1423,succeed,başarmak,başarılı olmak,yerini almak,A2
1424,hunter,avcı,takipçi,av köpeği,A2
1425,lead,önderlik etmek,kurşun,yönlendirmek,A2
1426,hundred,yüz,yüzlü,yüz rakamı,A2
1427,success,başarı,muvaffakiyet,kazanç,A2
1428,attack,saldırı,hücum,atak,A2
1429,successfully,başarıyla,muvaffakiyetle,iyi bir şekilde,A2
1430,such,böyle,şu,böylesine,A2
1431,sudden,ani,birdenbire,ansızın,A2
1432,human,insan,beşer,insani,A2
1433,burn,yanmak,yakmak,tutuşturmak,A2
1434,hug,sarılmak,kucaklamak,kucak,A2
1435,however,ancak,fakat,bununla birlikte,A2
1436,wisdom,bilgelik,hikmet,akıllılık,A2
1437,learner,öğrenci,öğrenen,stajyer,A2
1438,spill,dökmek,akıtmak,etrafa saçmak,A2
1439,least,en az,minimum,en ufak,A2
1440,widely,yaygın olarak,geniş ölçüde,epey,A2
1441,attempt,girişim,teşebbüs,deneme,A2
1442,audience,seyirci,dinleyici,izleyici,A2
1443,hockey,hokey,buz hokeyi,sopa oyunu,A2
1444,audio,ses,işitsel,ses kaydı,A2
1445,avoid,kaçınmak,sakınmak,uzak durmak,A2
1446,heavily,ağır bir şekilde,aşırı,yoğun olarak,A2
1447,heating,ısıtma,kalorifer,ısıtma sistemi,A2
1448,likely,muhtemel,olası,ihtimal,A2
1449,heat,ısı,sıcaklık,ısıtmak,A2
1450,speaker,konuşmacı,hoparlör,başkan,A2
1451,superlative,üstünlük derecesi,en yüksek derece,aşırı övgü,A2
1452,award,ödül,mükâfat,vermek,A2
1453,headteacher,okul müdürü,başöğretmen,müdür,A2
1454,headphone,kulaklık,başlık kulaklık,ses alıcı,A2
1455,lip,dudak,kenar,ağız kıyısı,A2
1456,appearance,dış görünüş,ortaya çıkma,görünüm,A2
1457,superstar,süperstar,yıldız sanatçı,büyük ün,A2
1458,appear,görünmek,ortaya çıkmak,belli olmak,A2
1459,liter/litre,litre,hacim ölçüsü,sıvı ölçüsü,A2
1460,spaghetti,spagetti,ince makarna,uzun makarna,A2
1461,spaceship,uzay gemisi,uzay taşıtı,roket,A2
1462,awful,korkunç,berbat,çok kötü,A2
1463,space,uzay,boşluk,alan,A2
1464,hate,nefret etmek,hoşlanmamak,nefret,A2
1465,lively,canlı,neşe dolu,hareketli,A2
1466,supper,akşam yemeği,gece atıştırmalığı,hafif yemek,A2
1467,apparently,görünüşe göre,anlaşılan,belli ki,A2
1468,harvest,hasat,ekin biçme,ürün toplamak,A2
1469,average,ortalama,sıradan,orta,A2
1470,apply,başvurmak,uygulamak,geçerli olmak,A2
1471,lifestyle,yaşam tarzı,yaşam biçimi,hayat tarzı,A2
1472,hit,vurmak,çarpmak,başarı,A2
1473,appreciate,takdir etmek,değerini bilmek,minnettar olmak,A2
1474,hip hop/hip-hop/hiphop,hiphop,hip hop müziği,sokak dansı,A2
1475,level,seviye,düzey,kat,A2
1476,himself,kendisi,kendisini,bizzat,A2
1477,specific,belirli,özgül,özel,A2
1478,hiking,doğa yürüyüşü,yürüyüş,kır yürüyüşü,A2
1479,hike,yürüyüş yapmak,uzun yürüyüş,zam yapmak,A2
1480,author,yazar,eser sahibi,müellif,A2
1481,highway,otoyol,ana yol,karayolu,A2
1482,liberty,özgürlük,hürriyet,serbestlik,A2
1483,latter,adı geçenlerin ikincisi,sonraki,öbür,A2
1484,sunflower,ayçiçeği,gündöndü,günçiçeği,A2
1485,appointment,randevu,atayış,göreve getirme,A2
1486,license/licence,ehliyet,lisans,ruhsat,A2
1487,hey,hey,selamlama sözü,dikkat çekme,A2
1488,sunglasses,güneş gözlüğü,renkli gözlük,gözlük,A2
1489,lie,yalan söylemek,uzanmak,yalan,A2
1490,herself,kendisi,kendisini,bizzat,A2
1491,automatic,otomatik,kendiliğinden,istem dışı,A2
1492,hero,kahraman,başrol oyuncusu,yiğit,A2
1493,sunlight,güneş ışığı,güneş ışınları,gün ışığı,A2
1494,automatically,otomatik olarak,kendiliğinden,istem dışı,A2
1495,helpful,yardımsever,faydalı,yararlı,A2
1496,high school,lise,ortaöğretim,yüksek okul,A2
1497,load,yük,yüklemek,kargo,A2
1498,latest,en son,en yeni,son çıkan,A2
1499,ID card,kimlik kartı,nüfus cüzdanı,kimlik,A2
1500,itself,kendisi,kendi,bizzat,A2
1501,assistant,yardımcı,muavin,asistan,A2
1502,jam,reçel,tıkanıklık,sıkışma,A2
1503,stamp,pul,kaşe,damga,A2
1504,influence,etki,etkilemek,nüfuz,A2
1505,storm,fırtına,bora,kasırga,A2
1506,association,dernek,birlik,bağlantı,A2
1507,jelly,jöle,pelte,marel,A2
1508,stove,soba,ocak,fırın,A2
1509,artificial,yapay,suni,sahte,A2
1510,stair,merdiven,basamak,basamak taşı,A2
1511,inexpensive,ucuz,ekonomik,uygun fiyatlı,A2
1512,joke,şaka,fıkra,latife,A2
1513,journey,yolculuk,seyahat,gezi,A2
1514,stranger,yabancı,elden gelen,bilinmeyen kimse,A2
1515,joy,sevinç,neşe,mutluluk,A2
1516,indoor,kapalı alan,salon,iç mekân,A2
1517,windy,rüzgarlı,yel,rüzgar alan,A2
1518,strategy,strateji,taktik,izlence,A2
1519,indicate,göstermek,belirtmek,işaret etmek,A2
1520,wine,şarap,kırmızı şarap,üzüm suyu,A2
1521,staff,personel,kadro,çalışanlar,A2
1522,independence,bağımsızlık,istiklal,hürriyet,A2
1523,strength,güç,kuvvet,dayanıklılık,A2
1524,indeed,gerçekten,hakikaten,doğrusu,A2
1525,interest,ilgi,faiz,menfaat,A2
1526,international,uluslararası,milletlerarası,global,A2
1527,intelligent,zeki,akıllı,kavrayışlı,A2
1528,intelligence,zeka,istihbarat,akıl,A2
1529,steal,çalmak,hırsızlık yapmak,aşırmak,A2
1530,instrument,enstrüman,alet,cihaz,A2
1531,steak,biftek,et,bonfile,A2
1532,invade,istila etmek,işgal etmek,basmak,A2
1533,instead,yerine,bunun yerine,mukabil,A2
1534,instant,an,hazır,ani,A2
1535,statue,heykel,abide,büst,A2
1536,invent,icat etmek,uydurmak,bulmak,A2
1537,invention,icat,buluş,uydurma,A2
1538,inspiration,ilham,esin,esin kaynağı,A2
1539,statement,açıklama,ifade,beyanat,A2
1540,state,devlet,durum,eyalet,A2
1541,invite,davet etmek,çağırmak,buyur etmek,A2
1542,insect,böcek,haşere,böcekgiller,A2
1543,asleep,uykuda,uyuyor,dalmış,A2
1544,inner,iç,dahili,öz,A2
1545,issue,konu,mesele,sayı,A2
1546,injure,yaralamak,inciitmek,sakatlamak,A2
1547,stomach,mide,karın,sindirim organı,A2
1548,stomachache,karın ağrısı,mide ağrısı,mide sancısı,A2
1549,junior,kıdemce küçük,genç,alt sınıf,A2
1550,junk,eski eşya,çöp,hurda,A2
1551,stadium,stadyum,stat,spor alanı,A2
1552,impatient,sabırsız,aceleci,tahammülsüz,A2
1553,knock,vurmak,kapıyı çalmak,çarpma,A2
1554,impact,etki,çarpışma,darbe,A2
1555,argument,tartışma,münakaşa,sav,A2
1556,knowledge,bilgi,malumat,ilim,A2
1557,labor/labour,emek,iş,çalışma,A2
1558,spread,yaymak,yayılmak,sürmek,A2
1559,lack,eksiklik,yokluk,yoksun olmak,A2
1560,style,tarz,biçim,stil,A2
1561,argue,tartışmak,savunmak,ileri sürmek,A2
1562,imagination,hayal gücü,düş gücü,tasavvur,A2
1563,lake,göl,su birikintisi,lagün,A2
1564,image,görüntü,imaj,şekil,A2
1565,lamp,lamba,ampul,aydınlatıcı,A2
1566,land,kara,arazi,inmek,A2
1567,illegal,yasadışı,kaçak,gayrimeşru,A2
1568,ill,hasta,rahatsız,kötü,A2
1569,sports center/sports centre,spor merkezi,spor salonu,atletizm kompleksi,A2
1570,landscape,peyzaj,manzara,kır görünümü,A2
1571,lane,şerit,kulvar,patika,A2
1572,area,alan,bölge,saha,A2
1573,spoon,kaşık,kepçe,kaşıklamak,A2
1574,last,son,geçen,sürmek,A2
1575,architecture,mimarlık,mimari,yapı biçimi,A2
1576,athlete,atlet,sporcu,yarışmacı,A2
1577,stuff,şey,eşya,malzeme,A2
1578,astronaut,astronot,uzay adamı,kozmonot,A2
1579,winner,kazanan,galip,şampiyon,A2
1580,increase,artırmak,çoğalmak,artış,A2
1581,square,kare,meydan,dörtgen,A2
1582,include,içermek,dahil etmek,kapsamak,A2
1583,inch,inç,adım adım ilerlemek,küçük ölçü,A2
1584,killer,katil,öldürücü,cani,A2
1585,strike,grev,vurmak,çarpmak,A2
1586,kilo,kilo,kilogram,ağırlık ölçüsü,A2
1587,kilogram/kilogramme,kilogram,kilo,kütle birimi,A2
1588,improve,geliştirmek,iyileştirmek,ilerletmek,A2
1589,string,ip,sicim,telli çalgı teli,A2
1590,ID,kimlik,hüviyet,kimlik kartı,A2
1591,kilometer/kilometre,kilometre,km,uzunluk ölçüsü,A2
1592,kindly,nazikçe,lütfedip,tatlılıkla,A2
1593,armed,silahlı,donanımlı,kuvvetli,A2
1594,kingdom,krallık,saltanat,alem,A2
1595,armchair,koltuk,berjer,oturacak,A2
1596,impress,etkilemek,hayran bırakmak,aklında yer etmek,A2
1597,strongly,güçlü bir şekilde,şiddetle,kesinlikle,A2
1598,impossible,imkansız,olanaksız,güç,A2
1599,structure,yapı,bina,bünye,A2
1600,kit,takım,set,araç gereç,A2
1601,importantly,önemli bir şekilde,başlıca olarak,özellikle,A2
1602,wild,vahşi,doğal,yırtıcı,A2
1603,importance,önem,değer,üyelik,A2
1604,harmony,uyum,ahenk,mutabakat,A2
1605,harmful,zararlı,ziyanlı,kötü,A2
1606,harm,zarar,ziyan,incitmek,A2
1607,gallery,galeri,sergi salonu,balkon,A2
1608,society,toplum,cemiyet,dernek,A2
1609,anniversary,yıldönümü,yıl dönümü,evlilik yıldönümü,A2
1610,ankle,ayak bileği,bilek,aşık kemiği,A2
1611,further,daha ileri,öte,ayrıca,A2
1612,furniture,mobilya,eşya,ev eşyası,A2
1613,metal,metal,maden,metalik,A2
1614,meter/metre,metre,sayaç,ölçüm aleti,A2
1615,method,yöntem,metot,tarz,A2
1616,soap,sabun,sabunlamak,dizi,A2
1617,wet,ıslak,yaş,yağmurlu,A2
1618,function,fonksiyon,işlev,görev,A2
1619,midday,öğle vakti,gün ortası,öğle,A2
1620,wonder,merak etmek,harika,şaşmak,A2
1621,fully,tamamen,bütünüyle,eksiksiz,A2
1622,midnight,gece yarısı,geceyarısı,gece 12,A2
1623,talent,yetenek,kabiliyet,marifet,A2
1624,might,güç,kuvvet,-ebilmek,A2
1625,snowboarding,snowboard,kar tahtası,kar kaykayı,A2
1626,fry,kızartmak,tavada kızartmak,kızarmak,A2
1627,military,askeri,ordu,silahlı kuvvetler,A2
1628,million,milyon,milyonluk,pek çok,A2
1629,menu,menü,yemek listesi,içindekiler,A2
1630,angrily,öfkeyle,kızgın bir şekilde,sinirle,A2
1631,sock,çorap,kısa çorap,vurmak,A2
1632,tablespoon,yemek kaşığı,çorba kaşığı,kaşık,A2
1633,meaning,anlam,mana,önem,A2
1634,annoying,can sıkıcı,rahatsız edici,sinir bozucu,A2
1635,symbol,sembol,simge,işaret,A2
1636,software,yazılım,bilgisayar yazılımı,program,A2
1637,medal,madalya,nişan,ödül,A2
1638,gentle,nazik,kibar,yumuşak,A2
1639,medical,tıbbi,tıp,doktorluk,A2
1640,softly,yumuşakça,sessizce,hafifçe,A2
1641,soft drink,alkolsüz içecek,gazoz,meşrubat,A2
1642,soft,yumuşak,hafif,akıcı,A2
1643,symphony,senfoni,senfoni orkestrası,müzik eseri,A2
1644,generation,nesil,kuşak,üretim,A2
1645,annoy,rahatsız etmek,can sıkmak,sinirlendirmek,A2
1646,melon,kavun,kavun rengi,tatlı kavun,A2
1647,gender,cinsiyet,toplumsal cinsiyet,gramer cinsi,A2
1648,member,üye,mza,ferd,A2
1649,system,sistem,düzen,yöntem,A2
1650,gather,toplamak,bir araya gelmek,derlemek,A2
1651,soda,soda,maden suyu,gazoz,A2
1652,gate,kapı,çıkış kapısı,bahçe kapısı,A2
1653,table tennis,masa tenisi,pingpong,tenis masası oyunu,A2
1654,gas,gaz,benzin,gaz yağı,A2
1655,garlic,sarımsak,sarımsak dişi,akılsarımsak,A2
1656,bargain,pazarlık,ucuzluk,uygun fiyat,A2
1657,garage,garaj,otomobil parkı,tamirhane,A2
1658,mention,bahsetmek,değinmek,anmak,A2
1659,west,batı,batı yönü,garp,A2
1660,frightening,korkunç,ürkütücü,korkutucu,A2
1661,smooth,pürüzsüz,düz,akıcı,A2
1662,mix,karıştırmak,harmanlamak,karışım,A2
1663,wood,ahşap,odun,orman,A2
1664,ancestor,ata,cet,nüve,A2
1665,fork,çatal,yol ayrımı,çatallanmak,A2
1666,forever,sonsuza dek,daima,ebediyen,A2
1667,model,model,manken,örnek,A2
1668,forest,orman,koru,ağaçlık,A2
1669,basket,sepet,küfe,pot,A2
1670,modern,modern,çağdaş,güncel,A2
1671,wooden,ahşap,tahta,keresteden,A2
1672,force,güç,kuvvet,zorlamak,A2
1673,forbid,yasaklamak,men etmek,engellemek,A2
1674,batch,parti,grup,yığın,A2
1675,footballer,futbolcu,topçu,futbol oyuncusu,A2
1676,wool,yün,yün ipliği,koyun yünü,A2
1677,fool,salak,aptal,dalavere,A2
1678,well-known,tanınmış,ünlü,şöhretli,A2
1679,amusement,eğlence,ovuşturma,neşe,A2
1680,battery,pil,batarya,akümülatör,A2
1681,slowly,yavaşça,yavaş,ağır ağır,A2
1682,amused,eğlenmiş,neşeli,keyifli,A2
1683,task,görev,iş,vazife,A2
1684,mistake,hata,yanlış,kusur,A2
1685,smoothly,sorunsuzca,akıcı bir şekilde,düzgünce,A2
1686,fortunately,neyse ki,şans eseri,iyi ki,A2
1687,frightened,korkmuş,ürkmüş,dehşete düşmüş,A2
1688,frighten,korkutmak,ürkütmek,ödünü koparmak,A2
1689,friendship,arkadaşlık,dostluk,samimiyet,A2
1690,mineral water,maden suyu,mineral suyu,soda,A2
1691,fried,kızarmış,yağda pişmiş,tavada,A2
1692,fridge,buzdolabı,soğutucu,difriz,A2
1693,base,taban,üs,temel,A2
1694,fresh,taze,serin,yeni,A2
1695,angel,melek,hûri,iyi ruh,A2
1696,freeze,donmak,dondurmak,buz tutmak,A2
1697,freedom,özgürlük,serbestlik,hürriyet,A2
1698,mirror,ayna,refleks,gözgü,A2
1699,frank,açık sözlü,samimi,dürüst,A2
1700,tap,musluk,hafifçe vurmak,dinleme cihazı,A2
1701,frame,çerçeve,iskelet,kare,A2
1702,tram,tramvay,raylı taşıt,şehir içi tren,A2
1703,tape,bant,kaset,şerit,A2
1704,basic,temel,esas,basit,A2
1705,snack,atıştırmalık,hafif yemek,ara öğün,A2
1706,missing,eksik,kayıp,kayıp kişi,A2
1707,target,hedef,nişan,amacı,A2
1708,forward,ileri,önde,gelecek,A2
1709,basically,esasen,temelde,aslında,A2
1710,fortune,servet,talih,kısmet,A2
1711,barber,berber,kuaför,saç kesicisi,A2
1712,barbecue,mangal,barbekü,ızgara partisi,A2
1713,source,kaynak,köken,pınar,A2
1714,anywhere,herhangi bir yer,hiçbir yer,her yer,A2
1715,surfing,sörf,dalga sörfü,internet gezintisi,A2
1716,gun,silah,tabanca,tüfek,A2
1717,luckily,neyse ki,şans eseri,iyi ki,A2
1718,anyway,her neyse,zaten,nasılsa,A2
1719,lunchtime,öğle vakti,öğle molası,öğle yemeği saati,A2
1720,guidebook,rehber kitap,gezi rehberi,kılavuz kitap,A2
1721,sound,ses,kulak,gibi gelmek,A2
1722,lyric,şarkı sözü,lirik şiir,duygusal söz,A2
1723,surname,soyadı,aile adı,soy,A2
1724,badly,kötü,fena halde,şiddetle,A2
1725,guard,nöbetçi,koruma,muhafız,A2
1726,anymore,artık,bundan böyle,daha fazla,A2
1727,surprised,şaşırmış,şaşkın,hayrete düşmüş,A2
1728,surprising,şaşırtıcı,hayret verici,beklenmedik,A2
1729,badminton,badminton,tüytop,raket oyunu,A2
1730,mad,deli,öfkeli,çılgın,A2
1731,magic,büyü,sihir,fevkalade,A2
1732,grocery store,bakkal,market,gıda dükkanı,A2
1733,grilled,ızgara,közlenmiş,mangalda pişmiş,A2
1734,main course,ana yemek,esas yemek,baş yemek,A2
1735,bake,fırında pişirmek,ekmek pişirmek,kurabiye yapmak,A2
1736,while,iken,süre,zaman,A2
1737,low,alçak,düşük,az,A2
1738,lover,aşık,sevgili,meraklısı,A2
1739,apart,ayrı,parça parça,uzakta,A2
1740,local,yerel,yöresel,lokal,A2
1741,support,destek,yardım,dayanak,A2
1742,hardly,neredeyse hiç,güçlükle,zorla,A2
1743,lock,kilit,asma kilit,saç lülesi,A2
1744,happiness,mutluluk,saadet,sevinç,A2
1745,happily,mutlulukla,neşeyle,memnuniyetle,A2
1746,logical,mantıklı,tutarlı,akla uygun,A2
1747,apologize/apologise,özür dilemek,pişmanlık bildirmek,af istemek,A2
1748,loose,gevşek,bol,serbest,A2
1749,handle,kulp,tutamak,idare etmek,A2
1750,lose,kaybetmek,yitirmek,yenilmek,A2
1751,greedy,açgözlü,hırslı,doymaz,A2
1752,handicapped,engelli,sakat,dezavantajlı,A2
1753,handbag,el çantası,bayan çantası,cüzdan,A2
1754,ham,domuz pastırması,but,acemi oyuncu,A2
1755,half-price,yarı fiyatına,ucuzlamış,indirimli,A2
1756,background,arka plan,özgeçmiş,esas,A2
1757,loudly,yüksek sesle,gürültülü bir şekilde,bağırarak,A2
1758,south,güney,güney yönü,güneyli,A2
1759,apartment,daire,apartman,mesken,A2
1760,lost,kayıp,kaybolmuş,yitirilmiş,A2
1761,folder,dosya,klasör,katlayıcı,A2
1762,mainly,esasen,özellikle,çoğunlukla,A2
1763,major,başlıca,önemli,binbaşı,A2
1764,married,evli,nikahlı,eşli,A2
1765,marry,evlenmek,nikah kıymak,birleştirmek,A2
1766,golf,golf,golf oyunu,golf sopası,A2
1767,golden,altın,altından yapılmış,çok değerli,A2
1768,sweat,ter,terlemek,çalışıp çabalamak,A2
1769,marvelous/marvellous,harika,mükemmel,şaşırtıcı,A2
1770,sweater,kazak,süveter,hırka,A2
1771,someday,bir gün,ileride,gelecekte,A2
1772,somebody,biri,birisi,kimse,A2
1773,glove,eldiven,boks eldiveni,koruyucu örtü,A2
1774,solution,çözüm,solüsyon,eritme,A2
1775,sweetheart,sevgili,canım,yar,A2
1776,globe,küre,dünya,yerküre,A2
1777,material,malzeme,madde,kumaş,A2
1778,soldier,asker,er,nefer,A2
1779,banking,bankacılık,banka işleri,finans,A2
1780,max,maksimum,en çok,azami,A2
1781,swimming costume,mayo,bikin,yüzme giysisi,A2
1782,whatever,her ne,her neyse,ne olursa olsun,A2
1783,given,verilen,belli,göz önüne alındığında,A2
1784,swimsuit,mayo,bikin,yüzücü giysisi,A2
1785,wheelchair,tekerlekli sandalye,engelli arabası,hasta koltuğu,A2
1786,good-looking,yakışıklı,güzel,çekici,A2
1787,market,pazar,market,çarşı,A2
1788,mark,işaret,not,leke,A2
1789,survive,hayatta kalmak,yaşamak,atlatmak,A2
1790,anxious,endişeli,kaygılı,meraklı,A2
1791,grateful,minnettar,teşekkür borçlu,şükran dolu,A2
1792,maker,yapımcı,üretici,imalatçı,A2
1793,make-up,makyaj,yapı,uydurma,A2
1794,male,erkek,eril,zogsal,A2
1795,mall,alışveriş merkezi,pasaj,gezi yolu,A2
1796,granny,büyükanne,nine,anane,A2
1797,grandson,erkek torun,torun,oğul çocuğu,A2
1798,balcony,balkon,teras,salon balkonu,A2
1799,manage,yönetmek,idare etmek,başarmak,A2
1800,granddaughter,kız torun,torun,kız evlat çocuğu,A2
1801,greatly,çok,fazlasıyla,büyük ölçüde,A2
1802,granddad,dede,büyükbaba,büyük baba,A2
1803,manager,müdür,yönetici,menejer,A2
1804,gram/gramme,gram,g,ağırlık birimi,A2
1805,manner,tavır,tarz,biçim,A2
1806,graduate,mezun olmak,mezun,derece almak,A2
1807,gradually,giderek,aşamalı olarak,yavaş yavaş,A2
1808,somewhere,bir yer,bir yere,bir yerde,A2
1809,balloon,balon,uçan balon,şişme balon,A2
1810,grace,lütuf,zariflik,nezaket,A2
1811,within,içinde,zarfında,dahilinde,A2
1812,without,sız,siz,olmaksızın,A2
1813,government,hükümet,devlet,yönetim,A2
1814,swallow,yutmak,kırlangıç,yutkunmak,A2
1815,grandchild,torun,erkek torun,kız torun,A2
1816,shall,ecek,acak,zorunluluk,A2
1817,produce,üretmek,meydana getirmek,ürün,A2
1818,uncomfortable,rahatsız,konforsuz,huzursuz,A2
1819,cheque,çek,banka çeki,ödeme emri,A2
1820,roll,rulo,yuvarlanmak,ekmek,A2
1821,receptionist,resepsiyonist,danışma memuru,karşılama görevlisi,A2
1822,crown,taç,taçlandırmak,diş kaplaması,A2
1823,crowded,kalabalık,ıssız olmayan,mahşeri,A2
1824,crowd,kalabalık,mahşer,topluluk,A2
1825,chess,satranç,satranç oyunu,zeka oyunu,A2
1826,chest,göğüs,sandık,kasa,A2
1827,scissors,makas,kesici alet,berber makası,A2
1828,recently,son zamanlarda,yakınlarda,son günlerde,A2
1829,recent,son,yeni,yakın zamandaki,A2
1830,cross,haç,geçmek,kızgın,A2
1831,receive,almak,kabul etmek,karşılamak,A2
1832,criticize/criticise,eleştirmek,tenkit etmek,kusur bulmak,A2
1833,pour,dökmek,akıtmak,boşaltmak,A2
1834,receipt,fiş,makbuz,alım,A2
1835,abroad,yurtdışı,yurtdışında,yurtdışına,A2
1836,scientific,bilimsel,fenni,ilimle ilgili,A2
1837,cruise,gemi turu,seyir,tura çıkmak,A2
1838,scream,çığlık atmak,bağırmak,çığlık,A2
1839,robbery,soygun,hırsızlık,yağma,A2
1840,portrait,portre,tasvir,resim,A2
1841,cheek,yanak,kaba et,yüzsüzlük,A2
1842,robin,kızılgerdan,küçük kuş,avrupa kızılgerdanı,A2
1843,position,konum,pozisyon,durum,A2
1844,cheer,neşelendirmek,tezahürat,sevinç,A2
1845,rock,kaya,taş,rock müzik,A2
1846,chef,şef,aşçı,baş aşçı,A2
1847,cupboard,dolap,mutfak dolabı,büfe,A2
1848,chemical,kimyasal,kimya,kimyevi madde,A2
1849,possible,mümkün,olasi,muhtemel,A2
1850,uncertain,belirsiz,kesin olmayan,kararsız,A2
1851,possibly,muhtemelen,olası olarak,belki,A2
1852,act,davranmak,oynamak,eylem,A2
1853,post office,posta hane,pTT,posta merkezi,A2
1854,across,karşıda,boyunca,karşıdan karşıya,A2
1855,crisp,çıtır,cips,gevrektir,A2
1856,power,güç,kuvvet,enerji,A2
1857,powerful,güçlü,kuvvetli,etkili,A2
1858,cigarette,sigara,tütün,sarma,A2
1859,understand,anlamak,kavramak,idrak etmek,A2
1860,predict,tahmin etmek,öngörmek,önceden söylemek,A2
1861,prediction,tahmin,öngörü,kehanet,A2
1862,schedule,program,takvim,zaman çizelgesi,A2
1863,bra,sutyen,göğüslük,iç çamaşırı,A2
1864,underwater,su altı,su altında,su altındaki,A2
1865,court,mahkeme,kort,avlu,A2
1866,prefer,tercih etmek,yeğlemek,seçmek,A2
1867,couple,çift,iki,karı koca,A2
1868,scenery,manzara,tabiat,dekor,A2
1869,countryside,kırsal alan,taşra,köy,A2
1870,scene,sahne,olay yeri,manzara,A2
1871,country,ülke,memleket,taşra,A2
1872,citizen,vatandaş,şehirli,uyruk,A2
1873,reach,ulaşmak,erişmek,uzatmak,A2
1874,precise,kesin,tam,net,A2
1875,schoolchild,öğrenci,okul çocuğu,okul talebesi,A2
1876,crazy,çılgın,deli,kaçık,A2
1877,childhood,çocukluk,çocukluk dönemi,bebeklik,A2
1878,chili/chilli,biber,acı biber,şili,A2
1879,crime,suç,cürm,cinayet,A2
1880,cricket,kriket,cırcır böceği,çekirge,A2
1881,romance,romantizm,macera,aşk hikayesi,A2
1882,chimpanzee,şempanze,maymun,insansı maymun,A2
1883,chin,çene,çene ucu,muhabbet,A2
1884,schoolwork,okul ödevi,ders,okul çalışması,A2
1885,record,kayıt,plak,rekor,A2
1886,chirp,cıvıldamak,cıvıltı,ötmek,A2
1887,creature,yaratık,canlı,mahluk,A2
1888,choice,seçim,tercih,seçenek,A2
1889,creativity,yaratıcılık,üretkenlik,yaratma gücü,A2
1890,romantic,romantik,duygusal,hayalperest,A2
1891,creative,yaratıcı,özgün,üretken,A2
1892,create,yaratmak,oluşturmak,meydana getirmek,A2
1893,realize/realise,fark etmek,gerçekleştirmek,anlamak,A2
1894,roof,çatı,dam,örtü,A2
1895,credit,kredi,itibar,övgü,A2
1896,population,nüfus,ahal,popülasyon,A2
1897,curry,köri,baharat,köri sosu,A2
1898,curse,lanet,küfür,beddua,A2
1899,bored,sıkılmış,canı sıkkın,bıkmış,A2
1900,twice,iki kez,iki defa,iki kat,A2
1901,pleased,memnun,mutlu,hoşnut,A2
1902,chain,zincir,silsile,zincirleme,A2
1903,pleasing,hoş,sevindirici,tatlı,A2
1904,debate,tartışma,münazara,görüşme,A2
1905,death,ölüm,vefat,son,A2
1906,plenty,bolluk,çok,fazla,A2
1907,chairman,başkan,oturumu yöneten,müdür,A2
1908,deal,anlaşma,iş,dağıtmak,A2
1909,challenge,meydan okuma,zorluk,itiraz,A2
1910,refrigerator,buzdolabı,soğutucu,derin dondurucu,A2
1911,actually,aslında,gerçekten,fiilen,A2
1912,dead,ölü,cansız,vefat etmiş,A2
1913,boss,patron,amir,şef,A2
1914,seaside,deniz kenarı,sahil,kumsal,A2
1915,pleasant,hoş,keyifli,güzel,A2
1916,decide,karar vermek,kararlaştırmak,çözmek,A2
1917,certainly,kesinlikle,mutlaka,kuşkusuz,A2
1918,certain,kesin,belli,emin,A2
1919,pity,yazık,acınacak durum,merhamet,A2
1920,addition,ek,ilave,toplama,A2
1921,deeply,derinden,çok,koyuca,A2
1922,deep,derin,koyu,kapsamlı,A2
1923,tune,melodi,akort etmek,şarkı,A2
1924,planet,gezegen,seyyare,dünya,A2
1925,plural,çoğul,birden çok,çokluk,A2
1926,plant,bitki,fabrika,ekmek,A2
1927,center/centre,merkez,odak,orta,A2
1928,centimeter/centimetre,santimetre,cm,boy,A2
1929,plastic,plastik,suni,estetik,A2
1930,plate,tabak,plaka,levha,A2
1931,century,yüzyıl,asır,yüz yıl,A2
1932,cereal,tahıl,mısır gevreği,kahvaltılık,A2
1933,playful,oyuncu,şakacı,neşeli,A2
1934,playground,oyun parkı,oyun alanı,çocuk bahçesi,A2
1935,cent,sent,kuruş,para,A2
1936,count,saymak,hesaplamak,önemli olmak,A2
1937,champagne,şampanya,köpüklü şarap,açık sarı,A2
1938,plus,artı,üstelik,ilaveten,A2
1939,complain,şikayet etmek,yakınmak,sızlanmak,A2
1940,political,siyasi,politik,devletle ilgili,A2
1941,script,senaryo,metin,yazı,A2
1942,chart,çizelge,tablo,harita,A2
1943,recycle,geri dönüştürmek,yeniden değerlendirmek,tekrar kullanmak,A2
1944,roast,kızartmak,fırında pişirmek,et yemeği,A2
1945,pollute,kirletmek,zehirlemek,bozmak,A2
1946,rob,soymak,gaspetmek,çalmak,A2
1947,chat,sohbet etmek,çay muhabbeti,çene çalmak,A2
1948,screw,vida,vidalamak,cıvata,A2
1949,cheap,ucuz,kalitesiz,değersiz,A2
1950,customer,müşteri,alıcı,abone,A2
1951,custom,gelenek,adet,tore,A2
1952,verb,fiil,eylem,yuklem,A2
1953,popular,populer,gozde,sevilen,A2
1954,screen,ekran,perde,elek,A2
1955,polite,nazik,kibar,terbiyeli,A2
1956,daily,gunluk,hergun,gundelik,A2
1957,dam,baraj,bent,su bendi,A2
1958,search,aramak,arama,arastirma,A2
1959,championship,sampiyona,sampiyonluk,birincilik,A2
1960,chance,sans,firsat,olasilik,A2
1961,bother,zahmet,rahatsiz etmek,kasi,A2
1962,reflect,yansitmak,dusunmek,gostermek,A2
1963,seafood,deniz urunleri,balik,su mahsulleri,A2
1964,road,yol,cadde,patika,A2
1965,daylight,gunisigi,gunduz,aydinlik,A2
1966,dangerous,tehlikeli,riskli,korkunc,A2
1967,chapter,bolum,fasikul,konu,A2
1968,refer,atfetmek,kastetmek,yoneltmek,A2
1969,police,polis,kolluk,guvenlik,A2
1970,dancer,dansci,oyuncu,rakis,A2
1971,police officer,polis memuru,polis,kolluk kuvveti,A2
1972,police station,karakol,polis merkezi,polis istasyonu,A2
1973,policeman,polis memuru,polis,bekci,A2
1974,policewoman,kadin polis,kadin polis memuru,bayan polis,A2
1975,danger,tehlike,risk,tehdit,A2
1976,regret,pismanlik,uzuntu,pisman olmak,A2
1977,scarf,atkı,atki,esarp,A2
1978,prepare,hazirlamak,hazirlik yapmak,duzenlemek,A2
1979,quietly,sessizce,sakin bir sekilde,sessiz,A2
1980,promise,soz,vaat,soz vermek,A2
1981,ruin,yikinti,harabe,mahvetmek,A2
1982,pronounce,telaffuz etmek,soylemek,seslendirmek,A2
1983,pronunciation,telaffuz,soyleniş,okunus,A2
1984,confused,kafasi karisik,sasirmis,sersemlemis,A2
1985,confuse,kafasi karistirmak,sasirtmak,karistirmak,A2
1986,colorful/colourful,renkli,cazip,rengarenk,A2
1987,column,kolon,sutun,direk,A2
1988,proper,uygun,dokunarak,duzgun,A2
1989,quick,hizli,cabuk,suratli,A2
1990,comb,tarak,taramak,petek,A2
1991,unnecessary,gereksiz,luzumsuz,fazla,A2
1992,upstairs,ust kat,yukari,ust kata,A2
1993,account,hesap,cari,aciklama,A2
1994,confident,kendine guvenen,emin,guvenli,A2
1995,quit,birakmak,cikmak,istifa etmek,A2
1996,unpleasant,hos olmayan,nimsiz,can sıkıcı,A2
1997,wallet,cuzdan,para cantasi,deri cuzdan,A2
1998,salt,tuz,tuzlu,tuzlamak,A2
1999,product,urun,mahsul,netice,A2
2000,production,uretim,imalat,hasat,A2
2001,coin,madeni para,jeton,sikke,A2
2002,accept,kabul etmek,razı olmak,üstlenmek,A2
2003,professional,profesyonel,uzman,mesleki,A2
2004,unknown,bilinmeyen,meçhul,tanınmayan,A2
2005,unlike,aksine,benzemez,-den farklı olarak,A2
2006,consist,oluşmak,ibaret olmak,meydana gelmek,A2
2007,cola,kola,kola içeceği,gazlı içecek,A2
2008,sample,örnek,numune,temsilî parça,A2
2009,acceptable,kabul edilebilir,uygun,makul,A2
2010,consider,düşünmek,göz önüne almak,kabul etmek,A2
2011,rugby,ragbi,ragbi oyunu,rugbi sporu,A2
2012,quiz,kısa sınav,küçük test,bilgi yarışması,A2
2013,quite,oldukça,tamamen,epey,A2
2014,consequence,sonuç,netice,akıbet,A2
2015,progressive,ilerlemeci,ilerleyici,gelişmeci,A2
2016,sake,hatır,uğruna,amaç,A2
2017,comfortable,rahat,konforlu,huzurlu,A2
2018,queen,kraliçe,vezir,taçlı kadın,A2
2019,wander,dolaşmak,gezmek,aylaklık etmek,A2
2020,sadly,ne yazık ki,üzücü bir şekilde,maalesef,A2
2021,company,şirket,firma,arkadaşlık,A2
2022,publish,yayınlamak,neşretmek,basmak,A2
2023,comparative,karşılaştırmalı,kıyaslamalı,göreli,A2
2024,composer,besteçi,kompozitör,şarkı yazarı,A2
2025,compare,karşılaştırmak,kıyaslamak,benzetmek,A2
2026,unusual,alışılmadık,sıra dışı,olağandışı,A2
2027,pull,çekmek,çekiş,sürüklemek,A2
2028,pursue,takip etmek,peşinden gitmek,sürdürmek,A2
2029,rush,acele etmek,koşturmak,akın,A2
2030,purpose,amaç,maksat,hedef,A2
2031,competition,yarışma,rekabet,müsabaka,A2
2032,punctuation,noktalama,noktalama işaretleri,duraklama,A2
2033,complete,tamamlamak,eksiksiz,bütün,A2
2034,public,halk,kamu,umumi,A2
2035,communication,iletişim,haberleşme,bağlantı,A2
2036,safe,güvenli,sağlam,kasa,A2
2037,communicate,iletişim kurmak,haberleşmek,aktarmak,A2
2038,sailing,yelken,yelkençilik,deniz seyahati,A2
2039,comic,komik,çizgi roman,güldürü,A2
2040,condition,koşul,şart,durum,A2
2041,rumor/rumour,söylenti,şayia,dedikodu,A2
2042,accident,kaza,tesadüf,felaket,A2
2043,upset,üzgün,üzmek,altüst etmek,A2
2044,runner,koşucu,kurye,halı şerit,A2
2045,brave,cesur,yürekli,cürretkar,A2
2046,racket,raket,gürültü,vurgun,A2
2047,quality,kalite,nitelik,vasıf,A2
2048,commitment,bağlılık,taahhüt,sorumluluk,A2
2049,committee,komite,kurul,komisyon,A2
2050,concern,endişe,ilgilendirmek,kaygı,A2
2051,common,yaygın,ortak,sıradan,A2
2052,provide,sağlamak,temin etmek,vermek,A2
2053,running,koşu,çalışan,akarsu,A2
2054,concentrate,odaklanmak,konsantre olmak,yoğunlaşmak,A2
2055,psychologist,psikolog,ruhbilimci,terapist,A2
2056,upon,üzerinde,üstüne,üzerine,A2
2057,used,kullanılmış,ikinci el,alışkın,A2
2058,panic,panik,korku,telaş,A2
2059,royal,kraliyet,kral,asîl,A2
2060,pretend,yapmış gibi görünmek,rol yapmak,farz etmek,A2
2061,clerk,tezgahtar,memur,katip,A2
2062,brainstorm,fikir üretmek,beyin fırtınası,akıl yürütmek,A2
2063,click,tıklamak,tıkırtı,tık sesi,A2
2064,prevent,önlemek,engellemek,sakınmak,A2
2065,unforgettable,unutulmaz,akılda kalıcı,unutulamayacak,A2
2066,brake,fren,fren yapmak,durdurmak,A2
2067,rap,rap müziği,hafif vuruş,tık tık,A2
2068,unfortunately,ne yazık ki,maalesef,talihsizce,A2
2069,sausage,sosis,sucuk,salam,A2
2070,pride,gurur,iftihar,kibir,A2
2071,cooler,soğutucu,termos,serinletici,A2
2072,unhappy,mutsuz,üzgün,neşesiz,A2
2073,branch,dal,şube,kol,A2
2074,scale,ölçek,tartı,pul,A2
2075,unfair,haksız,adaletsiz,insafsız,A2
2076,clearly,açıkça,net bir şekilde,belli ki,A2
2077,pressure,basınç,baskı,zorlama,A2
2078,ray,ışın,ışık demeti,vatoz,A2
2079,raw,çiğ,ham,işlenmemiş,A2
2080,claim,iddia etmek,hak iddia etmek,talep etmek,A2
2081,root,kök,dayanak,köken,A2
2082,valley,vadi,akarsu yatağı,dere,A2
2083,rope,ip,halat,urgan,A2
2084,classic,klasik,geleneksel,tipik,A2
2085,rating,derecelendirme,değerlendirme,reyting,A2
2086,cooking,pişirme,aşçılık,yemek pişirme,A2
2087,cost,maliyet,fiyat,tutar,A2
2088,rather,oldukça,tercihen,daha ziyade,A2
2089,achieve,başarmak,elde etmek,ulaşmak,A2
2090,uneasy,huzursuz,kaygılı,rahatsız,A2
2091,rate,oran,fiyat,derecelendirmek,A2
2092,brilliant,parlak,harika,mükemmel,A2
2093,cleaner,temizlikçi,temizleyici,leke çıkarıcı,A2
2094,correctly,doğru bir şekilde,hatasız,tam olarak,A2
2095,clear,açık,net,berrak,A2
2096,classical music,klasik müzik,sanat müziği,batı müziği,A2
2097,value,değer,kıymet,önem,A2
2098,cooker,ocak,pişirici,fırın,A2
2099,brand,marka,damga,çeşit,A2
2100,raincoat,yağmurluk,mavi trençkot,su geçirmez mont,A2
2101,clue,ipucu,delil,fikir verme,A2
2102,unit,birim,ünite,bölüm,A2
2103,walking,yürüyüş,yürüyen,yaya,A2
2104,private,özel,gizli,şahsi,A2
2105,continue,devam etmek,sürdürmek,sürmek,A2
2106,usual,alışılmış,olağan,normal,A2
2107,continent,kıta,ana kara,kara parçası,A2
2108,context,bağlam,metin,kapsam,A2
2109,pro,profesyonel,uzman,lehte,A2
2110,probably,muhtemelen,galiba,büyük ihtimalle,A2
2111,sandy,kumlu,kum rengi,kumlu yer,A2
2112,container,konteyner,kap,kapsül,A2
2113,coast,sahil,kıyı,deniz kıyısı,A2
2114,contact,temas,iletişim,bağlantı,A2
2115,useful,faydalı,yararlı,kullanışlı,A2
2116,university,üniversite,yüksekokul,akademi,A2
2117,clown,palyaço,soytarı,komik kimse,A2
2118,printer,yazıcı,matbaacı,basımcı,A2
2119,breeze,esinti,hafif yel,yel,A2
2120,contrast,zıtlık,karşıtlık,tezat,A2
2121,unhealthy,sağlıksız,sıhhatsiz,zararlı,A2
2122,roughly,kabaca,yaklaşık olarak,sertçe,A2
2123,range,aralık,sıra,menzil,A2
2124,sauce,sos,salça,çeşni,A2
2125,uniform,üniforma,tek tip,forma,A2
2126,clone,klon,kopya,eş hücre,A2
2127,bride,gelin,yeni evli kadın,gelincik,A2
2128,round,yuvarlak,daire,tur,A2
2129,climbing,tırmanma,dağcılık,tırmanış,A2
2130,unimportant,önemsiz,değersiz,ikincil,A2
2131,raise,arttırmak,yükseltmek,zam,A2
2132,youth,gençlik,genç,delikanlılık,A2
2133,convenience,kolaylık,uygunluk,rahatlık,A2
2134,principal,baş,müdür,asal,A2
2135,satisfy,tatmin etmek,memnun etmek,doyurmak,A2
2136,roundabout,dönel kavşak,dolambaçlı,atlıkarınca,A2
2137,control,kontrol,denetim,yönetmek,A2
2138,print,basmak,baskı,yazı karakteri,A2
2139,convenient,uygun,elverişli,rahat,A2
2140,cycling,bisiklet sürme,bisikletçilik,pedallama,A2
2141,complaint,şikayet,yakınma,itiraz,A2
2142,advantage,avantaj,yarar,üstünlük,A2
2143,remain,kalmak,artmak,sürmek,A2
2144,trick,hile,oyun,marifet,A2
2145,bookshelf,kitaplık,kitap rafı,etajer,A2
2146,disadvantage,dezavantaj,sakınca,zarar,A2
2147,response,cevap,yanıt,tepki,A2
2148,seek,aramak,istemek,çabalamak,A2
2149,disagree,aynı fikirde olmamak,anlaşmazlığa düşmek,karşı çıkmak,A2
2150,patient,hasta,sabırlı,tahammüllü,A2
2151,disappear,gözden kaybolmak,ortadan kalkmak,yok olmak,A2
2152,pass,geçmek,vermek,başarmak,A2
2153,senior,kıdemli,yaşlı,son sınıf,A2
2154,seem,görünmek,izlenimi vermek,gelmek,A2
2155,admit,itiraf etmek,kabul etmek,almak,A2
2156,description,tanımlama,açıklama,betimleme,A2
2157,developed,gelişmiş,kalkınmış,geliştirilmiş,A2
2158,remind,hatırlatmak,akla getirmek,uyarmak,A2
2159,discussion,tartışma,görüşme,müzakere,A2
2160,violent,şiddetli,saldırgan,hırçın,A2
2161,desert,çöl,terk etmek,kaçmak,A2
2162,develop,gelişmek,geliştirmek,büyümek,A2
2163,rhythm,ritim,tartım,tempo,A2
2164,pepper,biber,karabiber,ekmek,A2
2165,reunion,kavuşma,buluşma,mezunlar buluşması,A2
2166,dishonest,dürüst olmayan,sahtekar,namussuz,A2
2167,diamond,elmas,pırlanta,karo,A2
2168,cash,nakit,peşin para,nakde çevirmek,A2
2169,photography,fotoğrafçılık,fotoğraf çekme,resim,A2
2170,dentist,diş hekimi,dişçi,diş tabibi,A2
2171,dislike,hoşlanmamak,sevmemek,nefret,A2
2172,pence,peniler,kuruşlar,bozuk para,A2
2173,photographer,fotoğrafçı,kameraman,resimçi,A2
2174,penfriend/pen friend,mektup arkadaşı,yazışma arkadaşı,sanal arkadaş,A2
2175,sense,duyu,anlam,mantık,A2
2176,calendar,takvim,günlük,ajanda,A2
2177,seed,tohum,çekirdek,cüsse,A2
2178,sew,dikmek,iğnelemek,örgü örmek,A2
2179,village,köy,karye,mezra,A2
2180,budget,bütçe,mali tablo,ekonomik,A2
2181,partly,kısmen,bir dereceye kadar,biraz,A2
2182,photograph,fotoğraf,resim,fotoğraflamak,A2
2183,department store,büyük mağaza,mağaza zinciri,alışveriş merkezi,A2
2184,bug,böcek,tahta kurusu,virüs,A2
2185,carrot,havuç,havuç rengi,teşvik,A2
2186,reveal,ortaya koymak,ifşa etmek,açığa vurmak,A2
2187,depend,bağlı olmak,güvenmek,dayanmak,A2
2188,truly,gerçekten,hakikaten,tamamen,A2
2189,represent,temsil etmek,ifade etmek,göstermek,A2
2190,petrol station,benzinlik,akaryakıt istasyonu,pompa,A2
2191,petrol,benzin,akaryakıt,yağ,A2
2192,cab,taksi,şoför mahalli,fayton,A2
2193,captain,kaptan,yüzbaşı,lider,A2
2194,path,patika,yol,güzergah,A2
2195,dessert,tatlı,meyve,ikram,A2
2196,permission,izin,müsaade,onay,A2
2197,destroy,yok etmek,tahrip etmek,mahvetmek,A2
2198,perfectly,mükemmel bir şekilde,kusursuzca,tamamen,A2
2199,disco,disko,diskotek,eğlence yeri,A2
2200,adult,yetişkin,erişkin,büyük,A2
2201,perform,sahnelemek,göstermek,icra etmek,A2
2202,capital letter,büyük harf,baş harf,mükemmel harf,A2
2203,traveler/traveller,gezgin,yolcu,seyyah,A2
2204,advanced,ileri düzey,gelişmiş,kıdemli,A2
2205,perhaps,belki,olası,muhtemelen,A2
2206,capital,başkent,sermaye,anapara,A2
2207,replace,değiştirmek,yerine koymak,yenilemek,A2
2208,perfume,parfüm,güzel koku,esans,A2
2209,detail,detay,ayrıntı,teferruat,A2
2210,pasta,makarna,pasta,hamur işi,A2
2211,reply,cevap vermek,yanıt,karşılık vermek,A2
2212,disappointing,hayal kırıklığı,üzücü,tatmin etmeyen,A2
2213,return,dönmek,geri vermek,iade etmek,A2
2214,semester,sömestr,dönem,yarıyıl,A2
2215,passage,geçit,pasaj,paragraf,A2
2216,passenger,yolcu,konuk,seyahat eden,A2
2217,bulb,ampul,soğan,bitki soğanı,A2
2218,trap,tuzak,kap,kapan,A2
2219,violin,keman,yaylı çalgı,müzik aleti,A2
2220,ability,yetenek,kabiliyet,beceri,A2
2221,remote,uzak,kumanda,izole,A2
2222,cafeteria,kafeterya,kantin,yemekhane,A2
2223,send,göndermek,yollamak,iletmek,A2
2224,trust,güvenmek,itimat,güven,A2
2225,trouble,sorun,dert,sıkıntı,A2
2226,car park,otopark,araç parkı,park yeri,A2
2227,rent,kira,kiralamak,giriş bedeli,A2
2228,discover,keşfetmek,fark etmek,bulmak,A2
2229,repair,tamir etmek,onarmak,düzeltmek,A2
2230,bookcase,kitaplık,kitap dolabı,raf,A2
2231,several,birkaç,çeşitli,kimi,A2
2232,personality,kişilik,şahsiyet,karakter,A2
2233,disappointed,hayal kırıklığı,üzgün,memnuniyetsiz,A2
2234,admire,hayran olmak,beğenmek,takdir etmek,A2
2235,perfect,mükemmel,kusursuz,kusursuzlaştırmak,A2
2236,report,rapor,bildirmek,haber vermek,A2
2237,visitor,ziyaretçi,konuk,misafir,A2
2238,performance,performans,başarı,gösteri,A2
2239,cassette,kaset,şerit,muhafaza,A2
2240,physical,fiziksel,bedensel,maddi,A2
2241,bus station,otogarı,otobüs durağı,otobüs terminali,A2
2242,bus stop,otobüs durağı,durak,bekleme yeri,A2
2243,bush,çalı,bodur ağaç,çalılık,A2
2244,treasure,hazine,servet,değer vermek,A2
2245,research,araştırma,inceleme,araştırmak,A2
2246,serve,hizmet etmek,servis yapmak,sunmak,A2
2247,bookshop,kitapçı,kitap dükkanı,sahaf,A2
2248,businessman,iş adamı,tüccar,sanayici,A2
2249,washing-up,bulaşık,bulaşık yıkama,temizlik,A2
2250,diet,diyet,beslenme,perhiz,A2
2251,die,ölmek,vefat etmek,son bulmak,A2
2252,truth,gerçek,doğruluk,hakikat,A2
2253,delay,gecikme,ertelemek,geciktirmek,A2
2254,video game,video oyunu,bilgisayar oyunu,konsol oyunu,A2
2255,bonus,ikramiye,prim,ek kazanç,A2
2256,secret,sır,gizli,giz,A2
2257,cause,sebep olmak,neden,yol açmak,A2
2258,differently,farklı olarak,başka türlü,değişik biçimde,A2
2259,voice,ses,ses tonu,fikir bildirme,A2
2260,pilgrim,hacı,ziyaretçi,gezgin,A2
2261,degree,derece,ölçek,diploma,A2
2262,pear,armut,armut ağacı,armut meyvesi,A2
2263,pile,yığın,küme,istif etmek,A2
2264,bury,gmmek,toprağa vermek,saklamak,A2
2265,digital camera,dijital kamera,sayısal fotoğraf makinesi,dijital fotoğraf makinesi,A2
2266,adventure,macera,serüven,maceraperestlik,A2
2267,shadow,gölge,izlemek,karanlık,A2
2268,secretary,sekreter,yazman,bakan,A2
2269,dinosaur,dinozor,eski kafalı,dev sürüngen,A2
2270,pilot,pilot,uçuş görevlisi,kılavuz,A2
2271,washing machine,çamaşır makinesi,yıkama makinesi,otomatik çamaşır makinesi,A2
2272,shade,gölge,ton,gölgelik,A2
2273,difficulty,zorluk,güçlük,problem,A2
2274,campus,kampüs,yerleşke,üniversite alanı,A2
2275,yeah,evet,peki,aynen,A2
2276,view,manzara,görünüm,görüş,A2
2277,request,istek,talep etmek,rica,A2
2278,retire,emekli olmak,çekilmek,emekliye ayrılmak,A2
2279,direct,doğrudan,yöneltmek,direkt,A2
2280,release,serbest bırakmak,piyasaya sürmek,salıvermek,A2
2281,part,parça,bölüm,kısım,A2
2282,castle,kale,şato,hisar,A2
2283,writing,yazı,yazma,yazarlık,A2
2284,adjective,sıfat,ön ad,niteleyici kelime,A2
2285,diary,günlük,ajanda,hatıra defteri,A2
2286,businesswoman,iş kadını,sanayici kadın,kadın girişimci,A2
2287,regular,düzenli,kuralli,olağan,A2
2288,director,yönetmen,müdür,direktör,A2
2289,separate,ayrı,ayırmak,farklı,A2
2290,additional,ek,ilave,fazladan,A2
2291,adjust,ayarlamak,uydurmak,alışmak,A2
2292,right-hand,sağ el,sağ taraftaki,en yakın yardımcı,A2
2293,vocabulary,kelime hazinesi,sözcük dağarcığı,lügat,A2
2294,physically,fiziksel olarak,bedenen,maddeten,A2
2295,zone,bölge,kuşak,alan,A2
2296,display,sergilemek,ekran,göstermek,A2
2297,retired,emekli,görevden ayrılmış,müstafi,A2
2298,pill,hap,tablet,kapsül,A2
2299,PC,kişisel bilgisayar,pc,masaüstü bilgisayar,A2
2300,seriously,ciddiyetle,ciddi olarak,gerçekten,A2
2301,direction,yön,istikamet,doğrultu,A2
2302,pea,bezelye,bezelye tanesi,ufak şey,A2
2303,relaxed,rahat,gevşemiş,huzurlu,A2
2304,regularly,düzenli olarak,muntazaman,sık sık,A2
2305,peaceful,huzurlu,barışçıl,sakin,A2
2306,camping,kamp,kampçılık,kamp kurma,A2
2307,relax,rahatlamak,dinlenmek,gevşemek,A2
2308,windsurfing,rüzgar sörfü,sörf,yelken tahtası,B1
2309,academy,akademi,yüksekokul,bilim kurulu,B1
2310,logo,logo,amblem,sembol,B1
2311,respect,saygı,hürmet,bakım,B1
2312,southwest,güneybatı,lodos,güneybatı yönü,B1
2313,resort,tatil köyü,başvuru,sığınak,B1
2314,apology,özür,mahcubiyet,savunma,B1
2315,southern,güney,güneye ait,güneydeki,B1
2316,resource,kaynak,öz kaynak,çare,B1
2317,loyal,sadık,vefalı,bağlı,B1
2318,routine,rutin,sıradan iş,alışılmış,B1
2319,rank,rütbe,derece,sıra,B1
2320,loyalty,sadakat,bağlılık,vefa,B1
2321,rescue,kurtarma,imdat,kurtarış,B1
2322,jewel,mücevher,değerli taş,cevahir,B1
2323,accent,aksan,vurgu,şive,B1
2324,loss,kayıp,zarar,ziyan,B1
2325,stall,tezgah,köşk,ahır,B1
2326,academic,akademik,bilimsel,akademisyen,B1
2327,jealous,kıskanç,hasut,imrenen,B1
2328,loudspeaker,hoparlör,ses yükseltici,megafon,B1
2329,resist,direnmek,karşı koymak,dayanmak,B1
2330,jazz,caz,caz müziği,caz tarzı,B1
2331,jar,kavanoz,çömlek,sarsıntı,B1
2332,ivory,fildişi,fildişi rengi,diş,B1
2333,resident,sakin,oturan,yerli,B1
2334,windscreen,ön cam,rüzgarlık,cam siperi,B1
2335,luggage,bagaj,valiz,yük,B1
2336,rainfall,yağış,yağmur,yağmur yağması,B1
2337,jail/gaol,hapis,cezaevi,tutukevi,B1
2338,rainforest,yağmur ormanı,tropik orman,orman,B1
2339,loud,gürültülü,sesli,yüksek sesli,B1
2340,residential,konut,yerleşim,meskun,B1
2341,lottery,piyango,loto,kur'a,B1
2342,artistic,sanatsal,sanatçı,estetik,B1
2343,researcher,araştırmacı,incelemeci,alim,B1
2344,reserve,rezerv,yedek,ayırmak,B1
2345,reunify,yeniden birleştirmek,bütünleştirmek,tekrar birleşmek,B1
2346,southeast,güneydoğu,güneydoğu yönü,keşişleme,B1
2347,rage,öfke,kızgınlık,furya,B1
2348,reunification,yeniden birleşme,bütünleşme,tekrar birleştirme,B1
2349,sour,ekşi,acı,bozulmuş,B1
2350,rough,engebeli,kaba,sert,B1
2351,resemble,benzemek,anımsatmak,andıra,B1
2352,lorry,kamyon,tır,yük arabası,B1
2353,railway,demiryolu,tren hattı,raylı sistem,B1
2354,reservation,rezervasyon,yerırtma,çekince,B1
2355,rail,ray,parmaklık,korkuluk,B1
2356,ashamed,utanmış,utangaç,mahcup,B1
2357,resolve,çözmek,karar vermek,halletmek,B1
2358,ape,maymun,şempanze,taklit etmek,B1
2359,railroad,demiryolu,tren yolu,ray hattı,B1
2360,lovingly,sevgiyle,şefkatle,seve seve,B1
2361,artist,sanatçı,ressam,oyuncu,B1
2362,jade,yeşim,yeşim taşı,eski kısrak,B1
2363,iron,demir,ütü,ütülemek,B1
2364,radiation,radyasyon,ışıma,ışınım,B1
2365,runway,pistin,defile yolu,kalkış pisti,B1
2366,marble,mermer,misket,bilye,B1
2367,maple,akçaağaç,akça,akçaağaç şurubu,B1
2368,retail,perakende,perakende satış,perakende satmak,B1
2369,quake,deprem,sarsıntı,titremek,B1
2370,antique,antika,eski eser,tarihi,B1
2371,sometime,bir ara,bazen,ileride bir zaman,B1
2372,steady,istikrarlı,sabit,düzenli,B1
2373,sometimes,bazen,arada sırada,kimi zaman,B1
2374,qualified,nitelikli,vasıflı,ehil,B1
2375,aspirin,aspirin,ağrı kesici,ilaç,B1
2376,wither,solmak,kurumak,sararmak,B1
2377,introduction,giriş,tanıtım,önsöz,B1
2378,steadily,düzenli olarak,istikrarlı bir şekilde,sürekli,B1
2379,mankind,insanlık,beşeriyet,insanoğlu,B1
2380,qualify,hak kazanmak,yeterli olmak,eleştirmek,B1
2381,management,yönetim,idare,işletme,B1
2382,quantity,miktar,nicelik,sayı,B1
2383,runaway,kaçak,firari,başıboş,B1
2384,status,statü,durum,konum,B1
2385,accessory,aksesuar,teferruat,yardımcı parça,B1
2386,puzzle,bulmaca,yapboz,kafa karıştırmak,B1
2387,someplace,bir yer,bir yere,bazı yerler,B1
2388,marine,deniz,denizci,donanma,B1
2389,accidental,kazara,tesadüfi,istemeden,B1
2390,intermediate,orta seviye,ara,orta,B1
2391,mass,kütle,topluluk,ayin,B1
2392,mash,püre yapmak,ezmek,lapa,B1
2393,retain,korumak,tutmak,muhafaza etmek,B1
2394,pure,saf,katkısız,temiz,B1
2395,purify,arıtmak,temizlemek,saflaştırmak,B1
2396,intermission,ara,teneffüs,mola,B1
2397,somehow,nasılsa,bir şekilde,öyle böyle,B1
2398,internal,dahili,iç,öz,B1
2399,internationally,uluslararası alanda,milletlerarası,dünya çapında,B1
2400,willingness,isteklilik,gönüllülük,arzululuk,B1
2401,invasion,istila,akın,yayılma,B1
2402,purse,cüzdan,kadın çantası,kesi,B1
2403,interrupt,sözünü kesmek,ara vermek,kesintiye uğratmak,B1
2404,steel,çelik,çelikten yapmak,metanet,B1
2405,steam,buhar,buhar çıkarmak,güç,B1
2406,interval,ara,fasıla,mola,B1
2407,interviewee,mülakat yapılan,sorgulanan,görüşülen kişi,B1
2408,marriage,evlilik,izdivaç,nikah,B1
2409,witness,tanık,şahit,tanıklık etmek,B1
2410,accidentally,kazara,yanlışlıkla,tesadüfen,B1
2411,marked,belirgin,işaretli,dikkat çekici,B1
2412,steep,dik,sarp,uçuk,B1
2413,isolation,izolasyon,tecrit,yalnızlık,B1
2414,antonym,zıt anlamlı,karşıt kelime,zıt kelime,B1
2415,restore,eski haline getirmek,onarmak,yenilemek,B1
2416,magician,büyücü,siirbaz,hokkabaz,B1
2417,magical,büyülü,sihirli,fevkalade,B1
2418,involved,karışmış,ilgi duyan,karmaşık,B1
2419,sorrow,keder,üzüntü,acı,B1
2420,ironing,ütü,ütüleme,ütü işi,B1
2421,aspect,yön,açı,görünüm,B1
2422,sort,çeşit,tür,ayıklamak,B1
2423,irregular,düzensiz,kuralsız,intizamsız,B1
2424,stare,dik dik bakmak,bakış,gözünü dikmek,B1
2425,rudely,kabalıkla,kabaca,saygısızca,B1
2426,anyhow,her neyse,zaten,nasılsa,B1
2427,soul,ruh,can,nefis,B1
2428,irritate,sinirlendirmek,tahriş etmek,öfkelendirmek,B1
2429,race,yarış,ırk,koşmak,B1
2430,aside,bir yana,kenara,öte,B1
2431,racial,ırksal,ırkî,ırk ile ilgili,B1
2432,respectable,saygın,saygıdeğer,uygun,B1
2433,standard,standart,ölçüt,seviye,B1
2434,rubbish,çöp,zübük,saçmalık,B1
2435,isle,ada,küçük ada,adacık,B1
2436,luxury,lüks,gösteriş,konfor,B1
2437,rubber,kauçuk,silgi,lastik,B1
2438,lung,akciğer,solunum organı,nefes,B1
2439,magnificent,görkemli,muhteşem,şahane,B1
2440,involve,içermek,dahil etmek,bulaştırmak,B1
2441,sore,ağrıyan,acıyan,yara,B1
2442,anxiously,endişeyle,kaygıyla,merakla,B1
2443,abandon,terk etmek,vazgeçmek,bırakmak,B1
2444,anxiety,kaygı,endişe,kaygılılık,B1
2445,soothe,yatıştırmak,sakinleştirmek,hafifletmek,B1
2446,accessible,erişilebilir,ulaşılabilir,kolay varılır,B1
2447,rest,dinlenmek,istirahat,geri kalan,B1
2448,question mark,soru işareti,şüphe,belirsizlik,B1
2449,invest,yatırım yapmak,sermaye koymak,donatmak,B1
2450,questionnaire,anket,soru formu,anket formu,B1
2451,majority,çoğunluk,ekseriyet,reşitlik,B1
2452,queue,kuyruk,sıra,bekleme,B1
2453,sophomore,ikinci sınıf öğrencisi,üniversite ikincisi,deneyimsiz kimse,B1
2454,restrict,kısıtlamak,sınırlamak,yasaklamak,B1
2455,maintenance,bakım,onarım,geçim,B1
2456,maintain,sürdürmek,bakım yapmak,iddia etmek,B1
2457,responsible,sorumlu,görevli,mesul,B1
2458,access,erişim,ulaşım,giriş,B1
2459,responsibility,sorumluluk,mesuliyet,görev,B1
2460,invitation,davetiye,davet,çağrı,B1
2461,acceptance,kabul,onay,benimseme,B1
2462,main,ana,baş,önemli,B1
2463,respond,yanıtlamak,cevap vermek,tepki göstermek,B1
2464,involuntarily,istem dışı,gayri ihtiyari,istemeyerek,B1
2465,mailbox,posta kutusu,mektup kutusu,e-posta kutusu,B1
2466,retrospect,geçmişe bakış,eski günleri anma,anımsama,B1
2467,investigation,soruşturma,araştırma,inceleme,B1
2468,jog,hafif koşu,koşmak,dürtmek,B1
2469,latecomer,geç kalan,geciken kimse,sonradan gelen,B1
2470,jogging,tempolu koşu,koşu,hafif koşu,B1
2471,legally,yasal olarak,kanunen,hukuken,B1
2472,legal,yasal,kanuni,meşru,B1
2473,reduce,azaltmak,düşürmek,küçültmek,B1
2474,reduction,azalma,indirim,düşüş,B1
2475,roadside,yol kenarı,kenar,yol boyu,B1
2476,knit,örgü örmek,örmek,birleştirmek,B1
2477,approval,onay,tasdik,kabul,B1
2478,sphere,küre,küre biçimi,alan,B1
2479,aboard,gemide,uçakta,içinde,B1
2480,spice,baharat,çeşni,tat,B1
2481,arise,ortaya çıkmak,doğmak,kalkmak,B1
2482,reef,resif,kayalık,yelken küçültmek,B1
2483,reliable,güvenilir,emin,sağlam,B1
2484,referee,hakem,maç hakemi,bilirkişi,B1
2485,lecture,ders,konferans,azarlama,B1
2486,lab,laboratuvar,lab,araştırma yeri,B1
2487,laboratory,laboratuvar,lab,deney yeri,B1
2488,approve,onaylamak,tasdik etmek,uygun bulmak,B1
2489,ladder,merdiven,seyyar merdiven,basamak,B1
2490,reflection,yansıma,aksi,düşünce,B1
2491,rid,kurtulmak,başından atmak,temizlemek,B1
2492,recycling,geri dönüşüm,yeniden değerlendirme,kazanım,B1
2493,spelling,imla,yazılış,harfleme,B1
2494,religion,din,inanç,mezhep,B1
2495,recycled,geri dönüştürülmüş,yeniden işlenmiş,tekrar kullanılan,B1
2496,kindness,nezaket,iyilik,lütufluk,B1
2497,lessen,azaltmak,hafifletmek,eksiltmek,B1
2498,recommend,tavsiye etmek,önermek,ötmek,B1
2499,robot,robot,otomat,makine insan,B1
2500,remembrance,anı,hatıra,anma,B1
2501,abnormal,anormal,alışılmadık,düzensiz,B1
2502,spectacular,muhteşem,görsel şölen,şaşalı,B1
2503,spectator,seyirci,izleyici,müşahedatçı,B1
2504,remedy,çare,ilaç,deva,B1
2505,length,uzunluk,boy,süre,B1
2506,relaxing,dinlendirici,rahatlatıcı,huzur verici,B1
2507,remarkable,dikkat çekici,olağanüstü,kayda değer,B1
2508,recording,kayıt,ses kaydı,görüntü kaydı,B1
2509,rewrite,yeniden yazmak,düzeltmek,metni yenilemek,B1
2510,remainder,kalan,artık,bakiye,B1
2511,recover,iyileşmek,kurtarmak,geri almak,B1
2512,rely,güvenmek,bağlı olmak,inanmak,B1
2513,kitten,kedi yavrusu,yavru kedi,kedicik,B1
2514,approach,yaklaşmak,yaklaşım,tarz,B1
2515,recovery,iyileşme,kurtarma,toparlanma,B1
2516,arithmetic,aritmetik,hesap,sayı bilgisi,B1
2517,religious,dini,dindar,mabetle ilgili,B1
2518,remark,açıklama,belirtmek,yorum,B1
2519,spicy,baharatlı,acılı,çemenli,B1
2520,lamb,kuzu,kuzu eti,evlat,B1
2521,riddle,bilmece,muamma,bulmaca,B1
2522,leadership,liderlik,önderlik,başkanlık,B1
2523,sponsor,sponsor,destekçi,himaye etmek,B1
2524,ripe,olgun,erişkin,zamanı gelmiş,B1
2525,regain,yeniden kazanmak,geri almak,kurtarmak,B1
2526,regard,saygı,hesaba katmak,gözetmek,B1
2527,layer,tabaka,katman,kat,B1
2528,lay,sermek,yatırmak,koymak,B1
2529,regarding,hakkında,ilişkin,dair,B1
2530,sponge,sünger,banyo süngeri,emici,B1
2531,region,bölge,yöre,alan,B1
2532,refuse,reddetmek,geri çevirmek,çöp,B1
2533,lawful,yasal,kanuni,meşru,B1
2534,regulation,yönetmelik,düzenleme,kural,B1
2535,lasting,kalıcı,uzun süreli,dayanıklı,B1
2536,register,kaydetmek,sicil,kayıt defteri,B1
2537,architect,mimar,kurucu,tasarımcı,B1
2538,launch,fırlatmak,başlatmak,denize indirmek,B1
2539,laughter,gülme,kahkaha,gülüş,B1
2540,registration,kayıt,tescil,kaydolma,B1
2541,wire,tel,kablo,telgraf,B1
2542,spoil,bozmak,şımarık,çürümek,B1
2543,lately,son zamanlarda,gecikmeli,yakınlarda,B1
2544,regional,bölgesel,yöresel,mahalli,B1
2545,recognize/recognise,tanımak,fark etmek,kabul etmek,B1
2546,largely,büyük ölçüde,genellikle,çoğunlukla,B1
2547,leading,önde gelen,başlıca,lider,B1
2548,refreshments,atıştırmalıklar,serinletici içecekler,ikramlar,B1
2549,spider,örümcek,ağ örücü,metal ayak,B1
2550,relatively,nispeten,göreli olarak,oranla,B1
2551,sportsmanship,sportmenlik,dürüst oyun,erkekçilik,B1
2552,relative,akraba,göreli,nispi,B1
2553,leap,atlayış,sıçrama,fırlama,B1
2554,relationship,ilişki,alaka,bağlantı,B1
2555,landlord,ev sahibi,mülk sahibi,patron,B1
2556,relation,ilişki,akraba,bağ,B1
2557,sports,sporlar,sportif,oyunlar,B1
2558,aborigine,yerli,yerli halk,avustralya yerlisi,B1
2559,risk,risk,tehlike,göze alma,B1
2560,rise,yükseliş,artış,zam,B1
2561,spiral,sarmal,helezon,spiral,B1
2562,lean,yaslanmak,eğilmek,yağsız,B1
2563,relate,ilişkilendirmek,anlatmak,bağ kurmak,B1
2564,spirit,ruh,can,cin,B1
2565,refund,geri ödeme,iade,para iadesi,B1
2566,reject,reddetmek,geri çevirmek,beğenmemek,B1
2567,league,lig,birlik,federe,B1
2568,spiritual,tinsel,ruhsal,manevi,B1
2569,ridiculous,gülünç,saçma,absürt,B1
2570,refusal,ret,geri çevirme,istememe,B1
2571,approximately,yaklaşık olarak,tahminen,kısmen,B1
2572,spinach,ıspanak,ıspanak yaprağı,yeşillik,B1
2573,logic,mantık,akıl yürütme,düşünce,B1
2574,appreciation,takdir,beğeni,minnettarlık,B1
2575,reclaim,geri almak,ıslah etmek,kazanmak,B1
2576,ration,Rasyon,karın tokluğu,pay,B1
2577,reputation,itibar,şan,şöhret,B1
2578,rational,akılcı,mantıklı,rasyonel,B1
2579,judgment/judgement,yargı,karar,takdir,B1
2580,republic,cumhuriyet,devlet,halk idaresi,B1
2581,jug,srahi,küp,testi,B1
2582,liquid,sıvı,nakit,akışkan,B1
2583,appetite,iştah,arzu,istek,B1
2584,link,bağlantı,halka,ilişki,B1
2585,arrow,ok,işaret,ok işareti,B1
2586,sparkle,parıltı,ışıltı,kıvılcım,B1
2587,applaud,alkışlamak,beğenmek,kutlamak,B1
2588,limp,topallamak,aksamak,gevşek,B1
2589,limited,sınırlı,kısıtlı,az,B1
2590,limitation,sınırlama,kısıtlama,kısıt,B1
2591,reproduce,çoğaltmak,üretime,kopyalamak,B1
2592,limit,sınır,uç,tavan,B1
2593,applause,alkış,beğeni,övgü,B1
2594,juicy,sulugöz,sulandırma,lezzetli,B1
2595,revise,gözden geçirmek,düzeltmek,tadil etmek,B1
2596,react,tepki göstermek,reaksiyon,karşı koymak,B1
2597,abstract,soyut,özet,kuramsal,B1
2598,likeness,benzerlik,portre,suret,B1
2599,literary,edebi,yazınsal,kitabi,B1
2600,literature,edebiyat,yazın,kaynakça,B1
2601,abundance,bolluk,bereket,çokluk,B1
2602,log,kütük,odun,seyir defteri,B1
2603,requirement,gereksinim,şart,koşul,B1
2604,rotten,çürük,bozulmuş,kokuşmuş,B1
2605,rapid,hızlı,süratli,çabuk,B1
2606,lodge,kulübe,barınmak,dağ evi,B1
2607,rapidly,hızla,süratle,çabucak,B1
2608,location,konum,yer,mevki,B1
2609,rare,nadir,seyrek,az bulunan,B1
2610,joint,eklem,ortak,bağlantı,B1
2611,locate,yerleştirmek,bulmak,konumlandırmak,B1
2612,absorb,emmek,soğurmak,kavramak,B1
2613,require,gerektirmek,istemek,lazım olmak,B1
2614,rarely,nadiren,seyrek,pek az,B1
2615,raspberry,ahududu,frambuaz,böğürtlen türü,B1
2616,souvenir,hatıra,hediyelik eşya,anı,B1
2617,journal,günlük,dergi,jurnal,B1
2618,loaf,somun,ekmek kalıbı,aylaklık etmek,B1
2619,journalist,gazeteci,muhabir,yazar,B1
2620,abundant,bol,bereketli,aşırı,B1
2621,apparent,açık,bariz,aşikar,B1
2622,liver,karaciğer,ciğer,yaşayan,B1
2623,appeal,çekicilik,itiraz etmek,başvurmak,B1
2624,representative,temsilci,mümessil,tipik,B1
2625,repeatedly,tekrarlanarak,defalarca,sürekli olarak,B1
2626,rolling,dalgalı,yuvarlanan,dönen,B1
2627,librarian,kütüphaneci,kitaplık memuru,kütük görevlisi,B1
2628,kettle,su ısıtıcısı,çaydanlık,kettle,B1
2629,arrange,düzenlemek,ayarlamak,sıralamak,B1
2630,rebuild,yeniden kurmak,onarmak,yeniden inşa etmek,B1
2631,recall,hatırlamak,anımsamak,geri çağırmak,B1
2632,keyboard,klavye,tuş takımı,tuşlu çalgı,B1
2633,wing,kanat,kol,kanat kesimi,B1
2634,liberation,kurtuluş,özgürlük,bağımsızlık,B1
2635,liberate,özgürleştirmek,kurtarmak,bağımsız kılmak,B1
2636,arrangement,düzenleme,anlaşma,tertibat,B1
2637,able,muktedir,yetenekli,gücü yeten,B1
2638,army,ordu,askeri birlik,topluluk,B1
2639,reception,resepsiyon,kabul,resepsiyon masası,B1
2640,liar,yalancı,fesat,asılsız söz söyleyen,B1
2641,killing,öldürme,cinayet,katliam,B1
2642,renew,yenilemek,tazelemek,uzatmak,B1
2643,remove,kaldırmak,çıkarmak,uzaklaştırmak,B1
2644,remote control,uzaktan kumanda,kumanda,uzaktan idare,B1
2645,recite,ezberden okumak,şiir okumak,sıralamak,B1
2646,lettuce,marul,salata,kıvırcık,B1
2647,reward,ödül,mükâfat,ödüllendirmek,B1
2648,repay,geri ödemek,karşılığını vermek,borcunu ödemek,B1
2649,justice,adalet,hak,adliye,B1
2650,stable,kararlı,ahır,istikrarlı,B1
2651,absolutely,kesinlikle,mutlaka,tamamen,B1
2652,lightning,şimşek,yıldırım,çakma,B1
2653,lightly,hafifçe,az,yüzeysel,B1
2654,absolute,mutlak,kesin,tam,B1
2655,absent,eksik,bulunmayan,dalgın,B1
2656,application,başvuru,uygulama,tatbik,B1
2657,lighter,çakmak,daha hafif,lüfer,B1
2658,specialist,mütehassıs,uzman,mutemet,B1
2659,realistic,gerçekçi,realist,uygulanabilir,B1
2660,lift,asansör,kaldırmak,yükseltmek,B1
2661,arrest,tutuklamak,yakalama,durdurmak,B1
2662,reality,gerçeklik,hakikat,realite,B1
2663,specialize/specialise,uzmanlaşmak,ihtisas yapmak,özgü kılmak,B1
2664,jumper,kazak,atlamacı,tulum,B1
2665,arrival,varış,geliş,ulaşma,B1
2666,jungle,orman,vahşi orman,cangıl,B1
2667,lifelong,ömür boyu,yaşam boyu,hayat boyu,B1
2668,specially,özellikle,özel olarak,bilhassa,B1
2669,lifeguard,cankurtaran,cankurtaran memuru,gözetmen,B1
2670,absence,yokluk,bulunmama,devamsızlık,B1
2671,appoint,atamak,tayin etmek,kararlaştırmak,B1
2672,rearrange,yeniden düzenlemek,baştan kurmak,yelpazelemek,B1
2673,revision,revizyon,gözden geçirme,tekrar,B1
2674,reasonable,makul,uygun,mantıklı,B1
2675,razor,ustura,jilet,traş bıçağı,B1
2676,wrap,sarmak,paketlemek,örtmek,B1
2677,puppy,enik,yavru köpek,köpek yavrusu,B1
2678,secretly,gizlice,gizli olarak,hırsızlama,B1
2679,significance,önem,anlam,mıntıka,B1
2680,signature,imza,giriş müziği,alamet,B1
2681,signal,sinyal,işaret,uyarı,B1
2682,obstacle,engel,mani,pürüz,B1
2683,obtain,elde etmek,almak,kazanmak,B1
2684,obvious,açık,belli,aşikar,B1
2685,obviously,açıkça,belli ki,aşikar bir şekilde,B1
2686,occasion,vesile,fırsat,özel gün,B1
2687,addressee,alıcı,muhatap,gönderilen,B1
2688,secure,güvenli,emniyetli,sağlama almak,B1
2689,occasional,arada sırada olan,bazı,tesadüfi,B1
2690,occasionally,ara sıra,bazen,zaman zaman,B1
2691,pie,turta,börek,pasta,B1
2692,occupy,işgal etmek,zapt etmek,meşgul etmek,B1
2693,observe,gözlemlemek,incelemek,uymak,B1
2694,objective,nesnel,hedef,amaç,B1
2695,numerous,sayısız,çok,pek çok,B1
2696,pineapple,ananas,ananas ağacı,ananas meyvesi,B1
2697,nutrient,besin,besin maddesi,gıdalar,B1
2698,nutrition,beslenme,besin,besleyicilik,B1
2699,nutritious,besleyici,besinli,şifalı,B1
2700,pin,iğne,toplu iğne,tutturmak,B1
2701,silk,ipek,ipekli kumaş,ipek iplik,B1
2702,pillow,yastık,baş yastığı,minder,B1
2703,silent,sessiz,suskun,sapsağlam,B1
2704,object,nesne,cisim,itiraz etmek,B1
2705,signpost,yol levhası,tabela,rehber,B1
2706,objection,itiraz,karşı çıkma,muhalefet,B1
2707,piety,dindarlık,takva,hürmet,B1
2708,observation,gözlem,inceleme,tespit,B1
2709,occur,meydana gelmek,olmak,aklına gelmek,B1
2710,ocean,okyanus,deniz,uçsuz bucaksız,B1
2711,security,güvenlik,emniyet,garanti,B1
2712,phoenix,anka kuşu,zümrüdüanka,feniks,B1
2713,agriculture,tarım,ziraat,topraksöz,B1
2714,philosophy,felsefe,yaşam felsefesi,düşünce sistemi,B1
2715,agricultural,tarımsal,zirai,tarıma dayalı,B1
2716,philosopher,filozof,felsefeci,düşünür,B1
2717,agreement,anlaşma,uzlaşma,mutabakat,B1
2718,phenomenon,olgu,fenomen,doğa olayı,B1
2719,pharmacy,eczane,eczacılık,ilaç bilimi,B1
2720,phantom,hayalet,hortlak,hayal,B1
2721,seize,kapmak,el koymak,yakalamak,B1
2722,oneself,kendisi,kendi,kendini,B1
2723,select,seçmek,seçkin,ayıklamak,B1
2724,persuasive,ikna edici,inandırıcı,etkileyici,B1
2725,onstage,sahnede,sahne üstünde,gösteride,B1
2726,stem,gövde,kök,sap,B1
2727,administration,yönetim,idare,icra,B1
2728,sickness,hastalık,rahatsızlık,bulantı,B1
2729,old-fashioned,eski moda,eski,geleneksel,B1
2730,physics,fizik,fizik bilimi,maddebilim,B1
2731,airline,havayolu,havayolu şirketi,uçuş hattı,B1
2732,phrase,ifade,deyim,tamlama,B1
2733,phrasal verb,deyimsel fiil,öbeç fiil,bileşik fiil,B1
2734,air force,hava kuvvetleri,hava ordusu,hava gücü,B1
2735,similarity,benzerlik,aynılık,müşaabe,B1
2736,offensive,saldırgan,rahatsız edici,taarruz,B1
2737,sigh,iç çekmek,ah çekmek,inilti,B1
2738,officially,resmen,resmi olarak,kanunen,B1
2739,sidewalk,kaldırım,yaya yolu,yaya kaldırımı,B1
2740,oily,yağlı,vıcık vıcık,sıvı yağ,B1
2741,photocopy,fotokopi,kopya,fotokopi çekmek,B1
2742,aim,amaç,hedef,nişan almak,B1
2743,aid,yardım,destek,imdat,B1
2744,air conditioning,klima,iklimlendirme,hava ayarı,B1
2745,pipe,boru,pipo,tüp,B1
2746,second-hand,ikinci el,kullanılmış,eski,B1
2747,similarly,benzer şekilde,aynı şekilde,keza,B1
2748,poetry,şiir,şiir sanat,nazım,B1
2749,poet,şair,ozan,nazım yazarı,B1
2750,actress,kadın oyuncu,aktris,tiyatrocu,B1
2751,pocket money,harçlık,cep harçlığı,çocuk parası,B1
2752,season,mevsim,sezon,dönem,B1
2753,plug,fiş,priz,tıkaç,B1
2754,nod,başla selam vermek,kafa sallamak,onaylamak,B1
2755,alike,benzer,aynı şekilde,benzer şekilde,B1
2756,noisily,gürültülü bir şekilde,şangur şungur,sesli olarak,B1
2757,seawater,deniz suyu,tuzlu su,okyanus suyu,B1
2758,none,hiçbiri,hiç,hiç birşey,B1
2759,nightlife,gece hayatı,eğlence hayatı,gece eğlencesi,B1
2760,allergic,alerjik,hassas,dokunan,B1
2761,niece,kız yeğen,yeğen,kardeş kızı,B1
2762,poison,zehir,zehirlemek,uğursuzluk,B1
2763,politician,politikacı,siyasetçi,devlet adamı,B1
2764,neutral,tarafsız,nötr,bağımsız,B1
2765,nevertheless,yine de,bununla birlikte,ancak,B1
2766,politely,kibarca,nezaketle,nazikçe,B1
2767,newborn,yenidoğan,yeni doğmuş,bebek,B1
2768,newcomer,yeni gelen,yabancı,acemi,B1
2769,newly,yeni,yeni doğmuş,taze olarak,B1
2770,nonetheless,yine de,buna rağmen,her şeye rağmen,B1
2771,sculpture,heykel,heykelcilik,oyma,B1
2772,policy,politika,ilke,sigorta poliçesi,B1
2773,next door,yan kapı,yan oda,komşu,B1
2774,next-door,yan taraftaki,komşu,bitişik,B1
2775,nickname,takma ad,lakap,nam,B1
2776,pole,direk,kutup,sırık,B1
2777,poisonous,zehirli,zararlı,murdar,B1
2778,allowance,ödenek,harçlık,tahsisat,B1
2779,onto/on to,üzerine,üstüne,doğru,B1
2780,nonsense,saçmalık,anlamsız söz,safsata,B1
2781,noticeboard,ilan tahtası,duyuru panosu,pano,B1
2782,notion,kavram,fikir,düşünce,B1
2783,notorious,adı çıkmış,kötü şöhretli,mötür,B1
2784,simplify,basitleştirmek,kolaylaştırmak,sadeleştirmek,B1
2785,yell,bağırmak,haykırmak,çığlık atmak,B1
2786,plain,düz,ova,sade,B1
2787,novelist,romancı,hikayeci,yazar,B1
2788,pit,çukur,kuyu,maden ocağı,B1
2789,secondary school,ortaokul,orta derece okul,lise,B1
2790,nowhere,hiçbir yer,hiçbir yere,meçhul yer,B1
2791,nuclear,nükleer,çekirdeksel,atom,B1
2792,nucleus,çekirdek,öz,merkez,B1
2793,noticeable,fark edilir,göze çarpan,belirgin,B1
2794,ad,reklam,ilan,tanıtım,B1
2795,nor,ne de,da değil,değil,B1
2796,pleasantly,hoş bir şekilde,tatlılıkla,keyifle,B1
2797,normally,normalde,genellikle,olağan olarak,B1
2798,seaweed,deniz yosunu,su yosunu,yosun,B1
2799,northeast,kuzeydoğu,kuzeydoğu yönü,poyraz,B1
2800,northeastern,kuzeydoğulu,kuzeydoğu,kuzeydoğuya ait,B1
2801,northern,kuzey,kuzeydeki,kuzeye ait,B1
2802,northwest,kuzeybatı,kuzeybatıda,kuzeybatıya,B1
2803,northwestern,kuzeybatılı,kuzeybatıda bulunan,kuzeybatıya ait,B1
2804,platform,platform,peron,sehpa,B1
2805,simultaneously,aynı anda,eş zamanlı,birlikte,B1
2806,alcoholic,alkollü,alkolik,içkili kimse,B1
2807,alcohol,alkol,ispirtolu içki,müskirat,B1
2808,adapt,uyarlamak,adapte olmak,alışmak,B1
2809,network,ağ,şebeke,bağlantı sistemi,B1
2810,worth,değer,kıymet,lâyık,B1
2811,sheer,saf,katıksız,dik,B1
2812,affect,etkilemek,duygulandırmak,zarar vermek,B1
2813,severe,şiddetli,ciddi,sert,B1
2814,passion,tutku,tutkuyla sevme,şiddetli arzu,B1
2815,overwhelm,ezmek,bunaltmak,boğmak,B1
2816,overwhelming,ezici,bunalımlı,aşırı büyük,B1
2817,overwork,fazla çalıştırmak,aşırı çalışma,yorgun düşürmek,B1
2818,owe,borçlu olmak,borcu olmak,borç etmek,B1
2819,owing,ötürü,sayesinde,borçlu,B1
2820,shave,tıraş olmak,tıraş,kazımak,B1
2821,wrist,bilek,el bileği,kol bileği,B1
2822,aerobics,aerobik,jimnastik türü,aerobik sporu,B1
2823,part-time,yarı zamanlı,kısmi süreli,yarım gün,B1
2824,severely,şiddetle,ciddi şekilde,ağır biçimde,B1
2825,passive,pasif,edilgen,eylemsiz,B1
2826,adviser/advisor,danışman,müşavir,rehber,B1
2827,sheet,çarşaf,tabaka,sayfa,B1
2828,passport,pasaport,geçiş kağıdı,seyahat belgesi,B1
2829,overcome,üstesinden gelmek,yenmek,aşmak,B1
2830,shiny,parlak,ışıltılı,cilalı,B1
2831,settlement,yerleşim,anlaşma,ödeme,B1
2832,settler,yerleşimci,göçmen,kolonist,B1
2833,shift,vardiya,değiştirmek,kaydırmak,B1
2834,overjoyed,aşırı sevinçli,mutluluktan uçan,neşeli,B1
2835,sheriff,şerif,bölge polisi,kolluk amiri,B1
2836,patience,sabır,tahammül,metanet,B1
2837,wristwatch,kol saati,kol saati,saat,B1
2838,overnight,geceleyin,gece boyunca,ansızın,B1
2839,shelter,sığınak,barınak,barındırmak,B1
2840,advance,ilerlemek,avans,gelişme,B1
2841,password,şifre,parola,güvenlik kodu,B1
2842,affection,şefkat,sevgi,bağlılık,B1
2843,oxygen,oksijen,nefes gazı,yaşam gazı,B1
2844,particularly,özellikle,özgül olarak,özgü,B1
2845,sex,cinsiyet,seks,cinsel ilişki,B1
2846,advertise,reklam yapmak,ilan vermek,tanıtmak,B1
2847,advert,reklam,ilan,duyuru,B1
2848,adverb,zarf,belirteç,eylem belirteci,B1
2849,shadowy,gölgeli,loş,belirsiz,B1
2850,wound,yara,yaralamak,incitmek,B1
2851,pale,soluk,benzi atmış,açık renk,B1
2852,paradise,cennet,huzurlu yer,mutluluk diyarı,B1
2853,shameful,utanç verici,rezil,ayıp,B1
2854,adverbial,zarf,zarf tümleci,zarfla ilgili,B1
2855,palm,el ayası,hurma ağacı,avuç içi,B1
2856,parachute,paraşüt,paraşütle atlamak,hava yedeği,B1
2857,shame,utanç,ayıp,yazık,B1
2858,shallow,sığ,derin olmayan,yüzeysel,B1
2859,paralyze/paralyse,felç etmek,etkisiz kılmak,dondurmak,B1
2860,parcel,paket,koli,arazi parçası,B1
2861,wrapping,ambalaj,paketleme,sarma kağıdı,B1
2862,painful,ağrılı,acı verici,üzücü,B1
2863,sharp,keskin,sivri,ani,B1
2864,participle,ortaç,fiilimsİ,ulaç,B1
2865,pace,adım,tempo,hız,B1
2866,participate,katılmak,iştirak etmek,yer almak,B1
2867,participant,katılımcı,iştirakçi,ortak,B1
2868,package,paket,koli,ambalaj,B1
2869,partial,kısmi,taraflı,yarım,B1
2870,settle,yerleşmek,karara bağlamak,ödemek,B1
2871,parrot,papağan,ezberci,taklitçi,B1
2872,packing,paketleme,ambalajlama,eşya toplama,B1
2873,paddle,kürek,kürek çekmek,paddıl,B1
2874,parental,ebeveyn,ana baba,veli ile ilgili,B1
2875,paid,ödenmiş,ücretli,maaşlı,B1
2876,pain,ağrı,acı,sancı,B1
2877,parking,park,park etme,otopark,B1
2878,setting,ortam,ayar,konum,B1
2879,patrol,devriye,devriye gezmek,kol,B1
2880,orbit,yörünge,etrafında dönmek,çevre,B1
2881,orchestra,orkestra,bando,müzik grubu,B1
2882,performer,sanatçı,oyuncu,icracı,B1
2883,orderly,düzenli,intizamlı,hademe,B1
2884,ordinary,sıradan,olağan,normal,B1
2885,organ,organ,uzuv,çalgı,B1
2886,organic,organik,doğal,canlı,B1
2887,percent/per cent,yüzde,yüzde oran,faiz,B1
2888,organism,organizma,canlı,bünye,B1
2889,per,her bir,başına,vasıtasıyla,B1
2890,organization/organisation,kuruluş,örgüt,organizasyon,B1
2891,sensation,duyu,sansasyon,duygu,B1
2892,penny,peni,küçük para,kuruş,B1
2893,origin,köken,menşe,başlangıç,B1
2894,oral,sözlü,ağız,şifahi,B1
2895,agenda,gündem,ajanda,program,B1
2896,option,seçenek,tercih,opsiyon,B1
2897,admission,kabul,giriş,itiraf,B1
2898,selection,seçim,seçme,çeşit,B1
2899,aggressive,agresif,saldırgan,atak,B1
2900,operation,operasyon,ameliyat,işlem,B1
2901,persuade,ikna etmek,inandırmak,razı etmek,B1
2902,selfish,bencil,özçıkarcı,bencilce,B1
2903,personally,şahsen,bizzat,kişisel olarak,B1
2904,admiration,hayranlık,beğeni,takdir,B1
2905,penniless,parasız,züğürt,Pulsuz,B1
2906,self-service,self servis,öz hizmet,kendi kendine,B1
2907,permit,izin vermek,müsaade etmek,izin belgesi,B1
2908,opposition,muhalefet,karşıtlık,zıtlık,B1
2909,oppress,ezmek,baskı yapmak,zulmetmek,B1
2910,permanently,kalıcı olarak,daimi surette,ebediyen,B1
2911,oppression,baskı,zulüm,ezivet,B1
2912,shrimp,karides,ufafık kimse,cüce,B1
2913,permanent,kalıcı,daimi,sabit,B1
2914,opening,açılış,açıklık,boşluk,B1
2915,adopt,evlat edinmek,benimsemek,uygulamaya koymak,B1
2916,separation,ayrılma,ayrılık,farklılaşma,B1
2917,out-of-date,eski,modası geçmiş,bayat,B1
2918,server,sunucu,garson,servis elemanı,B1
2919,service,hizmet,servis,bakım,B1
2920,shocking,şoke edici,şaşırtıcı,korkunç,B1
2921,shocked,şoke olmuş,şaşırmış,sarsılmış,B1
2922,worthwhile,değer,faydalı,zahmete değer,B1
2923,session,oturum,celse,toplantı,B1
2924,outstanding,seçkin,üstün,ödenmemiş,B1
2925,outward,dışa dönük,harici,dıştaki,B1
2926,shiver,titreme,ürperme,titremek,B1
2927,outweigh,ağır basmak,üstün gelmek,değerli olmak,B1
2928,afford,gücü yetmek,karşılayabilmek,sağlamak,B1
2929,pause,duraklama,ara,durmak,B1
2930,pattern,model,örnek,desen,B1
2931,worthy,değerli,layık,hutut,B1
2932,adorable,sevimli,tatlı,tapılası,B1
2933,outline,taslak,ana hat,çizgi,B1
2934,outlaw,kanun kaçağı,yasaklamak,mahkum,B1
2935,otherwise,aksi takdirde,başka türlü,öbür türlü,B1
2936,ought to,-meli,-malı,gerekmek,B1
2937,shortly,yakında,kısaca,az sonra,B1
2938,afterwards,sonradan,daha sonra,akabinde,B1
2939,afterward,sonra,daha sonra,ardından,B1
2940,sequence,sıra,dizi,ardışıklık,B1
2941,shortage,kıtlık,eksiklik,açık,B1
2942,written,yazılı,kaleme alınmış,metin,B1
2943,peculiar,tuhaf,özgü,acayip,B1
2944,peanut,yer fıstığı,fıstık,önemsiz şey,B1
2945,serious,ciddi,ağır,vahim,B1
2946,outdoor,açık hava,dış mekan,dışarıdaki,B1
2947,outdoors,dışarıda,açık havada,dışarı,B1
2948,outer,dış,harici,dıştaki,B1
2949,shopper,alışverişçi,müşteri,alıcı,B1
2950,series,dizi,seri,silsile,B1
2951,politics,siyaset,politika,devlet işleri,B1
2952,pollutant,kirletici,çevre kirletici,atık madde,B1
2953,pond,gölet,havuz,su birikintisi,B1
2954,accountant,muhasebeci,mali müşavir,hesap uzmanı,B1
2955,sand,kum,kumsal,zımpara,B1
2956,angle,açı,bakış açısı,köşe,B1
2957,sandal,sandalet,kayık,takunya,B1
2958,professor,profesör,öğretim üyesi,hoca,B1
2959,anger,öfke,kızgınlık,sinir,B1
2960,mineral,mineral,maden,mineral suyu,B1
2961,profession,meslek,uzmanlık,sanat,B1
2962,minimize/minimise,en aza indirmek,küçültmek,azaltmak,B1
2963,productive,üretken,verimli,faydalı,B1
2964,minimum,en az,asgari,minimum,B1
2965,producer,yapımcı,üretici,imalatçı,B1
2966,sneeze,hapşırmak,aksırmak,hapşırık,B1
2967,minor,önemsiz,küçük,reşit olmayan,B1
2968,minority,azınlık,çoğunluk dışı,küçüklük,B1
2969,progress,ilerleme,gelişme,kat etmek,B1
2970,mild,ılımlı,hafif,yumuşak,B1
2971,proof,kanıt,ispat,delil,B1
2972,animated,canlı,çizgi film,hareketli,B1
2973,soap opera,pembe dizi,günlük dizi,melodram,B1
2974,pronoun,zamir,adıl,isim yer tutucu,B1
2975,salesman,satıcı,pazarlamacı,tezgahtar,B1
2976,promotion,terfi,tanıtım,kampanya,B1
2977,promote,terfi ettirmek,teşvik etmek,tanıtmak,B1
2978,prominent,seçkin,önemli,gze çarpan,B1
2979,middle-aged,orta yaşlı,orta yaş,olgun,B1
2980,salmon,somon,somon balığı,somon rengi,B1
2981,snowstorm,tipi,kar fırtınası,kar borası,B1
2982,prohibition,yasak,yasaklama,men etme,B1
2983,snowboard,kar tahtası,snowboard,kar kayağı tahtası,B1
2984,mile,mil,uzak mesafe,deniz mili,B1
2985,minus,eksi,çıkarma işareti,dezavantaj,B1
2986,procrastination,ertepeme,işi aksatma,geciktirme,B1
2987,miracle,mucize,keramet,harika,B1
2988,mixing bowl,karıştırma kabı,hamur leğeni,çırpma kabı,B1
2989,analyze/analyse,analiz etmek,incelemek,çözümlemek,B1
2990,principle,ilke,prensip,kural,B1
2991,modal verb/modal,kip fiili,yardımcı fiil,modal,B1
2992,modem,modem,ağ geçidi,veri dönüştürücü,B1
2993,moderate,ılımlı,orta,ölçülü,B1
2994,accurate,kesin,doğru,hatasız,B1
2995,accurately,doğru bir şekilde,kesin olarak,hatasızca,B1
2996,primitive,ilkel,eski,basit,B1
2997,analysis,analiz,inceleme,çözümleme,B1
2998,primary school,ilkokul,ilk mektep,temel eğitim okulu,B1
2999,smoker,sigara içen,tütüncü,tütsüleyici,B1
3000,misunderstanding,yanlış anlama,yanlış anlaşılma,anlaşmazlık,B1
3001,misty,sisli,puslu,bulutlu,B1
3002,satisfied,memnun,hoşnut,tatmin olmuş,B1
3003,proclaim,ilan etmek,duyurmak,bildirmek,B1
3004,process,süreç,işlem,işlemek,B1
3005,mischief,yaramazlık,fesatlık,belâ,B1
3006,miserable,perişan,sefil,mutsuz,B1
3007,misery,sefalet,perişanlık,çile,B1
3008,mislead,yanıltmak,aldatmak,yanlış yönlendirmek,B1
3009,proceed,ilerlemek,devam etmek,başlamak,B1
3010,messy,dağınık,karışık,pis,B1
3011,accuracy,doğruluk,kesinlik,isabet,B1
3012,prize,ödül,ikramiye,değer vermek,B1
3013,mission,görev,misyon,elçilik,B1
3014,satellite,uydu,tüccar gemisi,peyk,B1
3015,satisfaction,memnuniyet,tatmin,hoşnutluk,B1
3016,privacy,gizlilik,özel hayat,mahremiyet,B1
3017,prisoner,mahkum,tutsak,mapus,B1
3018,prison,cezaevi,hapis,hapishane,B1
3019,probability,olasılık,ihtimal,mümkünlük,B1
3020,message board,mesaj panosu,duyuru tahtası,forum,B1
3021,animation,animasyon,canlandırma,canlılık,B1
3022,properly,düzgünce,uygun şekilde,gereği gibi,B1
3023,safari,safari,gezi,av turu,B1
3024,annually,yılda bir,her yıl,yıllık olarak,B1
3025,public transport,toplu taşıma,kamu taşımacılığı,toplu ulaşım,B1
3026,soil,toprak,arazi,kirletmek,B1
3027,annual,yıllık,senelik,yıllık dergi,B1
3028,pub,bar,meyhane,birahane,B1
3029,meaningful,anlamlı,manidar,ifadeli,B1
3030,meanwhile,bu sırada,bu esnada,oysa,B1
3031,measure,ölçmek,tedbir,önlem,B1
3032,measurement,ölçüm,ölçü,ebat,B1
3033,mechanic,tamirci,makinist,mekanikçi,B1
3034,mechanical,mekanik,makineye ait,otomatik,B1
3035,safeguard,korumak,güvence,teminat,B1
3036,psychological,psikolojik,ruhi,ruhsal,B1
3037,mayor,belediye başkanı,şehir reisi,başkan,B1
3038,sadness,üzüntü,keder,hüzün,B1
3039,publicly,halka açık,açıktan,herkesin içinde,B1
3040,publisher,yayıncı,neşriyatçı,basımevi sahibi,B1
3041,massive,devasa,çok büyük,kocaman,B1
3042,pupil,öğrenci,göz bebeği,şakirt,B1
3043,punishment,ceza,cezalandırma,azap,B1
3044,punish,cezalandırmak,ceza vermek,hırpalamak,B1
3045,accompany,eşlik etmek,beraber gitmek,refakat etmek,B1
3046,anti,karşı,aleyhtar,zıt,B1
3047,safely,güvenli bir şekilde,selametle,kazasız,B1
3048,solid,katı,sağlam,güvenilir,B1
3049,mathematics,matematik,riyaziye,hesap,B1
3050,ant,karınca,karınca böceği,karınca türü,B1
3051,pump,pompalamak,pompa,şişirmek,B1
3052,sacred,kutsal,aziz,maddî olmayan,B1
3053,pullover,kazak,süveter,triko,B1
3054,maximum,azami,en çok,maksimum,B1
3055,accomplish,başarmak,tamamlamak,yerine getirmek,B1
3056,mathematician,matematikçi,hesap uzmanı,matematik alimi,B1
3057,saucepan,sos tenceresi,küçük tencere,sosluk,B1
3058,safety,güvenlik,emniyet,selamet,B1
3059,provided,şartıyla,koşuluyla,mademki,B1
3060,mend,onarmak,tamir etmek,düzeltmek,B1
3061,mental,zihinsel,akli,ruhsal,B1
3062,according to,göre,istinaden,gereğince,B1
3063,mentally,zihnen,aklen,fikren,B1
3064,propose,önermek,teklif etmek,evlenme teklif etmek,B1
3065,proposal,öneri,teklif,evlenme teklifi,B1
3066,proportion,oran,orantı,pay,B1
3067,merchant,tüccar,esnaf,tacir,B1
3068,socially,sosyal yönden,toplumsal olarak,halk arasında,B1
3069,mere,sadece,yalnız,saf,B1
3070,merely,yalnızca,sadece,ancak,B1
3071,social networking,sosyal ağ,sosyal paylaşım,sosyal iletişim,B1
3072,mess,dağınıklık,karışıklık,pislik,B1
3073,property,mülk,mal,özellik,B1
3074,announce,duyurmak,anons etmek,bildirmek,B1
3075,memorize/memorise,ezberlemek,hafızaya almak,bellemek,B1
3076,prosperity,refah,bolluk,saadet,B1
3077,prosperous,refah içindeki,zengin,başarılı,B1
3078,meditate,meditasyon yapmak,derin düşünmek,dalıp gitmek,B1
3079,meditation,meditasyon,derin düşünce,dalma,B1
3080,proverb,atasözü,deyim,özdeyiş,B1
3081,Mediterranean,Akdeniz,Akdeniz'e ait,Akdeniz bölgesi,B1
3082,medium,orta boy,araç,ortam,B1
3083,annoyance,can sıkıntısı,öfke,rahatsızlık,B1
3084,prove,ispat etmek,kanıtlamak,göstermek,B1
3085,annoyed,canı sıkılmış,öfkeli,rahatsız,B1
3086,announcement,duyuru,anons,ilan,B1
3087,melt,erimek,eritmek,Yumuşamak,B1
3088,protest,protesto,protesto etmek,karşı çıkmak,B1
3089,protective,koruyucu,himaye edici,muhafaza edici,B1
3090,membership,üyelik,üye olma,asabilik,B1
3091,memorable,unutulmaz,akılda kalıcı,hatıra,B1
3092,protection,koruma,himaye,muhafaza,B1
3093,protect,korumak,kollamak,sakınmak,B1
3094,proud,gururlu,iftihar eden,kardes,B1
3095,primarily,öncelikle,başlıca,ilk olarak,B1
3096,modify,değiştirmek,tadilat yapmak,nitelendirmek,B1
3097,moisture,nem,ıslaklık,rutubet,B1
3098,acquaintance,tanıdık,tanışıklık,aşinalık,B1
3099,skin,cilt,ten,deri,B1
3100,narrate,anlatmak,hikaye etmek,nakletmek,B1
3101,practical,pratik,kullanışlı,uygulamalı,B1
3102,science fiction,bilim kurgu,fen kurgusu,bilimkurgu edebiyatı,B1
3103,narrative,anlatı,hikaye,öyküleme,B1
3104,narrow,dar,sınırlı,daraltmak,B1
3105,nasty,kötü,hoş olmayan,pis,B1
3106,nationalist,milliyetçi,ulusçu,milliyetçi kimse,B1
3107,powder,toz,pudra,barut,B1
3108,poverty,yoksulluk,fakirlik,sefalet,B1
3109,pound,libre,sterlin,dövmek,B1
3110,naturally,doğal olarak,tabii ki,kendiliğinden,B1
3111,pottery,çömlek,seramik,çömlekçilik,B1
3112,acquire,edinmek,kazanmak,elde etmek,B1
3113,acknowledgment/acknowledgement,onaylama,teşekkür,kabul etme,B1
3114,nap,kestirme,şekerleme,kestirmek,B1
3115,acknowledge,kabul etmek,tanımak,bildirmek,B1
3116,scholarship,burs,bilimsellik,ilim,B1
3117,achievement,başarı,erişme,kazanım,B1
3118,altogether,tamamen,toplam,birlikte,B1
3119,mustard,hardal,hardal sarısı,hardal otu,B1
3120,skyscraper,gökdelen,yüksek bina,ulema,B1
3121,precious,kıymetli,değerli,aziz,B1
3122,mutual,karşılıklı,müşterek,ortak,B1
3123,potential,potansiyel,gizil güç,olası,B1
3124,prayer,dua,namaz,yakarış,B1
3125,schoolmate,okul arkadaşı,okuldaş,sınıf arkadaşı,B1
3126,myth,mit,efsane,mitoloji,B1
3127,schoolteacher,okul öğretmenliği,öğretmen,muallim,B1
3128,nail,çivi,tırnak,çivilemek,B1
3129,naked,çıplak,anadan üryan,korunmasız,B1
3130,alternative,alternatif,seçenek,başka,B1
3131,praise,övgü,övmek,yüceltmek,B1
3132,scholar,alim,bilgin,burslu öğrenci,B1
3133,scold,azarlamak,fırça atmak,azarlama,B1
3134,navy blue,lacivert,koyu mavi,donanma mavisi,B1
3135,negotiation,müzakere,görüşme,pazarlık,B1
3136,port,liman,iskele,bağlantı noktası,B1
3137,pork,domuz eti,domuz,et,B1
3138,worn,yıpranmış,aşınmış,yorgun,B1
3139,neighborhood/neighbourhood,mahalle,semt,civar,B1
3140,alphabet,alfabe,abece,harf dizisi,B1
3141,aloud,sesli,açıkça,yüksek sesle,B1
3142,nephew,erkek yeğen,yeğen,kız kardeşin oğlu,B1
3143,popcorn,patlamış mısır,mısır patlağı,patlamış mısır tanesi,B1
3144,nervousness,gerginlik,sinirlilik,huzursuzluk,B1
3145,ness,burun (coğrafya),burun çıkıntısı,küçük yarımada,B1
3146,active,aktif,etkin,faal,B1
3147,negotiate,müzakere etmek,görüşmek,pazarlık yapmak,B1
3148,scratch,tırmalamak,kaşımak,çizik,B1
3149,positive,pozitif,olumlu,kesin,B1
3150,nearby,yakında,yakın,civarında,B1
3151,pot,saksı,tencere,çömlek,B1
3152,skeleton,iskelet,çatı,iskelet yapı,B1
3153,postman,postacı,posta dağıtıcısı,mektupçi,B1
3154,postcard,kartpostal,posta kartı,resimli kart,B1
3155,scope,kapsam,inceleme alanı,fırsat,B1
3156,necklace,kolye,boyun bağı,gerdanlık,B1
3157,possibility,olasılık,ihtimal,mümkünlük,B1
3158,possessive,iyelik,sahiplenici,kıskanç,B1
3159,possession,mülk,eşya,sahip olma,B1
3160,score,skor,puan,gol atmak,B1
3161,possess,sahip olmak,elinde bulundurmak,etkisi altına almak,B1
3162,needle,iğne,şiş,çam yaprağı,B1
3163,positively,olumlu yönde,kesinlikle,mutlaka,B1
3164,nectar,nektar,özsuyu,çiçek balı özü,B1
3165,wizard,büyücü,sihirbaz,uzman,B1
3166,muscle,kas,adal,güç,B1
3167,yoga,yoga,meditasyon,gevşeme egzersizi,B1
3168,moreover,dahası,üstelik,bunun yanı sıra,B1
3169,scan,tarama,gözden geçirmek,taramak,B1
3170,slip,kaymak,fiş,hata,B1
3171,slightly,hafifçe,biraz,önemsiz ölçüde,B1
3172,slight,hafif,ufak,önemsiz,B1
3173,press,basmak,basın,ütülemek,B1
3174,mosquito,sivrisinek,sinek,kan emici,B1
3175,president,başkan,cumhurbaşkanı,rektör,B1
3176,moss,yosun,kara yosunu,kaya yosunu,B1
3177,preserve,korumak,muhafaza etmek,konserve yapmak,B1
3178,preservation,koruma,muhafaza,saklama,B1
3179,ambulance,ambulans,cankurtaran,acil aracı,B1
3180,presentation,sunum,sunu,takdim,B1
3181,ambitious,hırslı,iddialı,girişken,B1
3182,slogan,slogan,şiar,çağrı,B1
3183,moral,ahlaki,maddesiz,moral,B1
3184,slope,eğim,yokuş,meyil,B1
3185,molecule,molekül,tanecik,parçacık,B1
3186,priest,rahip,papaz,din adamı,B1
3187,amusing,eğlenceli,güldürücü,neşeli,B1
3188,saucer,fincan tabağı,çay tabağı,tabak,B1
3189,accuse,suçlamak,itham etmek,günah çıkarmak,B1
3190,monitor,monitör,ekran,izlemek,B1
3191,scare,korkutmak,ürkütmek,korku,B1
3192,accustom,alıştırmak,intibak ettirmek,benimsetmek,B1
3193,previous,önceki,evvelki,sabık,B1
3194,monster,canavar,ucube,devasa şey,B1
3195,monthly,aylık,her ay,aylık dergi,B1
3196,monument,anıt,abide,tarihi yapı,B1
3197,ache,ağrı,sızlamak,sızı,B1
3198,amount,tutar,miktar,başka anlama gelmek,B1
3199,slot,yarık,delik,zaman aralığı,B1
3200,monk,keşiş,rahip,mabedci,B1
3201,murderer,katil,cani,katil kimse,B1
3202,motherland,ana vatan,anayurt,memleket,B1
3203,movement,hareket,akim,faaliyet,B1
3204,scary,korkunç,ürkütücü,korkutucu,B1
3205,workplace,iş yeri,çalışma yeri,ofis,B1
3206,amazing,şaşırtıcı,inanılmaz,harika,B1
3207,scatter,dağıtmak,saçmak,yaymak,B1
3208,workshop,çalıştay,atölye,işlik,B1
3209,amazed,şaşırmış,hayrete düşmüş,şaşkın,B1
3210,mud,çamur,balçık,leş,B1
3211,pregnant,hamile,gebe,yüklü,B1
3212,mule,katır,binek katırı,melez,B1
3213,slavery,kölelik,tutsaklık,esaret,B1
3214,prefix,ön ek,önek,baş ek,B1
3215,preference,tercih,yeğleme,öncelik,B1
3216,scenic,manzaralı,doğa güzelliği,sahne ile ilgili,B1
3217,prejudice,önyargı,ön yargı,peşin hüküm,B1
3218,workout,antrenman,egzersiz,idman,B1
3219,working,çalışma,çalışan,faal,B1
3220,preparation,hazırlık,hazırlanma,tertibat,B1
3221,motivate,motive etmek,isteklendirmek,özendirmek,B1
3222,presence,varlık,huzur,mevcudiyet,B1
3223,motivation,motivasyon,isteklendirme,güdülenme,B1
3224,prescription,reçete,talimat,kural,B1
3225,motive,güdü,motif,sebep,B1
3226,scared,korkmuş,ürkmüş,korkan,B1
3227,motor,motor,makine,an motor,B1
3228,motionless,hareketsiz,durgun,sabit,B1
3229,motorcycle,motosiklet,motor,motorsiklet,B1
3230,preposition,edat,ilgeç,ön takı,B1
3231,motto,motto,şiar,özdeyiş,B1
3232,mount,bağlamak,binmek,çıkmak,B1
3233,prepared,hazırlıklı,hazır,düzenlenmiş,B1
3234,sleeve,kol,giysi kolu,kılıf,B1
3235,mountaintop,dağ zirvesi,doruk,dağ tepesi,B1
3236,mourn,yas tutmak,ağlamak,özlemek,B1
3237,preschool,okul öncesi,anaokulu,kreş,B1
3238,huge,devasa,büyük,kocaman,B1
3239,embarrass,utandırmak,güç durumda bırakmak,sıkıntı vermek,B1
3240,transform,dönüştürmek,değiştirmek,tahvil etmek,B1
3241,transfer,aktarmak,nakletmek,devretmek,B1
3242,dissolve,çözmek,erimek,dağıtmak,B1
3243,distance,mesafe,uzaklık,ara,B1
3244,distant,uzak,mesafeli,soğuk,B1
3245,distinction,ayrım,fark,üstünlük,B1
3246,distinctly,net bir şekilde,açıkça,özellikle,B1
3247,distinguish,ayırt etmek,seçmek,fark etmek,B1
3248,distribute,dağıtmak,tevzi etmek,paylaştırmak,B1
3249,transformation,dönüşüm,değişim,tahavvül,B1
3250,distribution,dağılım,dağıtım,tevzi,B1
3251,disturbance,rahatsızlık,karışıklık,isyan,B1
3252,dive,dalmak,dalış,suya atlamak,B1
3253,diver,dalgıç,dalan,dalgıççı,B1
3254,diverse,çeşitli,farklı,muhtelif,B1
3255,divine,ilahi,tanrısal,mükemmel,B1
3256,diving,dalış,dalgıçlık,su altı,B1
3257,divorced,boşanmış,ayrılmış,bekar,B1
3258,DJ,dj,disk jokey,müzik yayını,B1
3259,district,ilçe,semt,bölge,B1
3260,transitional,geçiş,geçici,değişken,B1
3261,translate,çevirmek,tercüme etmek,aktarmak,B1
3262,disappointment,hayal kırıklığı,hüsran,üzüntü,B1
3263,disaster,felaket,afet,büyük bela,B1
3264,disastrous,felaket,yıkıcı,uğursuz,B1
3265,disc jockey/disk jockey,disk jokey,dj,müzik yöneticisi,B1
3266,travel agent,seyahat acentesi,turizmci,gezi danışmanı,B1
3267,boldly,cesurca,cüretle,korkusuzca,B1
3268,discomfort,rahatsızlık,huzursuzluk,konforsuzluk,B1
3269,discount,indirim,iskonto,ucuzluk,B1
3270,discourage,cesaretini kırmak,caydırmak,engellemek,B1
3271,discovery,keşif,buluş,meydana çıkarma,B1
3272,trash,çöp,atık,döküntü,B1
3273,discrimination,ayrımcılık,fark gözetme,ayrım,B1
3274,wasteful,müsrif,savurgan,boşuna,B1
3275,disease,hastalık,rahatsızlık,illet,B1
3276,transportation,ulaşım,taşımacılık,nakliye,B1
3277,disgusting,iğrenç,mide bulandırıcı,nefret verici,B1
3278,bold,cesur,koyu,cüretkar,B1
3279,transport,taşımak,nakletmek,ulaşım,B1
3280,dishwasher,bulaşık makinesi,bulaşıkçı,yıkama aleti,B1
3281,disk/disc,disk,plak,daire,B1
3282,doc,doktor,hekim,belge,B1
3283,trail,patika,iz,rota,B1
3284,document,belge,doküman,vesika,B1
3285,documentary,belgesel,belgesel film,vesikalık,B1
3286,drown,boğulmak,suda boğmak,bastırmak,B1
3287,blogger,blog yazarı,günlükçü,blogcu,B1
3288,drunk,sarhoş,çakırkeyif,alkollü,B1
3289,blog,blog,web günlüğü,günlük,B1
3290,dude,kanka,herif,dostum,B1
3291,total,toplam,bütün,tam,B1
3292,dull,donuk,sıkıcı,kör,B1
3293,toss,atmak,fırlatmak,tura,B1
3294,dump,çöplük,boşaltmak,atmak,B1
3295,dustbin,çöp kutusu,çöp tenekesi,kül kutusu,B1
3296,dusty,tozlu,toz basmış,eski,B1
3297,duty,görev,vazife,vergi,B1
3298,duty-free,gümrüksüz,vergisiz,gümrüksüz mağaza,B1
3299,duvet,yorgan,kuştüyü yorgan,nevresim,B1
3300,tornado,hortum,kasırga,fırtına,B1
3301,dynasty,hanedan,sülale,veraset,B1
3302,eager,istekli,hevesli,arzulu,B1
3303,blind,kör,görmez,farazî,B1
3304,eagerness,heves,istek,arzululuk,B1
3305,totally,tamamen,bütünüyle,eksiksiz,B1
3306,disappoint,hayal kırıklığı,üzmek,gücendirmek,B1
3307,boast,övünmek,büyüklenmek,mağrurlanmak,B1
3308,dolphin,yunus,balina,su memelisi,B1
3309,tragic,trajik,facia,uçurumlu,B1
3310,tragedy,facia,trajedi,felaket,B1
3311,traffic jam,trafik sıkışıklığı,araç yoğunluğu,tıkanıklık,B1
3312,traditionally,geleneksel olarak,ananevi,tarihsel,B1
3313,dot,nokta,benek,ufaklık,B1
3314,tracksuit,eşofman,spor kıyafeti,koşu takımı,B1
3315,trace,iz,bulgu,eser,B1
3316,blush,kızarmak,utanmak,allık,B1
3317,waterfall,şelale,çağlayan,su döküntüsü,B1
3318,downward,aşağıya doğru,alçalan,düşen,B1
3319,doze,kestirmek,uyuklamak,mukavva,B1
3320,dozen,düzine,on iki,pek çok,B1
3321,drag,sürüklemek,çekmek,sürtünmek,B1
3322,tournament,turnuva,müsabaka,yarışma,B1
3323,dramatic,dramatik,etkileyici,ani,B1
3324,tourism,turizm,seyahatçilik,gezi,B1
3325,wax,balmumu,mum,parlatıcı,B1
3326,blessing,nimet,dua,kutsama,B1
3327,disagreement,anlaşmazlık,uyuşmazlık,ihtilaf,B1
3328,disable,engellemek,etkisizleştirmek,sakatlamak,B1
3329,deliver,teslim etmek,ulaştırmak,vermek,B1
3330,delivery,teslimat,dağıtım,doğum,B1
3331,demand,talep,istek,istemek,B1
3332,democracy,demokrasi,halk idaresi,eşitlik,B1
3333,democratic,demokratik,halkçı,eşitlikçi,B1
3334,trustworthy,güvenilir,emin,sadık,B1
3335,demonstrate,göstermek,kanıtlamak,gösteri yapmak,B1
3336,demonstration,gösteri,kanıt,açıklama,B1
3337,trumpet,trompet,boru,haykırmak,B1
3338,delightful,keyifli,hoş,tatlı,B1
3339,deny,inkar etmek,reddetmek,mahrum bırakmak,B1
3340,department,departman,bölüm,daire,B1
3341,departure,kalkış,ayrılış,sapma,B1
3342,dependent,bağımlı,tabii,gözetilen,B1
3343,deposit,depozito,mevduat,yatırmak,B1
3344,depressed,depresif,bunalımda,üzgün,B1
3345,depressing,bunaltıcı,iç karartıcı,üzücü,B1
3346,depression,depresyon,bunalım,çöküntü,B1
3347,deprive,mahrum etmek,yoksun bırakmak,almak,B1
3348,depth,derinlik,kapsam,koyu renk,B1
3349,depart,ayrılmak,hareket etmek,yola çıkmak,B1
3350,delighted,memnun,sevinçli,hoşnut,B1
3351,delight,zevk,mutluluk,sevindirmek,B1
3352,delicate,narin,hassas,zarif,B1
3353,warrior,savaşçı,muharip,alp,B1
3354,turbulence,türbülans,çalkantı,Girdap,B1
3355,decrease,azalmak,azaltmak,düşüş,B1
3356,dedicate,adamak,özgülemek,ithaf etmek,B1
3357,tuna,ton balığı,orkinos,Tunus nehri,B1
3358,deed,tapu,eylem,eser,B1
3359,tumble,düşmek,yuvarlanmak,takla,B1
3360,defeat,yenilgi,yenmek,bozgun,B1
3361,defend,savunmak,korumak,müdafaa etmek,B1
3362,defender,savunucu,defans oyuncusu,koruyucu,B1
3363,defense/defence,savunma,müdafaa,defans,B1
3364,deficiency,eksiklik,yetersizlik,kusur,B1
3365,boot,çizme,bot,bagaj,B1
3366,define,tanımlamak,belirtmek,tayin etmek,B1
3367,definite,kesin,belirli,net,B1
3368,definite article,belirli tanım,tanımlık,harfi tarif,B1
3369,definitely,kesinlikle,mutlaka,katiyetle,B1
3370,definition,tanım,tarif,netlik,B1
3371,boom,hızlı kalkınma,gümbürtü,patlama sesi,B1
3372,delete,silmek,çıkarmak,kazımak,B1
3373,derive,türeimek,sağlamak,elde etmek,B1
3374,deserve,hak etmek,lâyık olmak,gerektirmek,B1
3375,booking,rezervasyon,yer ayırtma,bilet satışı,B1
3376,diameter,çap,kutur,genişlik,B1
3377,diaper,çocuk bezi,kunda,hasta bezi,B1
3378,trend,eğilim,akım,moda,B1
3379,washbowl,lavabo,el yıkama kabı,leğen,B1
3380,differ,farklı olmak,ayrılmak,benzememek,B1
3381,bond,bağ,tahvil,kelepçe,B1
3382,digital,dijital,sayısal,parmakla ilgili,B1
3383,tremendous,devasa,muazzam,korkunç,B1
3384,tremble,titremek,sarsılmak,ürpermek,B1
3385,diligence,çalışkanlık,gayret,özen,B1
3386,diligent,çalışkan,gayretli,özenli,B1
3387,bomb,bomba,bomba atmak,iflas etmek,B1
3388,dioxide,dioksit,çift oksit,oksit türü,B1
3389,treatment,tedavi,muamele,işlem,B1
3390,treat,tedavi etmek,davranmak,ikram,B1
3391,directly,doğrudan,dosdoğru,hemen,B1
3392,dirt,kir,pislik,toprak,B1
3393,waste,israf,atı,boşa harcamak,B1
3394,disability,engellilik,maluliyet,yetersizlik,B1
3395,dialog/dialogue,diyalog,konuşma,söyleşi,B1
3396,disabled,engelli,sakat,malul,B1
3397,dial,kadran,numara çevirmek,kadranlı saat,B1
3398,devotion,bağlılık,sadakat,vefa,B1
3399,designer,tasarımcı,modacı,çizer,B1
3400,desire,arzulama,istek,istemek,B1
3401,tropical,tropikal,dönenceel,sıcak iklim,B1
3402,despair,umutsuzluk,çaresizlik,ümitsizlik,B1
3403,desperate,umutsuz,çaresiz,gözü kara,B1
3404,despite,rağmen,inadına,karşın,B1
3405,destination,varış yeri,hedef,gidilecek yer,B1
3406,triumph,zafer,büyük başarı,kutlama,B1
3407,destruction,yıkım,tahrip,yok etme,B1
3408,destructive,yıkıcı,tahrip edici,zararlı,B1
3409,trim,kırpmak,budamak,düzeltmek,B1
3410,detective,dedektif,hafiyelik,sorgu memuru,B1
3411,determination,kararlılık,azim,tespit etme,B1
3412,determine,belirlemek,kararlaştırmak,saptamak,B1
3413,trigger,tetik,harekete geçirmek,sebebiyet vermek,B1
3414,devastate,yıkmak,tahrip etmek,mahvetmek,B1
3415,devastating,yıkıcı,mahvedici,çok kötü,B1
3416,development,gelişme,kalkınma,olay,B1
3417,device,cihaz,alet,aygıt,B1
3418,diagram,şema,diyagram,çizge,B1
3419,border,sınır,kenar,hudut,B1
3420,earache,kulak ağrısı,kulak sancısı,kulak sızısı,B1
3421,earnest,ciddi,samimi,ağırbaşlı,B1
3422,examine,incelemek,muayene etmek,sınav yapmak,B1
3423,threat,tehdit,korkutma,gözdağı,B1
3424,examiner,sınav yapıcı,müfettiş,inceleme uzmanı,B1
3425,excellence,mükemmellik,üstünlük,kusursuzluk,B1
3426,excess,aşırılık,fazlalık,artık,B1
3427,exchange rate,döviz kuru,değişim oranı,kur değeri,B1
3428,excitedly,heyecanla,coşkuyla,telaşla,B1
3429,excitement,heyecan,coşku,telaş,B1
3430,examination,sınav,muayene,inceleme,B1
3431,thorough,titiz,eksiksiz,etraflı,B1
3432,thirst,susuzluk,aşırı istek,hasret,B1
3433,bet,bahis,iddia,bahse girmek,B1
3434,exhausted,tükenmiş,yorgun,bitkin,B1
3435,existence,varlık,mevcudiyet,yaşam,B1
3436,exit,çıkış,kapı,çıkmak,B1
3437,expand,genişletmek,büyütmek,yayılmak,B1
3438,expense,masraf,gider,harcama,B1
3439,exclusive,özel,seçkin,hariç,B1
3440,threatening,tehditkâr,tehdit eden,korkutucu,B1
3441,webcam,web kamerası,ağ kamerası,internet kamerası,B1
3442,exact,kesin,tam,doğru,B1
3443,thus,böylece,bu nedenle,böylelikle,B1
3444,establishment,kuruluş,kurum,tesis,B1
3445,biochemistry,biyokimya,canlı kimyası,biyolojik kimya,B1
3446,estimate,tahmin etmek,kestirmek,değer biçmek,B1
3447,thunderous,gök gürültülü,gürültülü,çok şiddetli,B1
3448,eternal,ebedi,sonsuz,ölmez,B1
3449,thunder,gök gürültüsü,gök gürlemek,gürültü,B1
3450,eternity,ebediyet,sonsuzluk,ölmezlik,B1
3451,thump,güm ses çıkarmak,yumruklamak,vurmak,B1
3452,thumb,baş parmak,sayfaları çevirmek,otostop çekmek,B1
3453,weather forecast,hava raporu,hava tahmini,meteoroloji raporu,B1
3454,throughout,boyunca,her yerinde,baştan başa,B1
3455,bin,çöp kutusu,kutu,depo,B1
3456,evenly,eşit olarak,düzgün bir şekilde,sakince,B1
3457,eventually,sonunda,neticede,zamanla,B1
3458,bilingual,iki dilli,iki dil bilen,çift dilli,B1
3459,evident,açık,aşikar,belli,B1
3460,thriller,gerilim filmi,heyecanlı roman,korku öyküsü,B1
3461,experienced,deneyimli,tecrübeli,kıdemli,B1
3462,experiment,deney,denemek,tecrübe,B1
3463,exploration,keşif,araştırma,inceleme,B1
3464,beloved,sevgili,çok sevilen,aziz,B1
3465,thankful,müteşekkir,minnettar,şükreden,B1
3466,faithful,sadık,vefalı,inançlı,B1
3467,fake,sahte,taklit,düzmece,B1
3468,fallen,düşmüş,yıkılmış,gazi,B1
3469,weird,tuhaf,garip,acayip,B1
3470,fantasy,fantezi,hayal,fantastik kurgu,B1
3471,faraway,uzaktaki,uzak,ırak,B1
3472,farewell,elveda,veda,uğurlama,B1
3473,belief,inanç,güven,kanaat,B1
3474,farming,çiftçilik,tarım,ziraat,B1
3475,farmland,tarım arazisi,tarla,çiftlik toprağı,B1
3476,farther,daha uzak,öte,daha ileri,B1
3477,farthest,en uzak,en ilerideki,en son,B1
3478,fascinate,büyülemek,hayran bırakmak,mest etmek,B1
3479,fashionable,modaya uygun,moda,şidetli,B1
3480,fasten,bağlamak,tutturmak,iliklemek,B1
3481,behave,davranmak,uslu durmak,hareket etmek,B1
3482,essential,önemli,gerekli,öz,B1
3483,faint,bayılmak,baygınlık,silik,B1
3484,fade,solmak,rengi atmak,kaybolmak,B1
3485,explosion,patlama,infilak,ani patlak,B1
3486,expose,ifşa etmek,açığa çıkarmak,maruz bırakmak,B1
3487,bent,eğri,bükülmüş,meyil,B1
3488,extend,uzatmak,genişletmek,sunmak,B1
3489,extensively,kapsamlı bir şekilde,yaygın olarak,büyük ölçüde,B1
3490,extent,boyut,derece,kapsam,B1
3491,theory,teori,kuram,varsayım,B1
3492,extinct,nesli tükenmiş,sönmüş,tarihe karışmış,B1
3493,extinction,neslin tükenmesi,sönme,ortadan kalkma,B1
3494,extraordinary,olağanüstü,fevkalade,sıra dışı,B1
3495,extreme,aşırı,uç,son derece,B1
3496,extreme sports,ekstrem sporlar,tehlikeli sporlar,heyecanlı sporlar,B1
3497,eyesight,görme yeteneği,görüş,göz keskinliği,B1
3498,benefit,yarar,fayda,kazanç,B1
3499,theft,hırsızlık,soygun,oğurluk,B1
3500,face to face,yüz yüze,karşı karşıya,bizzat,B1
3501,face-to-face,yüze yüze,karşılıklı,baş başa,B1
3502,beneath,altında,aşağıda,zeminde,B1
3503,facility,tesis,imkan,kolaylık,B1
3504,failure,başarısızlık,arıza,iflas,B1
3505,bless,kutsamak,bağışlamak,dua etmek,B1
3506,essence,öz,mahiyet,esans,B1
3507,electrical,elektrikli,elektriksel,cereyanlı,B1
3508,electricity,elektrik,cereyan,enerji,B1
3509,electron,elektron,negatif tanecik,atom parçası,B1
3510,electronic,elektronik,dijital,devreli,B1
3511,weapon,silah,harp aleti,mühimmat,B1
3512,bitter,acı,hazin,keskin,B1
3513,element,element,unsur,öğe,B1
3514,tobacco,tütün,sigara,enfiye,B1
3515,election,seçim,oylama,intihap,B1
3516,eliminate,elemek,ortadan kaldırmak,tasfiye etmek,B1
3517,embarrassed,utangaç,mahcup,haddini bilmez,B1
3518,embarrassment,utanma,mahcubiyet,bunalım,B1
3519,tissue,doku,kağıt mendil,kumaş,B1
3520,tiring,yorucu,usandırı,zahmetli,B1
3521,emerge,ortaya çıkmak,belirmek,doğmak,B1
3522,emotion,duygu,heyecan,duygulanım,B1
3523,emotional,duygusal,hissî,dokunaklı,B1
3524,emotionally,duygusal olarak,ruhen,hissî,B1
3525,emperor,imparator,hükümdar,şah,B1
3526,bishop,piskopos,fil,din adamı,B1
3527,elbow,dirsek,dirseklemek,köşe,B1
3528,toothpaste,diş macunu,macun,temizleyici,B1
3529,eastern,doğu,doğuya ait,şark,B1
3530,blend,karışım,harmanlamak,kaynaştırmak,B1
3531,easygoing/easy-going,rahat,uyumlu,kaygısız,B1
3532,eco,eko,çevre,ekolojik,B1
3533,ecological,ekolojik,çevresel,tabii,B1
3534,bleed,kanamak,kan akıtmak,sızdırmak,B1
3535,ecology,ekoloji,çevre bilimi,tabiat,B1
3536,economic,ekonomik,iktisadi,ucuz,B1
3537,weakness,zayıflık,güçsüzlük,zaaf,B1
3538,economics,ekonomi,iktisat,maliye,B1
3539,economy,ekonomi,tasarruf,iktisat,B1
3540,ecosystem,ekosistem,çevre,canlı örtüsü,B1
3541,ecstasy,vechit,coşku,mutluluk,B1
3542,edge,kenar,köşe,uç,B1
3543,tongue,dil,tat alma,lisan,B1
3544,edition,basım,baskı,yayın,B1
3545,educate,eğitmek,öğretmek,yetiştirmek,B1
3546,effective,etkili,tesirli,faal,B1
3547,efficiency,verimlilik,etkinlik,randıman,B1
3548,efficient,verimli,etkin,üretken,B1
3549,emphasis,vurgu,önem,üstünde durma,B1
3550,emphasize/emphasize,vurgulamak,üstünde durmak,belirtmek,B1
3551,empire,imparatorluk,saltanat,krallık,B1
3552,tire,lastik,tekerlek,yorulmak,B1
3553,enthusiasm,coşku,heves,şevk,B1
3554,enthusiast,meraklı,fanatik,gönüllü,B1
3555,enthusiastic,hevesli,coşkulu,istekli,B1
3556,tile,fayans,kiremit,mozaik,B1
3557,entire,tüm,bütün,tamamı,B1
3558,entirely,tamamen,bütünüyle,yalnızca,B1
3559,entry,giriş,kayıt,madde,B1
3560,tightly,sıkıca,sıkı,kuvvetle,B1
3561,environmental,çevresel,çevre,ekolojik,B1
3562,environmentalist,çevreci,doğacı,ekolojist,B1
3563,tighten,sıkmak,daraltmak,germek,B1
3564,biology,biyoloji,canlı bilimi,yaşam bilimi,B1
3565,equal,eşit,denk,aynı,B1
3566,equality,eşitlik,denklik,adalet,B1
3567,equally,eşitçe,aynı şekilde,eşit olarak,B1
3568,equipment,ekipman,donanım,alet,B1
3569,era,devir,çağ,dönem,B1
3570,tide,gelgit,akıntı,medcezir,B1
3571,biography,biyografi,yaşam öyküsü,hal tercümesi,B1
3572,entertainer,şovmen,eğlendirici,sanatçı,B1
3573,tick,tik,işaret,kene,B1
3574,entertain,eğlendirmek,ağırlamak,misafir etmek,B1
3575,enrich,zenginleştirmek,güzelleştirmek,değer katmak,B1
3576,employment,istihdam,iş,çalıştırma,B1
3577,enable,olanak tanımak,sağlamak,etkinleştirmek,B1
3578,enclose,çevirmek,kuşatmak,eklemek,B1
3579,encounter,karşılaşmak,rastlamak,yüzleşmek,B1
3580,encouragement,cesaretlendirme,teşvik,destek,B1
3581,encouraging,cesaret verici,teşvik edici,umut verici,B1
3582,encyclopedia/encyclopaedia,ansiklopedi,kaynakça,lugat,B1
3583,endanger,tehlikeye atmak,riske etmek,tehdit etmek,B1
3584,endless,sonsuz,uçsuz bucaksız,bitmez,B1
3585,tiny,ufak,minik,küçücük,B1
3586,tin,teneke,konserve kutusu,kalay,B1
3587,endure,katlanmak,dayanmak,tahammül etmek,B1
3588,enemy,düşman,hasım,yağı,B1
3589,timely,zamanında,vakti vaktiyle,uygun zamanlı,B1
3590,engage,ilgilenmek,nişanlanmak,meşgul etmek,B1
3591,engaged,nişanlı,meşgul,dolu,B1
3592,engine,motor,makine,lokomotif,B1
3593,engineering,mühendislik,mühendislik bilimi,teknik iş,B1
3594,Englishman,İngiliz,İngiliz adam,İngiltereli,B1
3595,enjoyable,keyifli,eğlenceli,tadına doyum olmaz,B1
3596,enjoyment,keyif,zevk,eğlence,B1
3597,ensure,garanti etmek,sağlamak,emin olmak,B1
3598,decline,düşüş,reddetmek,azalmak,B1
3599,declaration,bildiri,beyanname,açıklama,B1
3600,choir,koro,ilahiciler,şarkıcı grubu,B1
3601,choke,boğulmak,nefesini kesmek,tıkanmak,B1
3602,Christian,Hristiyan,Hristiyanca,Hristiyan kimse,B1
3603,chronological,kronolojik,kronolojiye uygun,tarihsel sıralı,B1
3604,chuckle,kıkırdamak,hafifçe gülmek,içten gülme,B1
3605,broadcast,yayınlamak,yayın,televizyona çıkmak,B1
3606,van,minibüs,kapalı kamyonet,vagon,B1
3607,circular,dairesel,sirküler,genelge,B1
3608,variety,çeşitlilik,çeşit,tür,B1
3609,circus,sirk,meydan,karışıklık,B1
3610,civil,sivil,medeni,vatandaşlıkla ilgili,B1
3611,civilization/civilisation,medeniyet,uygarlık,toplum düzeni,B1
3612,valuable,değerli,kıymetli,mücevher,B1
3613,broad,geniş,engin,yayvan,B1
3614,classical,klasik,klasik müzik,geleneksel,B1
3615,vain,kibirli,boşuna,nahoş,B1
3616,classify,sınıflandırmak,tasnif etmek,kategorize etmek,B1
3617,citizenship,vatandaşlık,uyruk,yurttaşlık,B1
3618,various,çeşitli,muhtelif,farklı,B1
3619,broccoli,brokoli,sebze türü,yeşil sebze,B1
3620,vary,değişmek,çeşitlilik göstermek,farklılık arz etmek,B1
3621,charm,cazibe,tılsım,büyü,B1
3622,chase,kovalamak,takip etmek,kovalama,B1
3623,chat show,sohbet programı,talk show,muhabbet programı,B1
3624,brotherhood,kardeşlik,tarikat,birlik,B1
3625,check-in counter/check-in,giriş bankosu,bilet kayıt masası,kontrol masası,B1
3626,check-in desk/check-in,bilet değişim masası,giriş bankosu,kayıt masası,B1
3627,checkout,kasa,ödeme yeri,ayrılış,B1
3628,cheerful,neşeli,şen,güleç,B1
3629,vein,toplardamar,damar,yaprak damarı,B1
3630,vehicle,araç,vasıta,nakil vasıtası,B1
3631,chemist,eczacı,kimyager,ecza dükkanı sahibi,B1
3632,chemistry,kimya,kimya bilimi,uyum,B1
3633,vegetarian,vejetaryen,etsiz beslenen,otçul,B1
3634,cherish,değer vermek,beslemek,azizmangla sevmek,B1
3635,bronze,bronz,tunç,bronz madalya,B1
3636,vast,vasit,geniş,çok büyük,B1
3637,chest of drawers,şifonyer,çekmeceli dolap,komodin,B1
3638,chewing gum,sakız,çiğneme sakızı,balon sakız,B1
3639,chief,şef,baş,kabile reisi,B1
3640,vague,belirsiz,silik,net olmayan,B1
3641,brightly,parlak bir şekilde,neşeyle,aydınlık olarak,B1
3642,collar,yaka,tasma,boyun kısmı,B1
3643,urgent,acil,ivedi,önemli,B1
3644,urge,dürtü,teşvik etmek,ısrarla istemek,B1
3645,upward,yukarı doğru,yukarıya,yükselen,B1
3646,columnist,köşe yazarı,fıkra yazarı,makale yazarı,B1
3647,up-to-date,güncel,modern,en son,B1
3648,combination,kombinasyon,birleşim,şifre,B1
3649,combine,birleştirmek,harmanlamak,birlikte kullanmak,B1
3650,comedian,komedyen,komik oyuncu,güldürücü,B1
3651,comedy,komedi,komik oyun,güldürü,B1
3652,comet,kuyruklu yıldız,gök cismi,astrofizik bulutu,B1
3653,comfort,konfor,rahatlık,teselli etmek,B1
3654,comma,virgül,noktalama işareti,durak işareti,B1
3655,command,komut,emir,buyruk,B1
3656,comment,yorum,açıklama,eleştiri,B1
3657,commercial,ticari,reklam,ticarete ilişkin,B1
3658,upper,üst,yukarıdaki,yüksek,B1
3659,commit,suç işlemek,adamak,taahhüt etmek,B1
3660,common sense,sağduyu,akıl yürütme,mantıklı düşünce,B1
3661,commonly,genellikle,yaygın olarak,sıklıkla,B1
3662,collapse,çöküş,yıkılmak,bayılmak,B1
3663,charity,hayır kurumu,bağış,hayırseverlik,B1
3664,breakthrough,çığır açma,önemli buluş,atılım,B1
3665,usage,kullanım,örf,alışkanlık,B1
3666,cliff,uçurum,kaya,sarp kıyı,B1
3667,climate,iklim,hava durumu,ortam,B1
3668,vacancy,boşluk,açık kadro,boş oda,B1
3669,briefly,kısaca,özetle,az süreyle,B1
3670,climber,dağcı,tırmanıcı,sarılıcı bitki,B1
3671,clinic,klinik,muayenehane,sağlık ocağı,B1
3672,clip,ataç,klip,kesmek,B1
3673,brief,kısa,öz,özet,B1
3674,closely,yakından,dikkatle,sıkıca,B1
3675,brick,tuğla,kiremit,yapı bloğu,B1
3676,breeding,üreme,yetiştirme,kuluçka,B1
3677,breed,cins,tür,yetiştirmek,B1
3678,coal,kömür,ateş parçası,mangal kömürü,B1
3679,coastal,kıyı,sahil şeridi,sahille ilgili,B1
3680,useless,faydasız,değersiz,işe yaramaz,B1
3681,used to,alışkın olmak,eskiden yapmak,alışık,B1
3682,cod,morina,mezgit balığı,balık türü,B1
3683,breathless,nefessiz,soluk soluğa,heyecanlı,B1
3684,coffin,tabut,ölü sandığı,cenaze kabı,B1
3685,breath,nefes,soluk,hava,B1
3686,breast,göğüs,meme,göğüs eti,B1
3687,upload,yüklemek,internete aktarmak,veri göndermek,B1
3688,chariot,savaş arabası,iki tekerlekli araba,fayton,B1
3689,characterize/characterise,nitelemek,karakterize etmek,özellik belirtmek,B1
3690,calmness,sakinlik,huzur,soğukkanlılık,B1
3691,camel,deve,çöl hayvanı,yük hayvanı,B1
3692,bump,tümsek,çarpmak,şişlik,B1
3693,visual,görsel,görme ile ilgili,görüntü,B1
3694,campsite,kamp yeri,kamp alanı,çadır sahası,B1
3695,canal,kanal,su yolu,damar,B1
3696,cancel,iptal etmek,feshetmek,silmek,B1
3697,cancer,kanser,ur,yengeç burcu,B1
3698,visually,görsel olarak,gözle,görüntü yoluyla,B1
3699,candle,mum,ışık kaynağı,bal mumu,B1
3700,bullet,mermi,kurşun,madde imi,B1
3701,canned,konserve edilmiş,kutulanmış,hazır,B1
3702,vision,görüş,vizyon,hayal,B1
3703,canteen,kantin,matara,yemekhane,B1
3704,bull,boğa,erkek sığır,zırva,B1
3705,visible,görunür,aşikar,belli,B1
3706,capable,yetenekli,kabiliyetli,muktedir,B1
3707,capacity,kapasite,sığa,yetenek,B1
3708,capsule,kapsül,ilaç kılıfı,uzay kabini,B1
3709,bulletin,bülten,haber özeti,duyuru,B1
3710,calm,sakin,durgun,huzurlu,B1
3711,caller,arayan,ziyaretçi,telefon eden,B1
3712,calf,buzuki,baldır,dana,B1
3713,burning,yanma,yakan,alevli,B1
3714,burst,patlama,çatlama,fırlama,B1
3715,volcano,volkan,yanardağ,ateş dağ,B1
3716,bust,büst,iflas,kırım,B1
3717,burglar,hırsız,soyguncu,ev hırsızı,B1
3718,butcher,kasap,etçi,katletmek,B1
3719,vividly,canlı bir şekilde,net olarak,parlakça,B1
3720,volume,hacim,ses düzeyi,cilt,B1
3721,bureau,büro,ofis,bakanlık,B1
3722,buyer,alıcı,müşteri,satın alan,B1
3723,vivid,canlı,parlak,net,B1
3724,volunteer,gönüllü,imececi,talip,B1
3725,burden,yük,mükellefiyet,sorumluluk,B1
3726,cabbage,lahana,kelem,sebze,B1
3727,cabin,kabin,kulübe,uçak odası,B1
3728,bunch,demet,salkım,grup,B1
3729,cage,kafes,kümes,hapishane,B1
3730,calculate,hesaplamak,tahmin etmek,ölçmek,B1
3731,calculation,hesaplama,hesap,tahmin,B1
3732,calculator,hesap makinesi,sayar,hesaplayıcı,B1
3733,visa,vize,giriş izni,kredi kartı,B1
3734,virus,virüs,mikrop,hastalık,B1
3735,capture,yakalamak,esir almak,ele geçirmek,B1
3736,virtual,sanal,gerçeğe yakın,fiili,B1
3737,cave,mağara,in,oyuk,B1
3738,bubble,baloncuk,köpük,halka,B1
3739,CD-ROM,kompakt disk,cd rom,veri diski,B1
3740,victim,kurban,mazlum,kazazede,B1
3741,vice president,başkan yardımcısı,müdür muavini,asbaşkan,B1
3742,wagon,vagon,at arabası,yük arabası,B1
3743,celebrity,ünlü,şöhret,tanınmış kişi,B1
3744,cell,hücre,göz,pil,B1
3745,vice,kötürümlük,kusur,mengene,B1
3746,via,yoluyla,vasıtasıyla,üzerinden,B1
3747,central,merkezi,ana,orta,B1
3748,central heating,merkezi ısıtma,kalorifer sistemi,merkezi kalorifer,B1
3749,ceremony,tören,merasim,kutlama,B1
3750,certainty,kesinlik,muhakkaklık,kesin durum,B1
3751,vet,veteriner,hayvan hekimi,veteriner hekim,B1
3752,vessel,gemi,tekne,damar,B1
3753,challenging,zorlu,meydan okuyan,güç,B1
3754,champion,şampiyon,birinci,savunucu,B1
3755,channel,kanal,mecra,hat,B1
3756,chaos,kaos,şaşkınlık,düzensizlik,B1
3757,characteristic,karakteristik,özellik,tipik,B1
3758,cautious,temkinli,dikkatli,ihtiyatlı,B1
3759,charge,ücret,şarj,suçlama,B1
3760,caution,dikkat,ihtiyat,uyarı,B1
3761,cattle,sığır,büyükbaş,davar,B1
3762,violently,şiddetle,sertçe,şiddetli bir şekilde,B1
3763,career,kariyer,meslek hayatı,meslek,B1
3764,violence,şiddet,şiddetlilik,hırçınlık,B1
3765,builder,müteahhit,inşaatçı,yapıcı,B1
3766,careless,dikkatsiz,özensiz,gafil,B1
3767,carelessly,dikkatsizce,özenmeden,üstünkörü,B1
3768,carelessness,dikkatsizlik,ihmal,özenmezlik,B1
3769,carpet,halı,kilim,yer döşemesi,B1
3770,carriage,fayton,vagon,taşımacılık,B1
3771,carton,karton kutu,karton,ambalaj,B1
3772,vowel,sesli harf,ünlü,vokal,B1
3773,cashpoint,atm,bankamatik,para çekme makinesi,B1
3774,casual,gündelik,sıradan,rahat,B1
3775,buddy,kanka,arkadaş,dost,B1
3776,viewpoint,bakış açısı,görüş,nokta,B1
3777,voyage,deniz yolculuğu,sefer,yolculuk,B1
3778,categorize/categorise,kategorize etmek,sınıflandırmak,türlere ayırmak,B1
3779,category,kategori,sınıf,tür,B1
3780,video clip,video klip,klip,video,B1
3781,victory,zafer,galibiyet,başarı,B1
3782,declare,ilan etmek,beyan etmek,açıklamak,B1
3783,uplifted,neşe dolu,mutlu,yükseltilmiş,B1
3784,companion,yoldaş,arkadaş,refakatçi,B1
3785,uncontrollable,kontrol edilemez,zapt edilemez,önüne geçilemez,B1
3786,crop,ekin,ürün,hasat,B1
3787,crossing,geçit,kavşak,karşıya geçme,B1
3788,crossroads,kavşak,dört yol ağzı,dönemeç,B1
3789,crow,karga,ötmek,horoz ötmesi,B1
3790,cruel,zalim,acımasız,gaddar,B1
3791,unclear,belirsiz,net değil,anlaşılmaz,B1
3792,crush,ezmek,ufalamak,vurulmak,B1
3793,wardrobe,gardırop,elbise dolabı,giyinme odası,B1
3794,critical,kritik,eleştirel,önemli,B1
3795,cucumber,salatalık,hıyar,bostan,B1
3796,cultivate,yetiştirmek,tarım yapmak,geliştirmek,B1
3797,cultural,kültürel,kültürle ilgili,sanatsal,B1
3798,unbelievable,inanılmaz,akıl almaz,muazzam,B1
3799,bow,yay,eğilmek,kurdele,B1
3800,cure,tedavi,deva,iyileştirmek,B1
3801,curiosity,merak,ilgi uyandıran şey,tuhaflık,B1
3802,curious,meraklı,ilginç,acayip,B1
3803,curiously,merakla,tuhaf bir şekilde,acayip biçimde,B1
3804,curly,kıvırcık,bükümlü,dalgalı,B1
3805,uncertainty,belirsizlik,kararsızlık,kuşku,B1
3806,critic,eleştirmen,tenkitçi,muhalif,B1
3807,crisis,kriz,bunalım,buhran,B1
3808,uncover,ortaya çıkarmak,açmak,keşfetmek,B1
3809,undo,geri almak,çözmek,mahvetmek,B1
3810,counter,tezgah,sayaç,karşı koymak,B1
3811,countless,sayısız,sonsuz,pek çok,B1
3812,county,ilçe,kontluk,bölge,B1
3813,courage,cesaret,yüreklilik,ataklık,B1
3814,courageous,cesur,yürekli,gözü pek,B1
3815,courgette,kabak,sakız kabağı,ince kabak,B1
3816,bracelet,bilezik,bileklik,kelepçe,B1
3817,underpants,külot,iç çamaşırı,fantezi iç giyim,B1
3818,craft,zanaat,el sanatları,ustalık,B1
3819,underneath,altında,aşağıda,temel,B1
3820,crash,çarpışma,kaza,çöküş,B1
3821,boxing,boks,boks sporu,yumruklaşma,B1
3822,ward,koğuş,vesayet,mahalle,B1
3823,creator,yaratıcı,tasarımcı,kurucu,B1
3824,undergo,geçirmek,maruz kalmak,uğramak,B1
3825,underage,reşit olmayan,küçük yaşta,yaşı tutmayan,B1
3826,criminal,suçlu,cezai,cani,B1
3827,currency,para birimi,tedavül,geçerlilik,B1
3828,current,akım,güncel,cari,B1
3829,currently,şu anda,halihazırda,şimdilerde,B1
3830,curriculum,müfredat,ders programı,öğretim programı,B1
3831,typical,tipik,özgü,olağan,B1
3832,dating,çıkma,flört etme,tarihlendirme,B1
3833,warning,uyarı,ikaz,ihtar,B1
3834,warranty,garanti,güvence,kefalet,B1
3835,daze,şok,sersemlik,şaşkınlık,B1
3836,dazzle,göz kamaştırmak,büyülemek,etkilemek,B1
3837,deadline,son tarih,teslim süresi,zaman sınırı,B1
3838,deadly,ölümcül,öldürücü,eceli,B1
3839,deaf,sağır,işitme engelli,duymaz,B1
3840,dealer,tüccar,bayi,dağıtıcı,B1
3841,twist,bükmek,kıvrılmak,çevirmek,B1
3842,twin,ikiz,benzer,eş,B1
3843,debris,enkaz,yıkıntı,artık,B1
3844,debt,borç,mali yük,şükran borcu,B1
3845,boredom,can sıkıntısı,usanç,bıkkınlık,B1
3846,bore,sıkmak,usandırmak,delik açmak,B1
3847,decision,karar,hüküm,kesinlik,B1
3848,turtle,kaplumbağa,deniz kaplumbağası,tosbağa,B1
3849,turning,dönüş,viraj,sapak,B1
3850,counseling/counselling,danışmanlık,rehberlik,tavsiye,B1
3851,darkness,karanlık,koyu renk,bilgisizlik,B1
3852,curtain,perde,örtü,sahne perdesi,B1
3853,curve,eğri,viraj,kıvrım,B1
3854,cushion,minder,yastık,destek,B1
3855,customs,gümrük,gümrük idaresi,gümrük vergisi,B1
3856,bound,bağlı,sınır,ziye,B1
3857,bounce,zıplamak,sekmek,geri dönmek,B1
3858,CV,özgeçmiş,cv,hal tercümesi,B1
3859,unafraid,korkusuz,cesur,korkmayan,B1
3860,cycle,döngü,bisiklet,devir,B1
3861,unable,aciz,güçsüz,yapamaz,B1
3862,warmly,sıcakça,samimi olarak,sevgiyle,B1
3863,daisy,papatya,göz çiçeği,akbaba,B1
3864,damage,hasar,zarar,ziyan,B1
3865,damaged,hasarlı,zarar görmüş,bozulmuş,B1
3866,damp,nemli,rutubetli,ıslakça,B1
3867,warmth,sıcaklık,samimiyet,ılıkkanlılık,B1
3868,dangerously,tehlikeli bir şekilde,tehlikeli biçimde,riskli şekilde,B1
3869,dare,cüret etmek,cesaret etmek,göze almak,B1
3870,warn,uyarmak,ikaz etmek,haber vermek,B1
3871,typically,tipik olarak,genellikle,özellikle,B1
3872,update,güncellemek,güncelleme,yenilemek,B1
3873,council,konsey,kurul,meclis,B1
3874,cotton,pamuk,pamuk ipliği,pamuklu,B1
3875,conclusion,sonuç,netice,karar,B1
3876,conduct,yürütmek,davranış,idare etmek,B1
3877,unrelated,alakasız,ilişkisiz,bağlantısız,B1
3878,unpredictable,öngörülemez,tahmin edilemez,değişken,B1
3879,unpack,açmak,paketten çıkarmak,bavul boşaltmak,B1
3880,confidence,güven,özgüven,itimat,B1
3881,confirm,onaylamak,doğrulamak,tasdik etmek,B1
3882,confirmation,onay,doğrulama,tasdik,B1
3883,conflict,çatışma,anlaşmazlık,çelişki,B1
3884,conclude,sonuçlandırmak,bitirmek,karara varmak,B1
3885,confusing,kafa karıştırıcı,karışık,anlaşılması güç,B1
3886,congratulate,tebrik etmek,kutlamak,kutlu kılmak,B1
3887,connect,bağlamak,ilişkilendirmek,eklemek,B1
3888,connection/connexion,bağlantı,ilişki,bağ,B1
3889,conquer,fethetmek,yenmek,ele geçirmek,B1
3890,unlucky,şanssız,uğursuz,talihsiz,B1
3891,conscious,bilinçli,şuurunda,farkında,B1
3892,consequently,sonuç olarak,buna bağlı olarak,nitekim,B1
3893,conservation,koruma,muhafaza,doğa koruma,B1
3894,conservative,muhafazakâr,tutucu,gelenekçi,B1
3895,confusion,kargaşa,kafa karışıklığı,şaşkınlık,B1
3896,concerned,endişeli,ilgili,kaygılı,B1
3897,concept,kavram,fikir,anlayış,B1
3898,concentration,odaklanma,konsantrasyon,yoğunlaşma,B1
3899,comparison,karşılaştırma,kıyaslama,benzerlik,B1
3900,compete,rekabet etmek,yarışmak,mücadele etmek,B1
3901,competitive,rekabetçi,rekabete dayalı,iddialı,B1
3902,competitor,rakip,yarışmacı,müsabık,B1
3903,unwell,rahatsız,hasta,kötü hisseden,B1
3904,complement,bütünlemek,tümleyen,tamamlayıcı unsur,B1
3905,completely,tamamen,eksiksiz,bütünüyle,B1
3906,unwanted,istenmeyen,fazlalık,arzulanmayan,B1
3907,complex,karmaşık,kompleks,tesisler topluluğu,B1
3908,unusually,alışılmadık şekilde,olağandışı,sıra dışı olarak,B1
3909,complicate,karmaşıklaştırmak,zorlaştırmak,çıkmaza sokmak,B1
3910,complicated,karışık,karmaşık,çözülmesi zor,B1
3911,compliment,iltifat,övgü,kutlamak,B1
3912,compose,bestelemek,oluşturmak,kaleme almak,B1
3913,composition,kompozisyon,eser,yapı,B1
3914,compound,bileşik,bileşim,etrafı çevrili alan,B1
3915,compromise,uzlaşma,ödün vermek,anlaşmaya varmak,B1
3916,untidy,dağınık,düzensiz,pasaklı,B1
3917,bravely,cesurca,yiğitçe,korkusuzca,B1
3918,considerable,önemli ölçüde,hatırı sayılır,büyük,B1
3919,unlikely,muhtemel olmayan,beklenmeyen,olası değil,B1
3920,consideration,düşünce,göz önünde bulundurma,dikkat,B1
3921,unless,medikçe,madıkça,eğer ...mezse,B1
3922,controversial,tartışmalı,münakaşalı,anlaşmazlık yaratan,B1
3923,uninterested,ilgisiz,alakasız,kayıtsız,B1
3924,brand-new,yepyeni,sıfır,kutusunda,B1
3925,unify,birleştirmek,bütünleştirmek,tekleştirmek,B1
3926,unheard,duyulmamış,dinlenmemiş,bilinmeyen,B1
3927,convey,iletmek,taşımak,aktarmak,B1
3928,convince,ikna etmek,inandırmak,aklına yatırmak,B1
3929,unfriendly,dostça olmayan,soğuk,kaba,B1
3930,unfortunate,talihsiz,şanssız,üzücü,B1
3931,copyright,telif hakkı,eser hakkı,yayın hakkı,B1
3932,brainstorming,beyin fırtınası,fikir üretme,düşünce alışverişi,B1
3933,unfold,açmak,gözler önüne sermek,gelişmek,B1
3934,unfit,sağlıksız,uygun olmayan,kondisyonsuz,B1
3935,unfairly,haksız yere,adaletsizce,haksızlık yaparak,B1
3936,unexpectedly,beklenmedik şekilde,ansızın,aniden,B1
3937,correction,düzeltme,tashih,ıslah,B1
3938,unexpected,beklenmedik,umulmadık,ani,B1
3939,unemployment,işsizlik,işsiz kalma,istihdam eksikliği,B1
3940,unemployed,işsiz,boşta gezen,görevsiz,B1
3941,undress,soyunmak,giysilerini çıkarmak,soyundurmak,B1
3942,cough,öksürük,öksürmek,öksürük tutması,B1
3943,contribution,katkı,bağış,katkıda bulunma,B1
3944,contrary,zıt,aksi,karşıt,B1
3945,consonant,ünsüz harf,sessiz harf,uyumlu,B1
3946,constantly,sürekli,devamlı,daima,B1
3947,constitute,oluşturmak,teşkil etmek,meydana getirmek,B1
3948,constitution,anayasa,bünye,tüzük,B1
3949,construct,inşa etmek,yapmak,kurmak,B1
3950,construction,inşaat,yapı,yapım,B1
3951,consume,tüketmek,harcamak,yiyip bitirmek,B1
3952,consumer,tüketici,müşteri,alıcı,B1
3953,consumption,tüketim,sarfiyat,harcama,B1
3954,contain,içermek,barındırmak,zapt etmek,B1
3955,universe,evren,kâinat,dünya,B1
3956,unite,birleşmek,birlik olmak,birlikte hareket etmek,B1
3957,content,içerik,memnun,hoşnut,B1
3958,brass,pirinç,toka,bakır alaşımı,B1
3959,continual,sürekli,kesintisiz,aralıksız,B1
3960,continually,sürekli olarak,durmaksızın,daima,B1
3961,continuous,sürekli,kesintisiz,mütemadi,B1
3962,continuously,aralıksız,kesintisiz,sürekli,B1
3963,unique,benzersiz,eşsiz,tek,B1
3964,union,birlik,sendika,birleşme,B1
3965,uninteresting,ilgisiz,sıkıcı,tekdüze,B1
3966,contribute,katkıda bulunmak,yardım etmek,sebebiyet vermek,B1
3967,behalf,adına,namına,hesabına,B1
3968,retell,yeniden anlatmak,tekrar söylemek,nakletmek,B1
3969,terrorism,terörizm,terör,yıldırma politikası,B1
3970,gorilla,goril,iri maymun,gerilla,B1
3971,gossip,dedikodu,gıybet,Boş konuşma,B1
3972,struggle,mücadele etmek,çabalamak,çırpınmak,B1
3973,govern,yönetmek,idare etmek,hükmetmek,B1
3974,stubborn,inatçı,dik başlı,sabit fikirli,B1
3975,governor,vali,yönetici,idareci,B1
3976,gown,cübbe,kadın elbisesi,gecelik,B1
3977,gorgeous,muhteşem,harika,göz alıcı,B1
3978,grab,kapmak,yakalamak,tutmak,B1
3979,graceful,zarif,ince,şık,B1
3980,studio,stüdyo,atölye,çalışma odası,B1
3981,suspicion,şüphe,kuku,zan,B1
3982,impair,bozmak,zarar vermek,zayıflatmak,B1
3983,graduation,mezuniyet,derecelendirme,diploma töreni,B1
3984,stuffed,doldurulmuş,tıkabasa dolu,tıka basa,B1
3985,stuck,saplanmış,takılıp kalmış,sıkışmış,B1
3986,stumble,sendelemek,ayağı takılmak,kekelemek,B1
3987,swarm,sürü,karınca dalgası,akın etmek,B1
3988,impression,izlenim,intiba,etki,B1
3989,glorious,şanlı,görkemli,muhteşem,B1
3990,glory,şan,şöhret,ihtişam,B1
3991,improper,uygunsuz,yersiz,edebe aykırı,B1
3992,strip,soymak,şerit,çıkarmak,B1
3993,bang,patlama,gürültü,vurmak,B1
3994,goalkeeper,kaleci,kale muhafızı,file bekçisi,B1
3995,swear,yemin etmek,küfretmek,sövmek,B1
3996,stripe,çizgi,şerit,galon,B1
3997,goddess,tanrıça,put,güzel kadın,B1
3998,bandage,sargı,bandaj,sarmak,B1
3999,impressive,etkileyici,unutulmaz,çarpıcı,B1
4000,golfer,golfçü,golf oyuncusu,sporcu,B1
4001,goodness,iyilik,merhamet,erdem,B1
4002,goods,mal,eşya,emtia,B1
4003,sweatshirt,sweatshirt,eşofman üstü,örme kazak,B1
4004,improvement,gelişme,iyileşme,düzelme,B1
4005,stun,sersemletmek,şaşırtmak,bayıltmak,B1
4006,whenever,ne zaman,her ne zaman,her ne zaman ki,B1
4007,gravy,et suyu,sos,et sosu,B1
4008,balance,denge,bakiye,tartı,B1
4009,bakery,fırın,ekmekçi dükkânı,pastane,B1
4010,baker,fırıncı,ekmekçi,pasta yapımcısı,B1
4011,greenhouse,sera,camlı tarla,çiçek evi,B1
4012,baggage,bagaj,valiz,yük,B1
4013,subconscious,bilinçaltı,bilinç dışı,alt bilinç,B1
4014,survival,hayatta kalma,yaşam mücadelesi,beka,B1
4015,greeting,selamlama,kutlama,karşılama,B1
4016,grill,ızgara,mangal,ızgara yapmak,B1
4017,surrounding,çevreleyen,etraftaki,muhit,B1
4018,illness,hastalık,rahatsızlık,sayrı,B1
4019,surround,kuşatmak,çevresini sarmak,etrafını almak,B1
4020,groom,damat,at bakıcısı,hazırlamak,B1
4021,surprisingly,şaşırtıcı bir şekilde,beklenmedik biçimde,hayret verici olarak,B1
4022,ground floor,zemin kat,giriş katı,taban kat,B1
4023,illuminate,aydınlatmak,ışıklandırmak,açıklamak,B1
4024,immigration,göç,ülkeye göç,immihrasyon,B1
4025,grave,mezar,ciddi,vahim,B1
4026,imaginary,hayali,düşsel,varsayımsal,B1
4027,bald,kel,saçsız,dazlak,B1
4028,grant,hibe,bağış,vermek,B1
4029,immigrate,göç etmek,ülkeye yerleşmek,dıştan gelmek,B1
4030,graph,grafik,çizelge,grafikle göstermek,B1
4031,stunning,büyüleyici,nefes kesici,şaşırtıcı,B1
4032,stupid,aptal,salak,ahmak,B1
4033,graphic,grafik,resimli,canlı,B1
4034,stylish,şık,tarz sahibi,moda,B1
4035,immediately,derhal,hemen,acilen,B1
4036,suspect,şüpheli,zanlı,kuşkulanmak,B1
4037,graphics,grafikler,görsel tasarım,bilgisayar grafiği,B1
4038,survivor,kurtulan,hayatta kalan,kazazede,B1
4039,wherever,her nerede,nerede olursa,her nereye,B1
4040,imitate,taklit etmek,öykünmek,benzetmek,B1
4041,astronomer,astronom,gökbilimci,yıldızbilimci,B1
4042,gratitude,minnettarlık,şükran,teşekkür,B1
4043,immediate,ani,derhal olan,yakın,B1
4044,swell,şişmek,kabarmak,büyümek,B1
4045,wildlife,yaban hayatı,vahşi yaşam,doğal yaşam,B1
4046,systematic,sistematik,düzenli,yöntemli,B1
4047,gay,eşcinsel,gay,neşkeli,B1
4048,stream,akarsu,dere,akış,B1
4049,gee,hadi ya,vay canına,aman tanrım,B1
4050,gene,gen,kalıtım birimi,soy,B1
4051,general,genel,umumî,orgeneral,B1
4052,syndrome,sendrom,belirti kümesi,hastalık belirtisi,B1
4053,whale,balina,balina avlamak,büyük balık,B1
4054,independent,bağımsız,müstakil,tarafsız,B1
4055,generally,genellikle,umumen,genel olarak,B1
4056,indefinite article,belgisiz tanecik,belgisiz artikel,tanımlık olmayan,B1
4057,generate,üretmek,oluşturmak,meydana getirmek,B1
4058,generous,cömert,eli açık,bol,B1
4059,sympathy,sempati,sempati duyma,anlayış,B1
4060,strengthen,güçlendirmek,kuvvetlendirmek,sağlamlaştırmak,B1
4061,genetic,genetik,kalıtımsal,soybilimsel,B1
4062,symptom,belirti,semptom,alamet,B1
4063,genetically,genetik olarak,kalıtsal yönden,soybilimsel olarak,B1
4064,garment,giysi,kıyafet,elbise,B1
4065,strawberry,çilek,çilek rengi,çilek bitkisi,B1
4066,industrial,endüstriyel,sanayi,sanayiye ait,B1
4067,wetland,sulak alan,bataklık,sulak arazi,B1
4068,gain,kazanç,kazanmak,elde etmek,B1
4069,gall,öd,safra,cüret,B1
4070,gallon,galon,sıvı ölçüsü,galon hacmi,B1
4071,strangely,garip bir şekilde,tuhafça,şaşırtıcı biçimde,B1
4072,gardening,bahçıvanlık,bahçe işleri,bahçe bakımı,B1
4073,indoors,içeride,bina içinde,evde,B1
4074,individual,birey,şahıs,bireysel,B1
4075,strategic,stratejik,taktiksel,stratejiye ait,B1
4076,gap,boşluk,açıklık,uçurum,B1
4077,barely,neredeyse hiç,ancak,zorlukla,B1
4078,indirectly,dolaylı olarak,vasıtalı olarak,dolambaçlı,B1
4079,indirect,dolaylı,vasıtalı,dolambaçlı,B1
4080,straw,saman,pipet,hasır,B1
4081,tablet,tablet,hap,levha,B1
4082,genetics,genetik bilimi,kalıtım bilimi,genetik yapı,B1
4083,stress,stres,vurgu,baskı,B1
4084,gentleman,beyefendi,kibar erkek,saygıdeğer kişi,B1
4085,gifted,yetenekli,üstün zekalı,kabiliyetli,B1
4086,stricken,vurulmuş,motive,derinden etkilenmiş,B1
4087,giggle,kıkırdamak,kıkırtı,gülüşmek,B1
4088,ginger,zencefil,zencefil rengi,kızıl,B1
4089,giraffe,zürafa,uzun boyunlu hayvan,zürafagiller,B1
4090,giant,dev,devasa,kocaman,B1
4091,glance,göz atmak,kaçamak bakış,parıldamak,B1
4092,wildly,çılgınca,vahşice,aşırı derecede,B1
4093,swimmer,yüzücü,yüzen kimse,su sporcusu,B1
4094,bank account,banka hesabı,mevduat hesabı,hesap cüzdanı,B1
4095,glide,süzülmek,kaymak,sessizce hareket,B1
4096,glimpse,anlık bakış,göz ucuyla görmek,farih izlenim,B1
4097,glint,parıltı,ışıltı,parıldamak,B1
4098,global,küresel,global,dünya çapında,B1
4099,stretch,esnemek,uzatmak,gerinmek,B1
4100,stressful,stresli,gergin,sıkıntılı,B1
4101,stressed,vurgulatif,stresli,gergin,B1
4102,incredibly,inanılmaz,çok,aşırı,B1
4103,incredible,inanılmaz,harika,muazzam,B1
4104,increasingly,giderek,artan,daha da,B1
4105,incorrect,yanlış,hatalı,kusurlu,B1
4106,inconvenient,elverişsiz,uygunsuz,zor,B1
4107,sword,kılıç,pala,ekin,B1
4108,geographical,coğrafi,coğrafyaya ait,yersel,B1
4109,geography,coğrafya,yer bilimi,bölge,B1
4110,geology,jeoloji,yer bilimi,taşbilim,B1
4111,swollen,şiş,kabarmış,şişkin,B1
4112,gesture,jest,el hareketi,tavır,B1
4113,bare,çıplak,yalın,boş,B1
4114,switch,şalter,düğme,değiştirmek,B1
4115,income,gelir,kazanç,irat,B1
4116,including,dahil,içeren,birlikte,B1
4117,incident,olay,hadise,vaka,B1
4118,illegally,yasadışı,kaçak,kanunsuz,B1
4119,whether,acaba,ister,şu veya bu,B1
4120,ignore,görmezden gelmek,ihmal etmek,umursamamak,B1
4121,humorous,mizahi,eğlenceli,komik,B1
4122,helmet,kask,miğfer,baret,B1
4123,humor/humour,mizaç,gülmece,şaka,B1
4124,sunset,gün batımı,akşamüstü,gurup,B1
4125,humid,nemli,rutubetli,yaş,B1
4126,helpless,çaresiz,yardımsız,aciz,B1
4127,sunrise,gün doğumu,şafak,seher,B1
4128,hunger,açlık,açlıktan ölme,istek,B1
4129,auxiliary,yardımcı,yedek,tali,B1
4130,hesitate,tereddüt etmek,duraksamak,çekinmek,B1
4131,whistle,ıslık,düdük,ıslık çalmak,B1
4132,humanity,insanlık,beşeriyet,merhamet,B1
4133,hidden,gizli,saklı,örtülü,B1
4134,suddenly,ani,birdenbire,ansızın,B1
4135,authority,otorite,yetki,makam,B1
4136,herd,sürü,topluluk,gütmek,B1
4137,highlight,vurgulamak,öne çıkarmak,en önemli kısım,B1
4138,available,müsait,elde edilebilir,geçerli,B1
4139,height,yükseklik,boy,zirve,B1
4140,whisper,fısıltı,fısıldamak,hışırtı,B1
4141,attach,bağlamak,iliştirmek,eklemek,B1
4142,heart attack,kalp krizi,infarktüs,yürek durması,B1
4143,superior,üst,üstün,mükemmel,B1
4144,hearted,yürekli,kalpli,cesur,B1
4145,widespread,yaygın,geniş,ulaşılan,B1
4146,avenue,cadde,bulvar,yol,B1
4147,hearty,samimi,içten,bol,B1
4148,hunt,av,avlanmak,aramak,B1
4149,attachment,ek,bağlılık,dosya,B1
4150,heater,ısıtıcı,soba,kalorifer,B1
4151,heaven,cennet,gökyüzü,ilahî huzur,B1
4152,heavenly,cennet gibi,göksel,ilahî,B1
4153,heel,topuk,ayakkabı topuğu,arkalık,B1
4154,hurriedly,aceleyle,çabucak,derdest,B1
4155,suffer,acı çekmek,katlanmak,uğramak,B1
4156,highly,oldukça,yüksek derecede,çok,B1
4157,sundial,güneş saati,gölge saati,zaman ölçer,B1
4158,horrible,korkunç,berbat,iğrenç,B1
4159,holy,kutsal,mübarek,aziz,B1
4160,horn,boynuz,korna,boru,B1
4161,horizon,ufuk,görünüm,bakış açısı,B1
4162,homeless,evsiz,barksız,sokakta yaşayan,B1
4163,attraction,çekim,ilgi odağı,cezbe,B1
4164,attract,cezbetmek,çekmek,ilgi uyandırmak,B1
4165,summit,zirve,tepe,doruk,B1
4166,summarize/summarise,özetlemek,hulasaten anlatmak,toparlamak,B1
4167,honest,dürüst,namuslu,açık sözlü,B1
4168,honestly,dürüstçe,doğrusu,gerçekten,B1
4169,hopefully,inşallah,ümit ederim,umutla,B1
4170,hopeful,umutlu,ümitvar,vaatkâr,B1
4171,honesty,dürüstlük,namus,doğruluk,B1
4172,honeymoon,balayı,evlilik tatili,mutluluk dönemi,B1
4173,hopeless,umutsuz,çaresiz,vahim,B1
4174,horrify,korkutmak,dehşete düşürmek,ürkütmek,B1
4175,suicide,intihar,canına kıyma,öz kıyım,B1
4176,sunbathe,güneşlenmek,bronzlaşmak,güneş banyosu,B1
4177,attain,elde etmek,ulaşmak,erişmek,B1
4178,hip,kalça,uyluk,modern,B1
4179,sufficient,yeterli,kâfi,elverişli,B1
4180,hire,kiralamak,işe almak,ücretle tutmak,B1
4181,historian,tarihçi,tarih yazarı,kronikçi,B1
4182,housework,ev işi,ev temizliği,ev idaresi,B1
4183,suffix,son ek,eki,yapım eki,B1
4184,historic,tarihi,tarihî önemde,unutulmaz,B1
4185,historical,tarihsel,tarihe ait,gerçek,B1
4186,household,hane,ev halkı,aile,B1
4187,attend,katılmak,devam etmek,ilgi göstermek,B1
4188,hostel,pansiyon,öğrenci yurdu,kamp,B1
4189,HIV,hiv virüsü,bağışıklık düşmanı,aids etkeni,B1
4190,whoever,her kim,her kim ki,kim olursa olsun,B1
4191,hearing,duyma,işitme,duruşma,B1
4192,fuss,telaş,gürültü,boş yere heyecan,B1
4193,atomic,atomik,atom,çok küçük,B1
4194,identity card,kimlik kartı,nüfus cüzdanı,kimlik,B1
4195,identity,kimlik,şahsiyet,özdeşlik,B1
4196,habitat,doğal ortam,yaşam alanı,habitat,B1
4197,backpacking,sırt çantalı seyahat,kampçılık,gezginlik,B1
4198,surely,kesinlikle,kuşkusuz,şüphesiz,B1
4199,backpacker,sırt çantalı gezgin,kampçı,seyyah,B1
4200,backpack,sırt çantası,okul çantası,dağcı çantası,B1
4201,gymnastics,jimnastik,cimnastik,beden eğitimi,B1
4202,hairdresser,kuaför,kadın berberi,saç tasarımcısı,B1
4203,backache,sırt ağrısı,bel ağrısı,arkaağrısı,B1
4204,hammer,çekiç,tokmak,çekiçlemek,B1
4205,handball,hentbol,el topu,hentbol oyunu,B1
4206,hand-held,elde taşınan,taşınabilir,el tipi,B1
4207,supposedly,sözde,güya,iddia edildiğine göre,B1
4208,hairdryer,saç kurutma makinesi,kurutma makinesi,fön makinesi,B1
4209,handkerchief,mendil,cep mendili,kumaş mendil,B1
4210,gym,spor salonu,jimnastik salonu,fitness salonu,B1
4211,whichever,her hangisi,hangisini,hangi,B1
4212,grouping,gruplandırma,kümeleme,grup oluşturma,B1
4213,growth,büyüme,gelişme,artış,B1
4214,guarantee,garanti,güvence,garanti etmek,B1
4215,guidance,rehberlik,kılavuzluk,yönlendirme,B1
4216,idol,put,idol,hayran olunan kişi,B1
4217,submarine,denizaltı,subasar,su altı gemisi,B1
4218,idiom,deyim,tabir,özdeyiş,B1
4219,surgery,ameliyat,cerrahi,muayenehane,B1
4220,guilt,suçluluk,suç,kabahat,B1
4221,guilty,suçlu,kabahatli,vicdan azabı çeken,B1
4222,bacon,domuz pastırması,tütsülenmiş et,pastırma,B1
4223,guitarist,gitarist,gitar çalan,sazende,B1
4224,surgeon,cerrah,operatör,ameliyat doktoru,B1
4225,surface,yüzey,satıh,yüzeysel,B1
4226,guide,rehber,kılavuz,rehberlik etmek,B1
4227,suppose,varsaymak,zannetmek,tahmin etmek,B1
4228,supportive,destekleyici,yardımsever,arka çıkan,B1
4229,hasty,acele,üstünkörü,düşünülmemiş,B1
4230,awkward,tuhaf,garip,sakar,B1
4231,hatch,kuluçkaya yatmak,kapak,yumurtadan çıkmak,B1
4232,atmosphere,atmosfer,hava,ortam,B1
4233,hatred,nefret,kin,düşmanlık,B1
4234,haunt,musallat olmak,akıldan çıkmamak,uğrak yeri,B1
4235,Atlantic,Atlantik,Atlas Okyanusu,Atlantik Okyanusu,B1
4236,awesome,muhteşem,şahane,korku veren,B1
4237,superstition,batıl inanç,hurafe,batıl itikat,B1
4238,hazard,tehlike,risk,zarar,B1
4239,awareness,farkındalık,bilinç,uyanıklık,B1
4240,headline,manşet,başlık,ana haber,B1
4241,hut,kulübe,baraka,dağ evi,B1
4242,heal,iyileşmek,iyileştirmek,şifa bulmak,B1
4243,healing,iyileşme,şifa,tedavi edici,B1
4244,haven,sığınak,liman,güvenli yer,B1
4245,harness,koşum takımı,yararlanmak,kontrol altına almak,B1
4246,ice hockey,buz hokeyi,buz hokeyi oyunu,hokey,B1
4247,supply,tedarik etmek,arz,sağlamak,B1
4248,handshake,tokalaşma,el sıkışma,selamlaşma,B1
4249,babysitter,bebek bakıcısı,çocuk bakıcısı,bakıcı,B1
4250,handwriting,el yazısı,yazı stili,hat,B1
4251,handy,kullanışlı,pratik,elverişli,B1
4252,supporter,taraftar,destekçi,yandaş,B1
4253,hang,asmak,sarkıtmak,asılmak,B1
4254,athletic,atletik,sporcu,çevik,B1
4255,hanging,askıda,sarkıt,idam,B1
4256,babysit,çocuk bakmak,bakıcılık yapmak,çocuk gözetmek,B1
4257,harbor/harbour,liman,barınak,sığınak,B1
4258,substantial,önemli,büyük,sağlam,B1
4259,substitute,yedek,ikame,vekil,B1
4260,hardship,zorluk,sefalet,çile,B1
4261,hard-working,çalışkan,gayretli,emekçi,B1
4262,ice skating,buz pateni,paten kayma,buzda kayış,B1
4263,aware,farkında,bilinçli,haberdar,B1
4264,furthest,en uzak,en öte,en son,B1
4265,hop,sıçramak,atlamak,tek ayak,B1
4266,institute,enstitü,kurum,kuruluş,B1
4267,film-maker,film yapımcısı,yönetmen,sinemacı,B1
4268,stick,sopa,yapıştırmak,batırmak,B1
4269,forth,ileri,dışarı,öteye,B1
4270,initially,başlangıçta,ilk olarak,en başta,B1
4271,filter,filtre,süzmek,arıtmak,B1
4272,firework,havai fişek,faraş,piroteknik,B1
4273,formula,formül,düzen,reçete,B1
4274,beast,canavar,canlı,vahşi hayvan,B1
4275,fortnight,iki hafta,ondört gün,yarım ay,B1
4276,sticker,etiket,çıkartma,yapışkan,B1
4277,tasteless,tatsız,lezzetsiz,yavan,B1
4278,finance,finans,maliye,para sağlama,B1
4279,inject,enjekte etmek,iğne yapmak,zerk etmek,B1
4280,flock,sürü,cemaat,akın etmek,B1
4281,former,eski,önceki,birinci,B1
4282,sticky,yapışkan,canna,buharlı,B1
4283,tasty,lezzetli,tatlı,güzel,B1
4284,financial,finansal,mali,parasal,B1
4285,tendency,eğilim,meyil,yönelim,B1
4286,finding,bulgu,netice,karar,B1
4287,taste,tat,lezzet,tatmak,B1
4288,inquiry/enquiry,soruşturma,araştırma,danışma,B1
4289,fortunate,şanslı,uğurlu,kutlu,B1
4290,informative,bilgilendirici,öğretici,malumatlı,B1
4291,teen,ergen,genç,delikanlı,B1
4292,inscribe,kazımak,yazmak,kaydetmek,B1
4293,firmly,sımsıkı,kesinlikle,kararlıca,B1
4294,fire station,itfaiye,itfaiye binası,yangın istasyonu,B1
4295,technique,teknik,yöntem,usul,B1
4296,ingredient,malzeme,içerik,unsur,B1
4297,tank,tank,depo,hazne,B1
4298,insane,deli,akıl hastası,çılgınca,B1
4299,firm,firma,şirket,sağlam,B1
4300,because of,yüzünden,nedeniyle,ötürü,B1
4301,inhabitant,oturan,yerli,sakin,B1
4302,inhale,solumak,içine çekmek,nefes almak,B1
4303,instructor,eğitmen,öğretmen,okutman,B1
4304,fragment,parça,kırıntı,bölük,B1
4305,basement,bodrum,zemin kat,bodrum katı,B1
4306,assistance,yardım,destek,muavenet,B1
4307,filling,dolgu,doldurma,iç malzeme,B1
4308,instruction,talimat,eğitim,yönerge,B1
4309,fountain,çeşme,fıskiye,şadırvan,B1
4310,foundation,temel,vakıf,kuruluş,B1
4311,initial,ilk,başlangıç,baş harf,B1
4312,format,biçim,format,düzen,B1
4313,beaver,kunduz,kunduz kürk,çalışkan kimse,B1
4314,formally,resmen,şeklen,kuralına göre,B1
4315,tend,eğilimi olmak,bakmak,yönelmek,B1
4316,beautifully,güzelce,harika şekilde,hoş bir şekilde,B1
4317,bathe,yıkanmak,banyo yapmak,yüzmek,B1
4318,flu,grip,paçavra gribi,nezle,B1
4319,tempt,özendirmek,baştan çıkarmak,teşvik etmek,B1
4320,inspection,denetim,inceleme,teftiş,B1
4321,industry,sanayi,endüstri,sektör,B1
4322,foolish,aptalca,salak,ahmak,B1
4323,tease,alay etmek,takılmak,laf atmak,B1
4324,fondness,düşkünlük,sevgi,merak,B1
4325,fluent,akıcı,düzgün,seri,B1
4326,fond,düşkün,seven,sevecen,B1
4327,teaching,öğretim,hocalık,öğretme,B1
4328,battle,savaş,muharebe,çatışma,B1
4329,teammate,takım arkadaşı,ekip üyesi,müsabaka ortağı,B1
4330,folk,halk,kabile,dostlar,B1
4331,fluently,akıcı bir şekilde,düzgünce,seri bir şekilde,B1
4332,fold,katlamak,kıvrım,bükmek,B1
4333,temporary,geçici,muvakkat,eğreti,B1
4334,well-dressed,şık,iyi giyimli,giyim kuşamı yerinde,B1
4335,teamwork,ekip çalışması,takım çalışması,ortak çalışma,B1
4336,flute,flüt,kaval,nefesli çalgı,B1
4337,innocent,masum,suçsuz,günahsız,B1
4338,flavor/flavour,tat,lezzet,armoni,B1
4339,foot,ayak,ayakucu,desimetre,B1
4340,forbidden,yasak,memnu,yasaklanmış,B1
4341,formal,resmi,kuralcı,biçimsel,B1
4342,injury,yaralanma,sakatlık,hasar,B1
4343,ink,mürekkep,yazı mürekkebi,çini,B1
4344,instead of,yerine,...in yerine,mukabil,B1
4345,basin,leğen,havza,lavabo,B1
4346,firefighter,itfaiyeci,yangın söndürücü,ocakçı,B1
4347,forgive,affetmek,bağışlamak,görmezden gelmek,B1
4348,basis,temel,esas,dayanak,B1
4349,innovator,yenilikçi,mücit,reformcu,B1
4350,instance,örnek,durum,misal,B1
4351,finger,parmak,el parmağı,parmakla dokunmak,B1
4352,install/instal,kurmak,monte etmek,yüklemek,B1
4353,stir,karıştırmak,hareket etmek,uyandırmak,B1
4354,inspire,ilham vermek,esinlemek,coşturmak,B1
4355,flow,akmak,akış,sel,B1
4356,forehead,alın,ön kafa,kafa,B1
4357,assignment,ödev,görev,atama,B1
4358,forecast,tahmin,hava raporu,öngörmek,B1
4359,innermost,en içteki,en derin,saklı,B1
4360,tax,vergi,vergilendirmek,yüklemek,B1
4361,technological,teknolojik,teknik,sanayi,B1
4362,freely,serbestçe,özgürce,rahatça,B1
4363,assist,yardım etmek,desteklemek,asistanlık yapmak,B1
4364,fund,fon,kaynak,finanse etmek,B1
4365,takeaway,paket yemek,çıkarım,ana fikir,B1
4366,assume,varsaymak,üstlenmek,zannetmek,B1
4367,first lady,başkan eşi,cumhurbaşkanı eşi,saygıdeğer kadın,B1
4368,takeoff/take-off,kalkış,uçuş,taklit,B1
4369,westward,batıya,batı yönünde,batı,B1
4370,tale,masal,hikaye,söylenti,B1
4371,fellow,arkadaş,dost,herif,B1
4372,inscription,yazıt,kitabe,ibare,B1
4373,full-time,tam zamanlı,tam gün,sürekli,B1
4374,intensive,yoğun,kuvvetli,pekiştirmeli,B1
4375,intense,yoğun,şiddetli,güçlü,B1
4376,full stop,nokta,durma,bitiş,B1
4377,barman,barmen,barda çalışan,garson,B1
4378,fuel,yakıt,akaryakıt,yakıt ikmali,B1
4379,ferry,feribot,vapur,taşımak,B1
4380,terminal,terminal,son durak,ölümcül,B1
4381,telecommunications,telekomünikasyon,uzaktan iletişim,haberleşme,B1
4382,frustration,hayal kırıklığı,engellenme,öfke,B1
4383,festive,şenlikli,bayram havasında,kutlama,B1
4384,first floor,birinci kat,giriş kat,üst kat,B1
4385,frustrated,hayal kırıklığına uğramış,üzgün,öfkeli,B1
4386,funeral,cenaze,cenaze töreni,defin,B1
4387,infection,enfeksiyon,iltihap,bulaşma,B1
4388,assign,atamak,görevlendirmek,tahsis etmek,B1
4389,interaction,etkileşim,iletişim,karşılıklı eylem,B1
4390,furthermore,dahası,üstelik,bununla birlikte,B1
4391,favorable/favourable,olumlu,elverişli,uygun,B1
4392,fax,faks,belgegeçer,faks çekmek,B1
4393,furnish,döşemek,mobilya koymak,sağlamak,B1
4394,interact,etkileşimde bulunmak,iletişim kurmak,tepki vermek,B1
4395,teller,veznedar,anlatıcı,sayım memuru,B1
4396,intentionally,kasten,bilerek,tasarlayarak,B1
4397,terribly,çok,korkunç şekilde,aşırı,B1
4398,terror,terör,korku,dehşet,B1
4399,first-floor,birinci kata ait,alt kat,giriş üstü,B1
4400,intention,niyet,amaç,tasarı,B1
4401,fur,kürk,post,tüylü deri,B1
4402,feast,ziyafet,şölen,ziyafet çekmek,B1
4403,bark,havlama,ağaç kabuğu,havlamak,B1
4404,strain,zorlama,gerginlik,süzmek,B1
4405,temper,öfke,huy,sinir,B1
4406,terrified,dehşete düşmüş,çok korkmuş,ödü kopmuş,B1
4407,terrific,şahane,harika,mükemmel,B1
4408,inevitable,kaçınılmaz,mukadder,başka çaresi yok,B1
4409,beard,sakal,sakallı,sakallı kısım,B1
4410,frying pan,kızartma tavası,tava,saplı kap,B1
4411,beat,yenmek,vurmak,çarpmak,B1
4412,stormy,fırtınalı,dalgalı,ateşli,B1
4413,fetch,gidip getirmek,getirmek,almak,B1
4414,flash,flaş,parıltı,yanıp sönmek,B1
4415,talkative,konuşkan,geveze,çenebaz,B1
4416,friendliness,dostluk,samimiyet,arkadaşça tutum,B1
4417,associate,ilişkilendirmek,ortak,bağdaştırmak,B1
4418,fifth,beşinci,beşte bir,beşinci nota,B1
4419,storage,depolama,depo,saklama,B1
4420,telegram,telgraf,telgraf çekmek,telgraf mesajı,B1
4421,freshman,birinci sınıf öğrencisi,üniversite birincisi,acemi,B1
4422,bedside,yatak ucu,yatak başı,yatağın yanı,B1
4423,frequently,sık sık,tekrarla,çoğunlukla,B1
4424,frequent,sık,sık sık yapılan,devamlı gitmek,B1
4425,frequency,frekans,sıklık,tezahür sıklığı,B1
4426,inform,bilgilendirmek,haber vermek,bildirmek,B1
4427,freezing,dondurucu,donma,buz gibi,B1
4428,insurance,sigorta,sigorta poliçesi,güvence,B1
4429,freezer,derin dondurucu,buzluk,dondurucu,B1
4430,tense,gergin,zaman,fiil zamanı,B1
4431,storyteller,hikaye anlatıcısı,masalcı,öykücü,B1
4432,fright,korku,ürküntü,ani korku,B1
4433,tension,gerilim,tansiyon,gerginlik,B1
4434,term,terim,dönem,süre,B1
4435,feverishly,ateşli bir şekilde,telaşla,hırsla,B1
4436,talented,yetenekli,kabiliyetli,marifetli,B1
4437,infinitive,mastar,fiil kökü,mastar hali,B1
4438,frozen,donmuş,buz tutmuş,dondurulmuş,B1
4439,frost,don,kırağı,buzlanma,B1
4440,tent,çadır,çadır kurmak,geçici barınak,B1
4441,fitness,zindelik,sağlık,uygunluk,B1
4442,insight,kavrayış,içgörü,anlayış,B1
4443,flunk,sınıfta kalmak,başarısız olmak,dersten kalmak,B1
4444,barrel,fıçı,varil,namlu,B1
4445,intend,niyet etmek,amaçlamak,tasarlamak,B1
4446,insist,israr etmek,direnmek,üstelemek,B1
4447,widow,dul kadın,kocası ölen kadın,dul,B2
4448,unstoppable,durdurulamaz,önüne geçilemez,engel olunamaz,B2
4449,untreated,tedavi edilmemiş,işlenmemiş,kimyasal uygulanmamış,B2
4450,statesman,devlet adamı,politikacı,siyasetçi,B2
4451,untie,çözmek,bağını çözmek,çözülmek,B2
4452,unsure,emin olmayan,kararsız,şüpheli,B2
4453,untalented,yeteneksiz,kabiliyetsiz,marifetsiz,B2
4454,unsuccessful,başarısız,sonuçsuz,beceriksiz,B2
4455,statewide,eyalet çapında,eyalet geneli,tüm eyalette,B2
4456,sage,bilge,adaçayı,alim,B2
4457,unthinkably,akıl almaz şekilde,düşünülemez biçimde,hayal edilemeyecek kadar,B2
4458,subtle,ince,belirsiz,ustaca,B2
4459,visibly,görünür şekilde,açıkça,bariz bir şekilde,B2
4460,sag,sarkmak,çökme,düşüş,B2
4461,stimulate,uyarmak,teşvik etmek,canlandırmak,B2
4462,untrimmed,budanmamış,kesilmemiş,süslemesiz,B2
4463,unsuitable,uygunsuz,elverişsiz,yersiz,B2
4464,unto,kadar,e,a,B2
4465,unselfish,özverili,bencil olmayan,alçakgönüllü,B2
4466,revival,canlanma,yeniden doğuş,diriliş,B2
4467,stimulant,uyarıcı,canlandırıcı,teşvik edici,B2
4468,subtitle,altyazı,alt başlık,ikincil başlık,B2
4469,sail,yelken,yelken açmak,denize çıkmak,B2
4470,stepmother,üvey anne,üvey ana,candan olmayan anne,B2
4471,sandstone,kumtaşı,kum taşı,kayaç türü,B2
4472,suffering,acı,ıstırap,çile,B2
4473,stereotype,kalıpyargı,tipik örnek,stereotip,B2
4474,unkind,kaba,acımasız,nazik olmayan,B2
4475,vitamin,vitamin,besin ögesi,yaşam özü,B2
4476,sue,dava açmak,mahkemeye vermek,şayet,B2
4477,salty,tuzlu,tuz içeren,acı,B2
4478,stern,sert,katı,ciddi,B2
4479,suck,emmek,içine çekmek,berbat olmak,B2
4480,vomit,kusmak,kusmuk,dışarı atmak,B2
4481,unlimited,sınırsız,uçsuz bucaksız,kısıtsız,B2
4482,vital,hayati,çok önemli,yaşamsal,B2
4483,unload,yük boşaltmak,boşaltmak,yükü indirmek,B2
4484,retrieve,geri almak,kurtarmak,erişmek,B2
4485,sufficiently,yeterince,kâfi derecede,yeterli ölçüde,B2
4486,vocalist,vokalist,şarkıcı,ses sanatçısı,B2
4487,retirement,emeklilik,emekliye ayrılma,çekilme,B2
4488,steering wheel,direksiyon,direksiyon simidi,dümen simidi,B2
4489,steer,yönlendirmek,dümen kullanmak,idare etmek,B2
4490,stepfather,üvey baba,üvey ataa,ana eşi,B2
4491,steely,çelik gibi,kararlı,sert,B2
4492,spin,dönmek,eğirmek,döndürmek,B2
4493,sanitation,sağlık bilgisi,temizlik,kanalizasyon,B2
4494,sanitary,sıhhi,hijyenik,sağlığa uygun,B2
4495,universal,evrensel,genel,cihanşümul,B2
4496,retreat,geri çekilmek,geri çekilme,sığınak,B2
4497,widen,genişletmek,genişlemek,açılmak,B2
4498,unjustly,haksız yere,adaletsizce,yersiz olarak,B2
4499,united,birleşmiş,birlik,müşterek,B2
4500,salsa,salsa,acı sos,dans türü,B2
4501,unlock,kilidini açmak,kilidini çözmek,açığa çıkarmak,B2
4502,salon,salon,sergi salonu,oturma odası,B2
4503,unpopular,sevilmeyen,popüler olmayan,tutulmayan,B2
4504,salary,maaş,aylık,ücret,B2
4505,statistics,istatistik,istatistikler,istatistik bilimi,B2
4506,unrealistic,gerçekçi olmayan,hayalî,gerçek dışı,B2
4507,unreasonable,mantıksız,aşırı,makul olmayan,B2
4508,splatter,sıçratmak,şapırtı,lekelemek,B2
4509,reverse,ters,geri vites,tersine çevirmek,B2
4510,unreliable,güvenilmez,emin olmayan,sahtekâr,B2
4511,unrest,huzursuzluk,kargaşa,ayaklanma,B2
4512,suburb,banliyö,varoş,şehir dışı,B2
4513,subtract,çıkarmak,eksiltmek,azaltmak,B2
4514,unsafe,güvensiz,tehlikeli,emniyetsiz,B2
4515,zoom,yakınlaştırmak,vınlamak,hızla yükselmek,B2
4516,winding,kıvrımlı,zikzak,dolambaçlı,B2
4517,voter,seçmen,oy veren,oy sahibi,B2
4518,unofficial,resmî olmayan,gayriresmî,özel,B2
4519,stiff,sert,katı,tutulmuş,B2
4520,successive,art arda,ardışık,peş peşe,B2
4521,saleswoman,kadın satıcı,tezgahtar,pazarlamacı kadın,B2
4522,stew,yahni,haşlama,telaş,B2
4523,salesperson,satış elemanı,tezgahtar,pazarlamacı,B2
4524,revelation,vahiy,ifşa,gerçeğin açığa çıkması,B2
4525,unmistakable,kesin,belli,yanılmak imkansız,B2
4526,revenge,intikam,öç,öç almak,B2
4527,salesmanship,satış ustalığı,pazarlamacılık,satış tekniği,B2
4528,revenue,gelir,kamu geliri,hasılat,B2
4529,unmistakably,kesinlikle,açıkça,şüpheye yer bırakmayacak şekilde,B2
4530,unnatural,doğal olmayan,yapay,anormal,B2
4531,spite,kin,garez,inat,B2
4532,reverence,saygı,hürmet,tapınma derecesinde saygı,B2
4533,unsatisfactory,tatmin edici olmayan,yetersiz,hoşnutsuzluk yaratan,B2
4534,revive,canlandırmak,diriltmek,kendine gelmek,B2
4535,violate,çiğnemek,ihlal etmek,tecavüz etmek,B2
4536,starving,açlıktan ölen,çok aç,açlıktan kıvranan,B2
4537,stride,uzun adım,adımla yürümek,ilerleme,B2
4538,stopwatch,kronometre,süre ölçer,durdurma saati,B2
4539,rim,kenar,jant,çerçeve,B2
4540,vibration,titreşim,salınım,uğultu,B2
4541,strictly,katı bir şekilde,kesinlikle,sıkıca,B2
4542,vibrate,titremek,titretmek,çınlamak,B2
4543,valentine,sevgili,sevgililer günü kartı,sevgililer günü hediyesi,B2
4544,vaccine,aşı,aşı maddesi,serum,B2
4545,veteran,gazi,deneyimli kimse,eski asker,B2
4546,valid,geçerli,hükümlü,haklı,B2
4547,stammer,kekelemek,kekemelik,tutuk konuşmak,B2
4548,youthful,genç,dinç,gençsi,B2
4549,squad,müfreze,ekip,takım,B2
4550,satisfactory,tatmin edici,kâfi,yeterli,B2
4551,squash,ezmek,kabak,sıkıştırmak,B2
4552,rip,yırtmak,sökmek,yarık,B2
4553,squeeze,sıkmak,sarılmak,baskı,B2
4554,rosy,pembemsi,neşeli,umut verici,B2
4555,striking,çarpıcı,dikkat çekici,etkileyici,B2
4556,utilize/utilise,kullanmak,yararlanmak,değerlendirmek,B2
4557,rider,binici,sürücü,ek madde,B2
4558,walkabout,gezinti,yürüyüş,dolaşma,B2
4559,wilderness,vahşi doğa,ıssız yer,ormanlık alan,B2
4560,utter,ifade etmek,söylemek,tam,B2
4561,ridge,sırt,dağ sırtı,çıkıntı,B2
4562,utterly,tamamen,kesinlikle,son derece,B2
4563,rightly,haklı olarak,doğru bir şekilde,yerinde,B2
4564,stroke,felç,okşamak,vuruş,B2
4565,stonework,taş işçiliği,taş örgü,taş yapıt,B2
4566,righteousness,doğruluk,erdem,haklılık,B2
4567,stool,tabure,dışkı,iskemle,B2
4568,wink,göz kırpmak,göz kırpma,göz kırpışı,B2
4569,stopover,duraklama,ara verme,konaklama,B2
4570,wage,ücret,maaş,sürdürmek,B2
4571,vacant,boş,açık,sahipsiz,B2
4572,strive,çabalamak,gayret etmek,mücadele etmek,B2
4573,walker,yürüyüşçü,yürüteç,yaya,B2
4574,vanish,yok olmak,ortadan kaybolmak,uçup gitmek,B2
4575,waist,bel,orta kısım,gövde,B2
4576,roam,dolaşmak,gezinmek,aylaklık etmek,B2
4577,straighten,düzeltmek,doğrultmak,düzenlemek,B2
4578,straightforward,basit,anlaşılır,dürüst,B2
4579,rocky,kayalık,sarsıntılı,zor,B2
4580,roar,kükremek,kükreyiş,gürlemek,B2
4581,rocket,roket,fırlatmak,hızla yükselmek,B2
4582,verse,ayet,mısra,şiir,B2
4583,strangle,boğmak,nefessiz bırakmak,susturmak,B2
4584,strait,boğaz,dar,sıkıntı,B2
4585,venture,girişim,cesaret etmek,tehlikeye atmak,B2
4586,venue,mekan,yer,toplanma yeri,B2
4587,verbal,sözel,sözlü,fiilimsi,B2
4588,stagger,sallanmak,sersemletmek,tkezlemek,B2
4589,stain,leke,lekelemek,boya,B2
4590,strand,iplik,sahil,mahsur bırakmak,B2
4591,verbally,sözlü olarak,sözel olarak,kelimesi kelimesine,B2
4592,stab,bıçaklamak,saplamak,darbe,B2
4593,waistcoat,yelek,kolsuz ceket,iç yelek,B2
4594,stake,kazık,hisse,bahis,B2
4595,yummy,nefis,leziz,tatlı,B2
4596,stability,istikrar,kararlılık,sağlamlık,B2
4597,vanity,kibir,boşluk,makyaj masası,B2
4598,risky,riskli,tehlikeli,şüpheli,B2
4599,variation,çeşitleme,değişke,farklılık,B2
4600,stack,yığın,istiflemek,küme,B2
4601,version,sürüm,versiyon,çeviri,B2
4602,zebra,zebra,çizgili at,yaya geçidi,B2
4603,rite,ayin,tören,adet,B2
4604,ritual,ritüel,ayin,törensel,B2
4605,windshield,ön cam,rüzgarlık,cam siper,B2
4606,versus,karşı,e karşı,veya,B2
4607,rival,rakip,rekabet eden,boy ölçülen,B2
4608,varied,çeşitli,farklı,renkli,B2
4609,route,rota,güzergah,yol,B2
4610,zip,fermuar,hız,vınlamak,B2
4611,utility,fayda,kullanışlılık,kamu hizmeti,B2
4612,unwise,akılsızca,yersiz,mantıksız,B2
4613,unworldly,dünya malında gözü olmayan,saf,maddi olmayan,B2
4614,upbringing,yetiştirilme,çocuk eğitimi,büyütme,B2
4615,startle,ürkütmek,korkutmak,şaşırtmak,B2
4616,stingy,cimri,nefis,hasis,B2
4617,rural,kırsal,köy,taşra,B2
4618,unwilling,isteksiz,gönülsüz,direnen,B2
4619,stink,kötü kokmak,koku,rezalet,B2
4620,subjunctive,dilek kipi,şart kipi,istek kipi,B2
4621,upgrade,yükseltmek,iyileştirmek,güncellemek,B2
4622,rhinoceros,gergedan,boynuzlu memeli,kalın derili,B2
4623,rhyme,kafiye,uyak,şiir yazmak,B2
4624,subdivision,alt bölüm,parselasyon,alt küme,B2
4625,width,genişlik,en,kalınlık,B2
4626,vinegar,sirke,ekşi su,asitli sıvı,B2
4627,subculture,alt kültür,küçük grup,yan kültür,B2
4628,wipe,silmek,kurulamak,temizlemek,B2
4629,subcontinent,alt kıta,yarım kıta,büyük ada,B2
4630,submit,sunmak,boyun eğmek,teslim olmak,B2
4631,spokesman,sözcü,sözcü erkek,basın temsilcisi,B2
4632,starve,açlıktan ölmek,aç bırakmak,can atmak,B2
4633,stimulation,uyarı,teşvik,canlandırma,B2
4634,sack,çuval,kovmak,yağmalamak,B2
4635,unusualness,alışılmadıklık,tuhaflık,garibelik,B2
4636,revolutionary,devrimci,inkılapçı,köklü,B2
4637,rusty,paslı,paslanmış,unutulmuş,B2
4638,revolutionize/revolutionise,devrim yapmak,kökten değiştirmek,inkılap etmek,B2
4639,starvation,açlık,açlıktan ölüm,yetersiz beslenme,B2
4640,rush hour,trafik saati,en yoğun saat,kalabalık zaman,B2
4641,spokeswoman,kadın sözcü,bayan temsilci,basın sözcüsü,B2
4642,substance,madde,öz,cisim,B2
4643,vow,yemin,and,söz vermek,B2
4644,virtue,erdem,fazilet,üstünlük,B2
4645,virtually,neredeyse,fiilen,aslında,B2
4646,subside,dinmek,yatışmak,çökme,B2
4647,virtual reality,sanal gerçeklik,sanal âlem,dijital ortam,B2
4648,subplot,yan öykü,alt olay,ikincil konu,B2
4649,revolve,dönmek,etrafında dönmek,döndürmek,B2
4650,stitch,dikiş,ilmek,dikiş atmak,B2
4651,villager,köylü,köy halkı,taşralı,B2
4652,upright,dik,dürüst,onurlu,B2
4653,rug,kilim,halı,paspas,B2
4654,spreadsheet,hesap tablosu,yayım çizelgesi,elektronik tablo,B2
4655,viewer,izleyici,seyirci,görüntüleyici,B2
4656,wallboard,alçıpan,duvar levhası,ilan tahtası,B2
4657,rubble,enkaz,moloz,yıkıntı,B2
4658,sprint,depar,kısa koşu,son sürat koşmak,B2
4659,stockpile,stok,yığın,istif etmek,B2
4660,urgently,acilen,ivedilikle,baskıyla,B2
4661,rub,ovmak,sürtmek,ovalama,B2
4662,royalty,telif ücreti,kraliyet,hükümdarlık,B2
4663,spur,teşvik etmek,mahmuz,baskı yapmak,B2
4664,stubbornly,inatla,dik başlılıkla,dirençle,B2
4665,user,kullanıcı,tüketici,işleten,B2
4666,usher,yer gösterici,rehber,eşlik etmek,B2
4667,stock market,borsa,menkul kıymetler,hisse senedi,B2
4668,stock,stok,hisse senedi,malzeme,B2
4669,upside down,ters,alt üst,baş aşağı,B2
4670,stanza,kıta,dörtlük,şiir bendi,B2
4671,rhythmic,ritmik,ölçülü,uyumlu,B2
4672,rib,kaburga,gaş,ayıp namus,B2
4673,stylist,stilist,moda tasarımcısı,biçemci,B2
4674,villa,villa,bağ evi,köşk,B2
4675,standstill,durma,duraklama,çıkmaz,B2
4676,standby,hazırda bekleyen,yedek,bekleme durumu,B2
4677,vigorously,enerjik bir şekilde,şiddetle,kuvvetle,B2
4678,spray,sprey,fısfıs,püskürtmek,B2
4679,vigorous,dinç,enerjik,kuvvetli,B2
4680,ruinous,yıkıcı,harabe,pahalı,B2
4681,urban,kentsel,şehirsel,şehir,B2
4682,vigor/vigour,dinçlik,enerji,kuvvet,B2
4683,walnut,ceviz,ceviz ağacı,ceviz rengi,B2
4684,revolution,devrim,inkılap,dönüş,B2
4685,roommate,ev arkadaşı,oda arkadaşı,yatakhane arkadaşı,B2
4686,seasonal,mevsimlik,mevsime ait,dönemsel,B2
4687,spellbound,büyülenmiş,tutulmuş,kendinden geçmiş,B2
4688,short-term,kısa vadeli,kısa süreli,geçici,B2
4689,shortness,kısalık,azlık,yetersizlik,B2
4690,well-paid,iyi kazandıran,yüksek maaşlı,iyi ödenen,B2
4691,sniff,koklamak,burnunu çekmek,solumak,B2
4692,snore,horlamak,horultu,horlayarak uyumak,B2
4693,weakly,zayıfça,güçsüzce,solgun bir şekilde,B2
4694,snowball,kartopu,kartopu oynamak,büyüyen etki,B2
4695,weaken,zayıflatmak,güçsüzleştirmek,azaltmak,B2
4696,western,batılı,batı,kovboy filmi,B2
4697,shoplifting,mağaza hırsızlığı,dükkân soygunu,mal çalma,B2
4698,shoplifter,mağaza hırsızı,dükkân hırsızı,hırsız,B2
4699,shoplift,mağazadan hırsızlık yapmak,dükkân soymak,mal yürütmek,B2
4700,shopkeeper,dükkâncı,esnaf,mağaza işletmecisi,B2
4701,torch,el feneri,meşale,şaloma,B2
4702,shooting,ateş etme,çekim,avcılık,B2
4703,soak,ıslatmak,iliklerine kadar ıslanmak,emmek,B2
4704,soaked,sırılsıklam,ıslanmış,su içinde,B2
4705,soaking,sırılsıklam,ıslatma,yıkama,B2
4706,tortoiseshell,bağa kabuğu,kaplumbağa kabuğu,benekli renk,B2
4707,torture,işkence,ezivet,eziyet,B2
4708,soar,fırlamak,yükselmek,süzülmek,B2
4709,sob,hıçkırık,hıçkırarak ağlamak,inlemek,B2
4710,well-organized/well-organised,iyi organize edilmiş,düzenli,intizamlı,B2
4711,ton,ton,çoğu,pek çok,B2
4712,tomb,türbe,mezat,mezar,B2
4713,tiredness,yorgunluk,bitkinlik,alsat,B2
4714,smokestack,fabrika bacası,baca,duman bacası,B2
4715,wondrous,harika,şaşırtıcı,mucizevi,B2
4716,tiresome,bıkkınlık veren,yorucu,usandırıcı,B2
4717,shrug,omuz silkmek,silkinmek,omuz hareketi,B2
4718,shrink,küçülmek,çekmek,korkup geri çekilmek,B2
4719,willingly,isteyerek,gönüllü olarak,memnuniyetle,B2
4720,tanned,bronzlaşmış,güneşte yanmış,derisi tabaklanmış,B2
4721,snap,tıkırtı,kopmak,fotoğraf çekmek,B2
4722,so-called,sözde,adı var,güya,B2
4723,toenail,ayak tırnağı,tırnak,ayak parmağı tırnağı,B2
4724,toil,uğraşmak,ağır iş,zahmet,B2
4725,showbiz,şov dünyası,eğlence sektörü,sanat dünyası,B2
4726,tan,bronzluk,aşı boyası,tabaklamak,B2
4727,sneak,sıvışmak,gizlice sokulmak,kalleş,B2
4728,worthless,değersiz,işe yaramaz,kıymetsiz,B2
4729,tame,evcil,itaatkar,evcilleştirmek,B2
4730,tolerant,hoşgörülü,müsamahakâr,tahammüllü,B2
4731,tolerate,hoş görmek,katlanmak,tahammül etmek,B2
4732,toll,geçiş ücreti,çan sesi,kayıp bedeli,B2
4733,sneer,küçümsemek,alay etmek,dudak bükmek,B2
4734,wealthy,zengin,varlıklı,akçalı,B2
4735,showcase,vitrin,sergilemek,teşhir yeri,B2
4736,tiptoe,parmak ucunda yürümek,parmak ucu,sessizce basmak,B2
4737,tail,kuyruk,peşine düşmek,arka kısım,B2
4738,shipping,nakliye,taşımacılık,gemicilik,B2
4739,trainer,antrenör,eğitmen,spor ayakkabı,B2
4740,sympathize/sympathise,sempati duymak,halden anlamak,desteklemek,B2
4741,sympathetic,sempatik,anlayışlı,sıcakkanlı,B2
4742,softness,yumuşaklık,latiflik,hassasiyet,B2
4743,trait,özellik,karakteristiği,huyluk,B2
4744,traitor,hain,vatansız,dönek,B2
4745,tramp,serseri,çöplenmek,ayak sesi,B2
4746,trample,çiğnemek,ezmek,payimal etmek,B2
4747,shaky,titrek,sallantılı,güvenilmez,B2
4748,Shakespearean,Shakespeare tarzı,Shakespeare’e ait,tiyatral,B2
4749,symbolic,sembolik,simgesel,temsili,B2
4750,shaken,sarsılmış,etkilenmiş,endişeli,B2
4751,syllable,hece,ses birimi,kelime parçası,B2
4752,transcript,not dökümü,transkript,yazılı metin,B2
4753,transfusion,kan nakli,transfüzyon,veriliş,B2
4754,transient,geçici,anlık,geceleme,B2
4755,transistor,transistör,yarı iletken,alıcı,B2
4756,transition,geçiş,evre değişimi,intikal,B2
4757,wreck,enkaz,batık,harabe,B2
4758,transitive,geçişli,etken,müteaddit,B2
4759,trainee,stajyer,kursiyer,eğitilen,B2
4760,trailer,römork,fragman,karavan,B2
4761,synonym,eş anlamlı,müteradif,benzer kelime,B2
4762,tag,etiket,fiş,yakalamaç,B2
4763,tactile,dokunsal,hisli,maddî,B2
4764,sociable,sosyal,arkadaş canlısı,girişken,B2
4765,tackle,ele almak,takım,mücadele etmek,B2
4766,shield,kalkan,siper,koruma,B2
4767,tough,sert,dayanıklı,zor,B2
4768,waterproof,su geçirmez,su yalıtımlı,mûşamba,B2
4769,socialize/socialise,sosyalleşmek,kaynaşmak,toplumsallaşmak,B2
4770,tack,raptiye,tutturmak,rota,B2
4771,shipwreck,gemii kazası,batık gemi,facia,B2
4772,shed,kulübe,dökmek,baraka,B2
4773,toxic,zehirli,toksik,zararlı,B2
4774,retina,retina,ağ tabaka,göz perdesi,B2
4775,shatter,parçalamak,darmadağın etmek,kırdırmak,B2
4776,sharply,keskin bir şekilde,aniden,sertçe,B2
4777,trader,tüccar,tacir,alım satımcı,B2
4778,tablecloth,masa örtüsü,sofra bezi,örtü,B2
4779,tabloid,magazin gazetesi,küçük boy gazete,bulvar gazetesi,B2
4780,shabby,köhne,eski püskü,perişan,B2
4781,slash,kesmek,eğik çizgi,azaltmak,B2
4782,therapist,terapist,ruhbilimci,iyileştirici,B2
4783,sister-in-law,yenge,görümce,baldız,B2
4784,therapy,terapi,tedavi,iyileştirme,B2
4785,thereafter,ondan sonra,bundan sonra,müteakiben,B2
4786,slaughter,kesim,katliam,boğazlamak,B2
4787,thermometer,derece,termometre,sıcaklık ölçer,B2
4788,tender,ihale,şefkatli,yumuşak,B2
4789,thesis,tez,sav,akademik çalışma,B2
4790,thickly,kalın bir şekilde,yoğun olarak,sıkça,B2
4791,thickness,kalınlık,yoğunluk,derinlik,B2
4792,thigh,uyluk,but,bacak üstü,B2
4793,worktable,çalışma masası,tezgâh,iş masası,B2
4794,weed,yabani ot,ot,esrar,B2
4795,thinker,düşünür,mütefekkir,filozof,B2
4796,third person,üçüncü şahıs,yabancı,üçüncü kişi,B2
4797,thirdly,üçüncü olarak,üçüncüsü,üçüncü sırada,B2
4798,temptation,cazibe,ayartma,nefis,B2
4799,worrying,endişe verici,kaygı uyandıran,düşündürücü,B2
4800,sincerity,samimiyet,içtenlik,doğruluk,B2
4801,sincere,samimi,içten,dürüst,B2
4802,temporarily,geçici olarak,muvakkaten,kısa süreliğine,B2
4803,slap,tokat,tokatlamak,çarpmak,B2
4804,tenderly,şefkatle,sevgiyle,hassasiyetle,B2
4805,tenderness,şefkat,yumuşaklık,hassasiyet,B2
4806,theorist,teorisyen,kuramcı,nazariyeci,B2
4807,skillful/skilful,yetenekli,becerikli,ustalıkla,B2
4808,testify,tanıklık etmek,şahitlik etmek,ifade vermek,B2
4809,sketch,taslak,kroki,çizmek,B2
4810,testimony,ifade,tanıklık,şahitlik,B2
4811,worm,solucan,kurt,kurtçuk,B2
4812,territory,toprak,bölge,arazi,B2
4813,skillfully/skilfully,ustalıkla,beceriklilikle,ustaca,B2
4814,skim,kaymak almak,göz atmak,yüzeysel okumak,B2
4815,terrifying,korkunç,dehşet verici,ürkütücü,B2
4816,thoroughly,iyice,detaylıca,tamamen,B2
4817,skip,atlamak,pas geçmek,seğirtmek,B2
4818,terrace,teras,balkon,sekü,B2
4819,skateboard,kaykay,kaykay yapmak,tekerlekli tahta,B2
4820,worldview,dünya görüşü,hayat felsefesi,kainat görüşü,B2
4821,worldly,dünyevi,dünya malı,çoluk çocuk sahibi,B2
4822,wornout/worn out/worn-out,yıpranmış,eskimiş,yorgun argın,B2
4823,skylark,tarlakuşu,şakımak,eğlenmek,B2
4824,skyward,göğe doğru,yukarıya,gökyüzüne,B2
4825,slam,çarparak kapatmak,çarpmak,sertçe vurmak,B2
4826,theme,tema,konu,ana fikir,B2
4827,slang,argo,sokak dili,deyim,B2
4828,skateboarder,kaykaycı,kaykay kullanan,sporcu,B2
4829,woodcarving,ahşap oyma,ağaç oymacılığı,oyma sanat,B2
4830,workman,işçi,amele,zanaatkâr,B2
4831,well-built,yapılı,kaslı,sağlam inşa edilmiş,B2
4832,signify,anlamına gelmek,ifade etmek,belirtmek,B2
4833,significantly,önemli ölçüde,oldukça,anlamlı bir şekilde,B2
4834,sloppy,üstünkörü,pasaklı,dağınık,B2
4835,workbench,çalışma tezgahı,marangoz masası,tezgah,B2
4836,workaholic,çalışkankolik,iş bağımlısı,çalışma delisi,B2
4837,tightrope,gergin ip,cambaz ipi,ince ip,B2
4838,wordlessly,sözsüz,dilsiz,sessizce,B2
4839,worsen,kötüleşmek,pislеşmek,fenalaşmak,B2
4840,weary,yorgun,bitkin,usandırmak,B2
4841,worship,ibadet,tapınma,tapmak,B2
4842,timeless,zamansız,ebedi,eskimez,B2
4843,smash,parçalamak,çarpmak,kırmak,B2
4844,wearisome,yorucu,usandırıcı,sıkıcı,B2
4845,timeliness,zamanlama,vaktinde olma,uygunluk,B2
4846,times,kez,defa,zamanlar,B2
4847,timing,zamanlama,zaman ayarlaması,zamanı,B2
4848,taunt,alay etmek,laf atmak,kışkırtmak,B2
4849,tattoo,dövme,dövme yapmak,askeri bando,B2
4850,tatter,yırtık pırtık,eski püskü,çırpı,B2
4851,sliver,Kıymık,Yonga,İnce dilim,B2
4852,tickle,Gıdıklamak,Neşelendirmek,Hafif kaşındırmak,B2
4853,teaspoon,Çay kaşığı,Çay kaşığı dolusu,Tatlı kaşığı,B2
4854,thoughtful,Düşünceli,Nazik,Kaygılı,B2
4855,thoughtless,Düşüncesiz,Dikkatsiz,Anlayışsız,B2
4856,thread,İplik,Kılavuz,Konu dizisi,B2
4857,temperate,Ilıman,Ölçülü,Sakin,B2
4858,threaten,Tehdit etmek,Gözdağı vermek,Korkutmak,B2
4859,thrill,Heyecan,Coşku,Titreme,B2
4860,thrilled,Heyecanlanmış,Çok mutlu,Sevinçli,B2
4861,simultaneous,Eş zamanlı,Aynı anda olan,Birlikte,B2
4862,wed,Evlenmek,Nikah kıymak,Birleştirmek,B2
4863,thrilling,Heyecan verici,Sürükleyici,Nefis,B2
4864,welfare,Refah,Sosyal yardım,Mutluluk,B2
4865,simplification,Basitleştirme,Sadeleştirme,Kolaylaştırma,B2
4866,weave,Dokumak,Örmek,Kurgulamak,B2
4867,telescope,Teleskop,İç içe geçmek,Uzaklaştırıcı,B2
4868,silverware,Gümüş takım,Gümüş eşya,Sofra takımı,B2
4869,well-balanced,Dengeli,Ölçülü,Sağlıklı,B2
4870,technically,Teknik olarak,Usulüne göre,Gerçekte,B2
4871,technical,Teknik,Uzmanlık gerektiren,Usuli,B2
4872,throat,Boğaz,Yutak,Gırtlak,B2
4873,swing,Sallanmak,Salıncak,Yön değiştirmek,B2
4874,translation,Çeviri,Tercüme,Aktarım,B2
4875,sexy,Seksi,Çekici,İlgi çekici,B2
4876,supervise,Denetlemek,Gözetlemek,Yönetmek,B2
4877,unaware,Farkında olmayan,Bihaber,Habersiz,B2
4878,span,Süre,Kapsamak,Açıklık,B2
4879,spare,Yedek,Boş,Esirgemek,B2
4880,whiskey/whisky,Viski,Alkol,İçki,B2
4881,unbearable,Katlanılmaz,Dözülmez,Ağır,B2
4882,scramble,Tırmanmak,Karıştırmak,Mücadele,B2
4883,supernatural,Doğaüstü,Manevi,Haddinden fazla,B2
4884,unbeatable,Yenilmez,Rakipsiz,Çok güçlü,B2
4885,sparerib,Domuz kaburgası,Etli kemik,Kaburga eti,B2
4886,spark,Kıvılcım,Uyandırmak,Parlamak,B2
4887,sparkling,Pırıl pırıl,Köpüklü,Parlak,B2
4888,sparrow,Serçe,Kuş,Ufaklık,B2
4889,unchanged,Değişmemiş,Aynı kalan,Sabit,B2
4890,uncharacteristic,Karakterine aykırı,Tipik olmayan,Alışılmadık,B2
4891,unclearly,Belirsizce,Net olmayan şekilde,Karanlık bir şekilde,B2
4892,scooter,Scooter,Motorsiklet,Çocuk kaykayı,B2
4893,uncomfortably,Rahatsız bir şekilde,Huzursuzca,Kötü bir şekilde,B2
4894,uncommon,Nadir,Olağandışı,Seyrek,B2
4895,superintendent,Müfettiş,Yönetici,Bina sorumlusu,B2
4896,unconcerned,İlgisiz,Kayıtsız,Tasasız,B2
4897,supervision,Denetim,Gözetim,Nezaret,B2
4898,supervisor,Gözetmen,Amir,Yönetici,B2
4899,unavailable,Müsait olmayan,Ulaşılamaz,Elde edilemeyen,B2
4900,southward,Güneye,Güney yönünde,Güneyci,B2
4901,skilled,yetenekli,vasıflı,uzman,B2
4902,withdraw,çekilmek,geri çekmek,para çekmek,B2
4903,typhoid,tifo,tifo humması,bağırsak tifosu,B2
4904,tyranny,zorbalık,tiranlık,istibdat,B2
4905,tyrant,tiran,zorba,despot,B2
4906,seal,mühür,fok,mühürlemek,B2
4907,scythe,tırpan,ot tırpanı,tırpanlamak,B2
4908,ultimate,nihai,en son,kesin,B2
4909,Soviet,sovyet,sovyetler birliği,sovyet şurası,B2
4910,scientifically,bilimsel olarak,ilmi surette,bilimselce,B2
4911,ultimately,sonunda,en nihayetinde,kesin olarak,B2
4912,supplier,tedarikçi,sağlayıcı,iaşeci,B2
4913,whip,kırbaç,kamçı,kırbaçlamak,B2
4914,spa,kaplıca,spa,ılıca,B2
4915,scuba,dalış tüpü,skuba,sualtı solunum cihazı,B2
4916,supplement,ek,takviye,ilave,B2
4917,scrooge,cimri,pinti,hasis,B2
4918,unacceptable,kabul edilemez,uygunsuz,benimsenemez,B2
4919,unashamedly,utanmazca,arsızca,sik sık,B2
4920,scribble,karalamak,karalama,şıngırtı,B2
4921,unattractive,itici,çekici olmayan,çirkin,B2
4922,unauthorized/unauthorised,izinsiz,yetkisiz,onaysız,B2
4923,soybean,soya fasulyesi,soya,soya bitkisi,B2
4924,twisted,bükülmüş,çarpık,sapık,B2
4925,unconscious,bilinçsiz,baygın,şuurunu kaybetmiş,B2
4926,superb,mükemmel,şahane,muhteşem,B2
4927,scarcely,neredeyse hiç,zorlukla,ancak,B2
4928,unenthusiastic,isteksiz,nüfuzsuz,heyecansız,B2
4929,uneven,engebeli,düzensiz,eşit olmayan,B2
4930,scar,yara izi,bere,iz bırakmak,B2
4931,scandal,skandal,rezalet,dedikodu,B2
4932,specify,belirtmek,tayin etmek,açıkça söylemek,B2
4933,unfamiliar,yabancı,bilinmeyen,aşina olmayan,B2
4934,yield,verim,ürün,boyun eğmek,B2
4935,unfashionable,modası geçmiş,demode,eski moda,B2
4936,spectacle,gösteri,manzara,gözlük,B2
4937,unforeseen,öngörülmeyen,beklenmedik,umulmadık,B2
4938,saving/savings,tasarruf,birikim,kurtarma,B2
4939,ungodly,tanrıtanımaz,günahkâr,arsız,B2
4940,unhappiness,mutsuzluk,hüzün,keder,B2
4941,unhelpful,faydasız,yardımcı olmayan,yararsız,B2
4942,unimaginable,hayal edilemez,akıl almaz,tasavvur edilemez,B2
4943,unimaginably,hayal edilemeyecek kadar,akıl almaz şekilde,tasavvur edilmezce,B2
4944,speeder,hız yapan sürücü,süratçi,hız tutkunu,B2
4945,sulfur/sulphur,kükürt,sülfür,kükürt rengi,B2
4946,uneasily,huzursuzca,tedirgin bir şekilde,rahatsızca,B2
4947,unease,huzursuzluk,tedirginlik,kaygı,B2
4948,undressed,çıplak,giyinmemiş,soyunmuş,B2
4949,undreamed,hayal edilmemiş,umulmadık,tahmin edilmemiş,B2
4950,underestimate,küçümsemek,azısmak,değerini düşük tahmin etmek,B2
4951,undergraduate,lisans öğrencisi,üniversite öğrencisi,mezun öncesi,B2
4952,underground,yer altı,metro,gizli örgüt,B2
4953,schoolgirl,okul kız öğrenci,kız öğrenci,mektepli kız,B2
4954,scholasticism,skolastisizm,skolastik felsefe,okulculuk,B2
4955,undersea,deniz altı,su altı,denizaltındaki,B2
4956,understandable,anlaşılır,anlaşılabilen,makul,B2
4957,scheme,tasarı,plan,düzen,B2
4958,understanding,anlayış,kavrayış,anlaşma,B2
4959,wit,zekâ,hazırcevaplık,espri,B2
4960,scheduled,tarifeli,planlanmış,programlanmış,B2
4961,undertake,üstlenmek,girişmek,taahhüt etmek,B2
4962,scent,koku,esans,iz,B2
4963,specialty,uzmanlık alanı,özellik,özel yemek,B2
4964,species,tür,cins,çeşit,B2
4965,underwear,iç çamaşırı,iç giyim,alt giysi,B2
4966,scarlet,al,parlak kırmızı,kızıl,B2
4967,sunbeam,güneş ışını,gün ışığı,güneş demeti,B2
4968,undoubtedly,şüphesiz,kuşkusuz,kesinlikle,B2
4969,specifically,özellikle,spesifik olarak,aynen,B2
4970,twinkle,parıldamak,pırıldamak,göz kırpmak,B2
4971,suppress,bastırmak,engellemek,örtbas etmek,B2
4972,tutor,özel öğretmen,danışman,çalıştırıcı,B2
4973,serial,seri,tefrika,dizi,B2
4974,swan,kuğu,gezmek,aylaklık etmek,B2
4975,serene,dingin,sakin,huzurlu,B2
4976,separately,ayrı ayrı,müstakil,başlı başına,B2
4977,trial,duruşma,deneme,yargılama,B2
4978,sensitive,hassas,duyarlı,alıngan,B2
4979,sustain,sürdürmek,desteklemek,ayakta tutmak,B2
4980,sensible,mantıklı,akıllıca,duyulur,B2
4981,triangle,üçgen,müselles,üçlü,B2
4982,tribe,kabile,oymak,aşiret,B2
4983,suspiciously,şüpheli bir şekilde,kuşkulu,endişeyle,B2
4984,suspicious,şüpheli,kuşkulu,güvensiz,B2
4985,somewhat,biraz,kısmen,azıcık,B2
4986,tricky,hileli,zor,aldatıcı,B2
4987,senator,senatör,senato üyesi,üst meclis üyesi,B2
4988,seminar,seminer,çalıştay,kurs,B2
4989,suspend,askıya almak,uzaklaştırmak,asılmak,B2
4990,withdrawal,para çekme,çekilme,vazgeçme,B2
4991,tremor,titreme,sarsıntı,zelzele,B2
4992,tremendously,devasa şekilde,aşırı derecede,muazzam,B2
4993,servant,hizmetçi,uşak,görevli,B2
4994,trek,uzun yürüyüş,göç,zorlu yolculuk,B2
4995,translator,çevirmen,mütercim,tercüman,B2
4996,transmission,iletim,yayın,vites kutusu,B2
4997,transmit,iletmek,yayınlamak,aktarmak,B2
4998,sexual,cinsel,seksüel,üreme ile ilgili,B2
4999,sexism,cinsiyetçilik,cinsiyet ayrımcılığı,erkek egemenlik,B2
5000,transparent,şeffaf,saydam,açık,B2
5001,solar,güneşle ilgili,güneş enerjili,güneşten elde edilen,B2
5002,wheat,buğday,buğday rengi,açık buğday tenli,B2
5003,swift,hızlı,çabuk,sağan kuşu,B2
5004,solidity,sağlamlık,katılık,güvenilirlik,B2
5005,trio,üçlü,üçlü grup,üçlü müzik eseri,B2
5006,traverse,katetmek,baştan başa geçmek,üzerinden geçmek,B2
5007,wolf,kurt,kurt gibi yemek,aç gözlü kimse,B2
5008,soliloquy,kendi kendine konuşma,monolog,tiyatroda tek başına konuşma,B2
5009,tread,basmak,çiğnemek,yürümek,B2
5010,solo,tek başına,solo müzik,bireysel gösteri,B2
5011,sweep,süpürmek,temizlemek,süpürgeyle süpürmek,B2
5012,solvent,borç ödeyebilen,çözücü,mali gücü olan,B2
5013,witty,espri yeteneği olan,hazırcevap,esprili,B2
5014,setback,engelleme,aksilik,gerileme,B2
5015,wasp,eşek arısı,arı,iğneli böcek,B2
5016,treaty,antlaşma,anlaşma,milis sözleşmesi,B2
5017,tray,tepsi,tabak,servis tepsisi,B2
5018,son-in-law,damat,kız evlat eşi,kızın kocası,B2
5019,trusty,güvenilir,sadık,emin,B2
5020,sector,sektör,kol,bölüm,B2
5021,yawn,esneme,esnemek,can sıkıntısı belirtisi,B2
5022,truthful,doğru sözlü,dürüst,gerçekçi,B2
5023,truthfulness,dürüstlük,doğruluk,gerçekçilik,B2
5024,tub,küvet,tekne,kova,B2
5025,warship,savaş gemisi,donanma gemisi,zırhlı gemi,B2
5026,tuberculosis,verem,tüberküloz,akciğer hastalığı,B2
5027,soundtrack,film müziği,ses kaydı,film ses bandı,B2
5028,surrender,teslim olmak,bırakmak,teslimiyet,B2
5029,secondly,ikinci olarak,ikincisi,ikinci derecede,B2
5030,secondary,ikincil,orta dereceli,tali,B2
5031,tug,çekmek,sarsarak çekmek,römorkör,B2
5032,tuition,öğrenim ücreti,özel ders,eğitim verme,B2
5033,tulip,lale,lale çiçeği,lale motifi,B2
5034,second person,ikinci tekil şahıs,ikinci çoğul şahıs,ikinci kişi,B2
5035,yearn,hasret çekmek,özlemek,çok istemek,B2
5036,tumor/tumour,tümör,ur,şişlik,B2
5037,tunnel,tünel,alt geçit,oyuk yol,B2
5038,turbulent,çalkantılı,fırtınalı,karışık,B2
5039,surge,dalgalanma,aniden artmak,hücum etmek,B2
5040,suitably,uygun şekilde,uygun bir biçimde,gerektiği gibi,B2
5041,surroundings,çevre,etraf,yakın yerler,B2
5042,semi-final,yarı final,yarı final maçı,son altı kalma aşaması,B2
5043,semicolon,noktalı virgül,noktalama işareti,yarı virgül,B2
5044,sonnet,sonnet,ondört mısralık şiir,şiir biçimi,B2
5045,trivial,önemsiz,değersiz,basit,B2
5046,seller,satıcı,pazarlamacı,satan kimse,B2
5047,trolley,alışveriş arabası,el arabası,tramvay,B2
5048,troop,birlik,asker topluluğu,askeri birlik,B2
5049,whereas,halbuki,oysa,iken,B2
5050,trophy,kupa,ödül,ganimet,B2
5051,tropic,dönence,tropikal kuşak,sıcak iklim,B2
5052,selfless,özverili,fedakar,bencillikten uzak,B2
5053,trunk,ağaç gövdesi,fil hortumu,bagaj,B2
5054,self-confident,özgüvenli,kendine güvenen,cesur,B2
5055,wrongly,yanlışlıkla,haksız yere,hatalı olarak,B2
5056,X-ray,röntgen,X ışını,skopi,B2
5057,seldom,ender,nadiren,seyrek,B2
5058,sophisticated,gelişmiş,karmaşık,entelektüel,B2
5059,troublesome,zahmetli,sorunlu,baş belası,B2
5060,segment,kesit,bölüm,dilim,B2
5061,seesaw,tahterevalli,dalgalanma,gidip gelme,B2
5062,wartime,savaş dönemi,harp zamanı,savaş zamanı,B2
5063,yacht,yat,gezi teknemi,lüks tekne,B2
5064,surveillance,gözetim,izleme,takip,B2
5065,self-confidence,özgüven,kendine güven,cesaret,B2
5066,willing,istekli,gönüllü,arzulu,B2
5067,penalty,ceza,penaltı,yaptırım,B2
5068,retailer,perakendeci,satıcı,mağaza sahibi,B2
5069,disorderly,düzensiz,dağınık,kuralsız,B2
5070,disorganized/disorganised,örgütsüz,düzensiz,dağınık,B2
5071,dispensable,gereksiz,vazgeçilebilir,önemsiz,B2
5072,displace,yerinden etmek,yerini almak,uzaklaştırmak,B2
5073,displeasure,hoşnutsuzluk,memnuniyetsizlik,öfke,B2
5074,disposal,elden çıkarma,imha etme,tasfiye,B2
5075,disposition,mizaç,huy,eğilim,B2
5076,dispute,anlaşmazlık,tartışma,itiraz etmek,B2
5077,disqualify,diskalifiye etmek,yetersiz bulmak,elemek,B2
5078,disregard,ihmal etmek,umursamamak,göz ardı,B2
5079,disrupt,aksatmak,bozmak,kesintiye uğratmak,B2
5080,dissatisfaction,tatminsizlik,hoşnutsuzluk,memnuniyetsizlik,B2
5081,disorder,rahatsızlık,düzensizlik,hastalık,B2
5082,dissatisfied,tatminsiz,hoşnutsuz,memnuniyetsiz,B2
5083,distinguished,seçkin,saygın,tanınmış,B2
5084,distortion,çarpıtma,bozulma,deformasyon,B2
5085,distract,dikkat dağıtmak,kafasını karıştırmak,eğlendirmek,B2
5086,distraction,dikkat dağınıklığı,kafa dağıtıcı,engelleme,B2
5087,distressing,üzücü,sıkıntılı,kaygı verici,B2
5088,distributor,dağıtıcı,distribütör,yayımcı,B2
5089,diversion,sapma,yol saptırma,eğlence,B2
5090,divert,yönünü değiştirmek,saptırmak,eğlendirmek,B2
5091,divided,bölünmüş,ayrılmış,parçalı,B2
5092,division,bölüm,bölünme,departman,B2
5093,divorce,boşanma,boşanmak,ayırmak,B2
5094,DNA,DNA,genetik yapı,nükleik asit,B2
5095,dissident,muhalif,aykırı,fikir ayrılığında,B2
5096,dismiss,kovmak,reddetmek,işten çıkarmak,B2
5097,disillusion,hayal kırıklığı,büyüyü bozmak,gerçeği görmek,B2
5098,dishonesty,dürüstsüzlük,sahtekarlık,hırsızlık,B2
5099,devil,şeytan,iblis,azgın,B2
5100,devote,adamak,hasretmek,ayırmak,B2
5101,devoted,kendini adamış,sadık,bağlı,B2
5102,diarrhea/diarrhoea,ishal,sürgün,karın ağrısı,B2
5103,dictator,diktatör,zorba,tek adam,B2
5104,digest,sindirmek,hazmetmek,özümsemek,B2
5105,dignify,onurlandırmak,değer katmak,yüceltmek,B2
5106,dignity,onur,hane,itibar,B2
5107,dilemma,ikilem,çıkmaz,güç durum,B2
5108,dim,loş,soluk,bulanık,B2
5109,dime,on sent,küçük madeni para,bozuk para,B2
5110,dimension,boyut,ebat,ölçü,B2
5111,dip,batırmak,daldırmak,sos,B2
5112,diphtheria,kuşaktan,difteri,boğmaca,B2
5113,diploma,diploma,şehadetname,bitirme belgesi,B2
5114,diplomat,diplomat,elçi,siyasetçi,B2
5115,disappearance,kaybolma,ortadan kalkma,gözden yitme,B2
5116,disapproval,onaylamama,beğenmeme,kınama,B2
5117,disapprove,onaylamamak,beğenmemek,karşı çıkmak,B2
5118,discharge,tahliye etmek,taburcu etmek,boşaltmak,B2
5119,disciple,öğrenci,mürit,takipçi,B2
5120,discipline,disiplin,düzen,disiplin cezası,B2
5121,disconnect,bağlantısını kesmek,fişi çekmek,ayırmak,B2
5122,discredit,gözden düşürmek,itibarsızlaştırmak,güven sarsmak,B2
5123,discriminate,ayrımcılık yapmak,ayırt etmek,fark gözetmek,B2
5124,disgrace,rezalet,utanç,gözden düşme,B2
5125,disguise,kılık değiştirmek,gizlemek,maskelemek,B2
5126,dock,rıhtım,liman,sanık kürsüsü,B2
5127,domestic,yerli,evsel,iç,B2
5128,dominate,hükmetmek,egemen olmak,baskın olmak,B2
5129,donate,bağışlamak,vermek,yardım etmek,B2
5130,duplicate,kopya,kopyalamak,tekrar etmek,B2
5131,duplication,çoğaltma,kopya,ikileme,B2
5132,dwarf,cüce,ufaklık,güdük,B2
5133,dye,boya,boyamak,renk vermek,B2
5134,dynamic,dinamik,hareketli,etken,B2
5135,eagerly,istirekle,hevesle,sabırsızlıkla,B2
5136,eagle,kartal,yırtıcı kuş,gözlemci,B2
5137,earnings,kazanç,gelir,ücret,B2
5138,ease,kolaylık,rahatlık,hafifletmek,B2
5139,eastward,doğuya,doğu yönünde,doğu tarafa,B2
5140,ecologically,ekolojik olarak,çevre bilimsel,tabiatçı,B2
5141,ecologist,ekolog,çevreci,tabiat bilimci,B2
5142,economical,ekonomik,tasarruflu,hesaplı,B2
5143,economist,ekonomist,iktisatçı,maliye uzmanı,B2
5144,ecstatic,kendinden geçmiş,vecd halinde,aşırı sevinçli,B2
5145,edit,düzenlemek,yayına hazırlamak,metin düzeltmek,B2
5146,editorial,başyazı,editörün,yayım,B2
5147,educated,eğitimli,okumuş,kulturülü,B2
5148,educator,eğitimci,öğretmen,pedagog,B2
5149,effectively,etkili bir şekilde,fiilen,gerçekte,B2
5150,effectiveness,etkililik,etkinlik,verimlilik,B2
5151,elect,seçmek,oylamak,belirlemek,B2
5152,elective,seçmeli,seçime bağlı,ihtiyari,B2
5153,electrician,elektrikçi,elektrik teknisyeni,usta,B2
5154,electronically,elektronik olarak,dijital yolla,bilgisayarla,B2
5155,elegance,zarafet,şıklık,zariflik,B2
5156,elegant,zarif,şık,ince,B2
5157,dumb,dilsiz,aptal,budala,B2
5158,developing,gelişen,kalkınan,büyüyen,B2
5159,duel,düello,mücadele,çatışma,B2
5160,dropout,okul terk,bırakan,ayrılan,B2
5161,donation,bağış,yardım,hibe,B2
5162,donkey,eşek,merkep,ahmak,B2
5163,doom,felaket,kıyamet,mahvolma,B2
5164,doorkeeper,kapıcı,kapı görevlisi,nâzır,B2
5165,doorway,kapı eşiği,kapı,giriş,B2
5166,dorm,yurt,öğrenci yurdu,yatakhane,B2
5167,dormitory,yatakhane,öğrenci yurdu,büyük yatak odası,B2
5168,dose,doz,miktar,ölçü,B2
5169,doubly,iki kat,çift,iki kez,B2
5170,doubtful,şüpheli,kuşkulu,belirsiz,B2
5171,dove,kumru,güvercin,barışçıl,B2
5172,downfall,çöküş,yıkılış,mahvolma,B2
5173,downsize,küçülmek,kadro azaltmak,tasarruf etmek,B2
5174,dowry,çeyiz,başlık parası,nikahta verilen mal,B2
5175,draft/draught,taslak,müsvedde,akım,B2
5176,drain,kanalizasyon,gider,akıtmak,B2
5177,dramatically,dramatik olarak,önemli ölçüde,birdenbire,B2
5178,drapery,perdelik kumaş,perde,kumaşçılık,B2
5179,dread,korku,dehşet,ürkmek,B2
5180,dreadful,korkunç,dehşetli,berbat,B2
5181,dreamy,halyuci,hayalperest,dalgın,B2
5182,drinkable,içilebilir,içilir,su,B2
5183,droop,sarkmak,solmak,boyun eğmek,B2
5184,drought,kuraklık,kuruluk,susuzluk,B2
5185,elegantly,zarif bir şekilde,şıkça,ince bir tarzda,B2
5186,determiner,belirteç,sınırlayıcı,kararlaştırıcı,B2
5187,detect,tespit etmek,fark etmek,belirlemek,B2
5188,crucial,çok önemli,kritik,hayati,B2
5189,cruelly,zalimce,acımasızca,merhametsizce,B2
5190,cruelty,zalimlik,acımasızlık,vahşet,B2
5191,crystallize/crystallise,kristalleşmek,belirginleşmek,şekil almak,B2
5192,cube,küp,prizma,üçüncü kuvvet,B2
5193,cubism,kübizm,kübik sanat,sanat akımı,B2
5194,cuff,kol ağzı,manşet,tokat,B2
5195,culmination,zirve,en yüksek nokta,sonuçlanma,B2
5196,culturally,kültürel olarak,kültür bakımından,sanatsal yönden,B2
5197,curl,kıvırmak,büklüm,lüle,B2
5198,crossly,öfkeyle,kızgın bir şekilde,tersçe,B2
5199,cursor,imleç,kursör,işaretçi,B2
5200,cybercafe/cybercafé,internet kafe,siber kafe,bilgisayar kafe,B2
5201,cybercrime,siber suç,bilişim suçu,internet suçu,B2
5202,cyberpet,siber evcil hayvan,dijital oyuncak,sanal hayvan,B2
5203,cyberschool,siber okul,çevrim içi okul,dijital eğitim kurumu,B2
5204,cyberspace,siber uzay,sanal alem,internet dünyası,B2
5205,cyclist,bisikletçi,bisiklet sürücüsü,pedal çeviren,B2
5206,daft,aptal,salak,manyak,B2
5207,damn,lanet olsun,kahretsin,lanetlemek,B2
5208,dandelion,karahindiba,aslandisi,bostan otu,B2
5209,darling,sevgili,canım,tatlım,B2
5210,dash,tire,atılmak,koşmak,B2
5211,data,veri,bilgi,malumat,B2
5212,cyberaddict,siber bağımlı,internet bağımlısı,teknoloji bağımlısı,B2
5213,crocodile,timsah,timsah derisi,krokotil,B2
5214,criticism,eleştiri,tenkit,yerme,B2
5215,critically,kritik olarak,eleştirel bir şekilde,ciddi biçimde,B2
5216,corrupt,yozlaşmış,rüşvetçi,bozulmuş,B2
5217,corruption,yolsuzluk,yozlaşma,rüşvetçilik,B2
5218,costly,pahalı,masraflı,maliyetli,B2
5219,costume,kostüm,kıyafet,giysi,B2
5220,cottage,kulübe,köy evi,bağ evi,B2
5221,countryman,köylü,taşralı,vatandaş,B2
5222,countrywide,ülke çapında,tüm yurtta,ülke genelinde,B2
5223,courtesy,nezaket,kibar davranış,lütuf,B2
5224,coward,korkak,alçak,ödlek,B2
5225,cowardly,korkakça,ödlekleşmiş,alçakça,B2
5226,coziness/cosiness,rahatlık,samimiyet,sıcaklık,B2
5227,cozy/cosy,rahat,sıcak,konforlu,B2
5228,crab,yengeç,yengeç burcu,huysuz kimse,B2
5229,crack,çatlak,çatlamak,kırmak,B2
5230,craftsman,zanaatkar,usta,sanatkâr,B2
5231,crater,krater,volkan ağzı,çukurluk,B2
5232,crawl,emeklemek,sürünmek,yavaş ilerlemek,B2
5233,crease,kırışıklık,kat yeri,kırıştırmak,B2
5234,creation,yaratılış,eser,oluşturma,B2
5235,creatively,yaratıcı bir şekilde,özgün olarak,yaratıcılıkla,B2
5236,creek,dere,çay,küçük körfez,B2
5237,creepy,ürütücü,korkunç,tüyler ürpertici,B2
5238,crew,mürettebat,ekip,gemi tayfası,B2
5239,cripple,sakat,çolak,sakatlamak,B2
5240,database,veri tabanı,bilgi bankası,veritabanı,B2
5241,dated,eski,modası geçmiş,tarihli,B2
5242,daughter-in-law,gelin,oğul karısı,kardeş karısı,B2
5243,dawn,şafak,tan,gün ağarması,B2
5244,deliberately,kasten,bilerek,bile isteye,B2
5245,delicacy,narinlik,incelik,lezzet,B2
5246,delicately,zarif bir şekilde,hassasiyetle,ince bir şekilde,B2
5247,demanding,zor,ilgi isteyen,zahmetli,B2
5248,demolish,yıkmak,tahrip etmek,parçalamak,B2
5249,denim,kot,kot kumaşı,denim,B2
5250,dense,yoğun,kalın,koyu,B2
5251,densely,yoğun bir şekilde,kalabalık olarak,sıkıca,B2
5252,dental,diş ile ilgili,diş hekimliğine ait,dişsel,B2
5253,dependable,güvenilir,bağlı,emin,B2
5254,deputy,milletvekili,vekil,yardımcı,B2
5255,descend,alçalmak,inmek,soyundan gelmek,B2
5256,descriptive,betimleyici,açıklayıcı,tasvir edici,B2
5257,desirable,arzulanan,istenen,cazip,B2
5258,desktop,masaüstü,bilgisayar masası,masaüstü bilgisayar,B2
5259,desolation,ıssızlık,yıkım,derin keder,B2
5260,desperately,çaresizce,şiddetle,umutsuzca,B2
5261,desperation,çaresizlik,umutsuzluk,gözü karalık,B2
5262,despise,hor görmek,küçümsemek,nefret etmek,B2
5263,destiny,kader,alın yazısı,akıbet,B2
5264,detach,ayırmak,sökmek,koparmak,B2
5265,detachment,bağlantısızlık,tarafsızlık,müfreze,B2
5266,detailed,ayrıntılı,detaylı,etraflı,B2
5267,deliberate,kasıtlı,bilerek,ağırbaşlı,B2
5268,determined,kararlı,azimli,belirlenmiş,B2
5269,delegate,delege,temsilci,görev devretmek,B2
5270,defy,meydan okumak,karşı gelmek,uymamak,B2
5271,daytime,gündüz,gündüz vakti,gün ışığı,B2
5272,de facto,fiili,gerçekte olan,uygulamadaki,B2
5273,dearly,çok,sevgilerle,pahalıya,B2
5274,debit,borç,borç kaydetmek,hesap borcu,B2
5275,debit card,banka kartı,borç kartı,atm kartı,B2
5276,decade,on yıl,onyıl,dekat,B2
5277,decay,çürüme,bozulma,diş çürüğü,B2
5278,deceive,kandır,aldatmak,yanıltmak,B2
5279,decent,nezih,dürüst,uygun,B2
5280,deceptive,aldatıcı,yanıltıcı,hileli,B2
5281,decisive,kararlı,belirleyici,kesin,B2
5282,deck,güverte,deste,teras,B2
5283,decomposition,çürüme,ayrışma,parçalanma,B2
5284,decorate,süslemek,boyamak,dekore etmek,B2
5285,decoration,süsleme,dekor,madalya,B2
5286,decorative,dekoratif,süs,süsleyici,B2
5287,dedication,özveri,adama,ithaf,B2
5288,deduce,sonuç çıkarmak,türetmek,akıl yürütmek,B2
5289,deduction,kesinti,çıkarım,tümdengelim,B2
5290,deem,addetmek,görmek,saymak,B2
5291,deer,geyik,karaca,maral,B2
5292,deficit,açık,bütçe açığı,eksiklik,B2
5293,deforestation,ormansızlaştırma,orman katliamı,ağaç kesimi,B2
5294,dehumanize/dehumanise,insanlıktan çıkarmak,kişiliğini yok etmek,duygusuzlaştırmak,B2
5295,elemental,temel,elementle ilgili,doğal güç,B2
5296,eligible,uygun,seçilebilir,hakkı olan,B2
5297,elite,seçkin,elit,seçkin tabaka,B2
5298,fixed,sabit,durağan,ayarlanmış,B2
5299,flame,alev,yangın,parlayış,B2
5300,flap,kanat çırpma,çırpınmak,kapak,B2
5301,flaw,kusur,hata,eksiklik,B2
5302,flawless,kusursuz,kusursuzca,kusursuzluk,B2
5303,flax,keten,keten tohumu,keten lifi,B2
5304,flee,kaçmak,firar etmek,uzaklaşmak,B2
5305,fleet,donanma,filo,araç filosu,B2
5306,flesh,et,ten,beden,B2
5307,flexibility,esneklik,bükülebilirlik,uyum yeteneği,B2
5308,flexible,esnek,bükülebilir,uyumlu,B2
5309,flip,çevirmek,fiske atmak,atmak,B2
5310,fluency,akıcılık,düzgünlük,akışkanlık,B2
5311,fluid,akışkan,sıvı,akıcı,B2
5312,flutter,çırpınmak,titremek,dalgalanmak,B2
5313,follower,takipçi,izleyici,bağlı,B2
5314,folly,aptallık,ahmaklık,deli saçması,B2
5315,fondly,sevgiyle,şefkatle,aklıyla,B2
5316,foolishly,aptalca,ahmakça,akılsızca,B2
5317,footnote,dipnot,sayfa altı notu,açıklama,B2
5318,flexibly,esnek bir şekilde,esneklikle,uyumlu olarak,B2
5319,fiscal,mali,bütçe ile ilgili,hazine,B2
5320,firstly,birincisi,ilk olarak,öncelikle,B2
5321,first person,birinci şahıs,birinci tekil,ben,B2
5322,fearsome,korkunç,ürkütücü,korkutucu,B2
5323,feat,başarı,hüner,kahramanlık,B2
5324,fed up,bıkmış,usanmış,canı sıkılmış,B2
5325,federal,federal,merkezi,birleşik,B2
5326,feedback,geri bildirim,dönüt,eleştiri,B2
5327,ferryboat,vapur,feribot,araba vapuru,B2
5328,fiber/fibre,lif,fiber,posa,B2
5329,fictional,kurgusal,hayali,romantik,B2
5330,fierce,şiddetli,öfkeli,vahşi,B2
5331,fighting,dövüş,kavga,savaş,B2
5332,figurative,mecazi,figürlü,sanatsal,B2
5333,filial,evlada ait,evlatlık,çocuğa özgü,B2
5334,financially,mali yönden,maddi olarak,para bakımından,B2
5335,finely,ince,zarifçe,hassasça,B2
5336,fingernail,tırnak,el tırnağı,parmak ucu,B2
5337,fire brigade,itfaiye,itfaiye ekibi,yangın söndürme,B2
5338,firearm,ateşli silah,silah,tüfek,B2
5339,fireplace,şömine,ocak,ateş yeri,B2
5340,firmness,sağlamlık,katılık,kararlılık,B2
5341,first language,anadil,ilk dil,ana dil,B2
5342,forcefully,zorla,zorlayarak,kuvvetle,B2
5343,foreman,baş işçi,ustabaşı,formen,B2
5344,foresee,öngörmek,önceden tahmin etmek,sezmek,B2
5345,forestry,ormancılık,orman bilimi,ağaçlandırma,B2
5346,gangster,gangster,çete üyesi,suçlu,B2
5347,gardener,bahçıvan,bahçe bakımcısı,peyzajcı,B2
5348,gasp,nefes nefese kalmak,soluk soluğa kalmak,iç çekmek,B2
5349,gateway,geçit,kapı,ana giriş,B2
5350,gaudy,zevksiz,bağırtlak renkli,uyumsuz,B2
5351,gaze,dikkatle bakmak,gözünü dikmek,uzun bakış,B2
5352,gear,dişli çark,vites,ekipman,B2
5353,generalization/generalisation,genelleme,genelleştirme,genel kılma,B2
5354,generalize/generalise,genellemek,genelleştirşmek,genel konuşmak,B2
5355,generosity,cömertlik,eli açıklık,yücelik,B2
5356,generously,cömertçe,bol bol,eli açıkça,B2
5357,genius,dahi,deha,üstün zeka,B2
5358,genre,tür,üslup,biçim,B2
5359,gently,nazikçe,hafifçe,yavaşça,B2
5360,genuine,gerçek,hakiki,samimi,B2
5361,genuinely,gerçekten,samimiyetle,özgün olarak,B2
5362,geographic,coğrafi,coğrafyaya ait,yerel,B2
5363,germ,mikrop,bakteri,tohum,B2
5364,getaway,kaçamak,kaçış,tatil yeri,B2
5365,ghetto,getto,yahudi mahallesi,fakir semt,B2
5366,giveaway,hediye,ele veren ipucu,bedava eşya,B2
5367,glacis,buzul,eğimli set,akıntı,B2
5368,glamorous/glamourous,cazibeli,göz alıcı,görkemli,B2
5369,glare,göz alıcı ışık,öfkeli bakış,dik dik bakmak,B2
5370,gleam,parıltı,ışıltı,parıldamak,B2
5371,glee,neşe,sevinç,keyif,B2
5372,global warming,küresel ısınma,dünya sıcaklık artışı,iklim değişimi,B2
5373,gang,çete,grup,arkadaş grubu,B2
5374,gambling,kumar,şans oyunu,tavakalet,B2
5375,furor/furore,öfke,infial,kargaşa,B2
5376,formation,oluşum,biçimlenme,yapı,B2
5377,formerly,eskiden,önceden,sabık,B2
5378,formidable,korkunç,çetin,güç,B2
5379,forthcoming,yaklaşan,gelecek,yardıma hazır,B2
5380,foul,pis,iğrenç,faul,B2
5381,found,kurmak,bulmak,tesis etmek,B2
5382,fox,tilki,kurnaz,akıllı kimse,B2
5383,fragrance,hoş koku,ıtır,parfüm,B2
5384,frankly,açıkça,doğrusu,samimiyetle,B2
5385,frantically,çılgınca,telaşla,deli gibi,B2
5386,fraud,dolandırıcılık,sahtekarlık,düzenbaz,B2
5387,freak,ucube,deli,tuhaflık,B2
5388,friendly,dostça,arkadaş canlısı,samimi,B2
5389,frigate,fırkateyn,savaş gemisi,deniz taşıtı,B2
5390,frontier,sınır,uç,hudut,B2
5391,frugal,tutumlu,ölçülü,basit,B2
5392,fulfill/fulfil,yerine getirmek,tamamlamak,tatmin etmek,B2
5393,fume,duman,gaz,öfkelenmek,B2
5394,functional,işlevsel,kullanışlı,fonksiyonel,B2
5395,functionality,işlevsellik,fonksiyonel olma,kullanışlılık,B2
5396,fundamental,temel,esas,ana,B2
5397,funk,funk müziği,korku,depresif ruh hali,B2
5398,funky,ritmik,tuhaf,küf kokulu,B2
5399,furious,öfkeli,Kızgın,şiddetli,B2
5400,furiously,öfkeyle,şiddetle,hırsla,B2
5401,gaiety,neşelilik,şenlik,cümbüş,B2
5402,faulty,kusurlu,hatalı,bozuk,B2
5403,father-in-law,kayınpeder,kaynata,kayın,B2
5404,fate,kader,alın yazısı,akıbet,B2
5405,equation,denklem,eşitleme,eşitlik,B2
5406,equip,donatmak,techiz etmek,hazırlamak,B2
5407,equity,eşitlik,hakkaniyet,öz sermaye,B2
5408,erect,dikmek,inşa etmek,dik,B2
5409,erupt,püskürmek,patlak vermek,patlamak,B2
5410,eruption,püskürme,patlama,yanardağ patlaması,B2
5411,essayist,denemeci,müellif,yazar,B2
5412,essentially,esasen,özünde,başlıca,B2
5413,estate,emlak,malikane,servet,B2
5414,estimated,tahmini,hesaplanan,öngörülen,B2
5415,eternally,ebediyen,sonsuza dek,daima,B2
5416,ethic,etik,ahlak,töre,B2
5417,ethnic,etnik,kavimsel,ırksal,B2
5418,evacuate,tahliye etmek,boşaltmak,çekilmek,B2
5419,evacuation,tahliye,boşaltma,tahliye etme,B2
5420,evaluate,değerlendirmek,değer biçmek,incelemek,B2
5421,evaluation,değerlendirme,değer biçme,tahlil,B2
5422,everlasting,ebedi,sonsuz,ölmez,B2
5423,evidently,açıkça,görünüşe göre,belli ki,B2
5424,evil,kötülük,şer,kötü,B2
5425,evolution,evrim,gelişim,değişim,B2
5426,evolve,gelişmek,evrimleşmek,değişmek,B2
5427,exactness,kesinlik,tamlık,doğruluk,B2
5428,exaggerate,abartmak,büyütmek,mübalağa etmek,B2
5429,exaggeration,abartı,mübalağa,aşırılık,B2
5430,exalt,yüceltmek,övgüyle anmak,taltif etmek,B2
5431,examinee,sınava giren,aday,imtihan olunan,B2
5432,environmentally,çevresel olarak,çevre bakımından,ekolojik olarak,B2
5433,eloquence,güzel konuşma,belagat,ifade yeteneği,B2
5434,eloquent,güzel konuşan,dilli,anlamlı,B2
5435,embassy,büyükelçilik,sefaret,elçilik konutu,B2
5436,embrace,kucaklamak,benimsemek,sarılmak,B2
5437,emergence,ortaya çıkış,belirme,doğuş,B2
5438,emphatically,önemle,kesin bir dille,vurgulayarak,B2
5439,employ,çalıştırmak,istihdam etmek,kullanmak,B2
5440,employee,çalışan,memur,işçi,B2
5441,employer,işveren,patron,iş sahibi,B2
5442,endeavor/endeavour,çaba,gayret,çabalamak,B2
5443,endlessly,sonsuzca,durmaksızın,uçsuz bucaksız,B2
5444,endorse,onaylamak,desteklemek,ciro etmek,B2
5445,endurance,dayanıklılık,tahammül,direnç,B2
5446,enduring,kalıcı,dayanıklı,uzun ömürlü,B2
5447,energy,enerji,güç,zindelik,B2
5448,enforce,uygulamak,zorlamak,icra etmek,B2
5449,engagement,nişan,bağlılık,randevu,B2
5450,engulf,yutmak,sarmak,istila etmek,B2
5451,enhance,geliştirmek,arttırmak,iyileştirmek,B2
5452,enroll/enrol,kayıt olmak,kaydetmek,üye olmak,B2
5453,enterprise,girişim,işletme,şirket,B2
5454,entertaining,eğlenceli,ovutucu,ilgi çekici,B2
5455,enthusiastically,coşkuyla,şevkle,merakla,B2
5456,entitle,yetki vermek,adlandırmak,hakkı olmak,B2
5457,entrepreneur,girişimci,müteşebbis,iş adamı,B2
5458,environment,çevre,ortam,atmosfer,B2
5459,environmentally friendly,çevre dostu,doğa dostu,ekolojik,B2
5460,corridor,koridor,geçit,dehliz,B2
5461,exceed,aşmak,geçmek,üstün olmak,B2
5462,exception,istisna,hariç tutma,muafiyet,B2
5463,exquisite,zarif,mükemmel,şahane,B2
5464,extension,uzantı,ek,dahili hat,B2
5465,extensive,kapsamlı,geniş,yaygın,B2
5466,external,harici,dış,yabancı,B2
5467,extract,öz,çıkarmak,alıntı,B2
5468,extraordinarily,fevkalade,olağanüstü,aşırı,B2
5469,exultant,sevinçli,neşeli,coşkulu,B2
5470,eyebrow,kaş,kaş çizgisi,saçak,B2
5471,eyelash,kirpik,kirpik teli,göz kılı,B2
5472,eyelid,göz kapağı,kapak,göz örtüsü,B2
5473,fabric,kumaş,dokuma,bünye,B2
5474,fabulous,şahane,efsanevi,harika,B2
5475,facilitate,kolaylaştırmak,yardımcı olmak,olanak sağlamak,B2
5476,facilities,tesisler,imkanlar,olanaklar,B2
5477,factor,faktör,etken,unsur,B2
5478,faculty,fakülte,yetenek,akademik kadro,B2
5479,faith,inanç,güven,sadakat,B2
5480,falter,duraksamak,teklemek,sallanmak,B2
5481,fame,şöhret,ün,nam,B2
5482,familiarize/familiarise,alıştırmak,bilgi vermek,tanıtmak,B2
5483,fantastically,harika bir şekilde,fantastik olarak,fevkalade,B2
5484,fascinated,büyülenmiş,hayran kalmış,mest olmuş,B2
5485,fascination,cazibe,hayranlık,büyülenme,B2
5486,fatal,ölümcül,vahim,kaderle ilgili,B2
5487,expressive,ifadeli,anlamlı,duygulu,B2
5488,excel,üstün olmak,geçmek,başarılı olmak,B2
5489,export,ihracat,ihraç etmek,dış satım,B2
5490,explorer,kaşif,gezgin,araştırmacı,B2
5491,exceptional,olağanüstü,istisnai,mükemmel,B2
5492,exceptionally,istisnai olarak,olağanüstü,özellikle,B2
5493,excessive,aşırı,fazla,müfrit,B2
5494,exclaim,bağırmak,haykırmak,nida etmek,B2
5495,exclamation mark,ünlem işareti,ünlem,nida işareti,B2
5496,exclude,hariç tutmak,dışlamak,almamak,B2
5497,exclusion,dışlama,hariç tutma,ihraç,B2
5498,exclusively,yalnızca,sadece,özel olarak,B2
5499,excursion,gezi,tur,küçük yolculuk,B2
5500,execute,infaz etmek,gerçekleştirmek,uygulamak,B2
5501,execution,idam,infaz,uygulama,B2
5502,executive,yönetici,icra kurulu,idari,B2
5503,exhaust,egzoz,tüketmek,yorulmak,B2
5504,exhausting,yorucu,tüketici,yıpratıcı,B2
5505,exhaustion,tükenme,aşırı yorgunluk,bitkinlik,B2
5506,exhibit,sergilemek,göstermek,sergi,B2
5507,exile,sürgün,sürgüne göndermek,gurbet,B2
5508,existing,mevcut,var olan,yaşayan,B2
5509,exotic,egzotik,yabancı,özel,B2
5510,expansion,genişleme,büyüme,yayılma,B2
5511,expectation,beklenti,ümit,tahmin,B2
5512,expected,beklenen,umulan,muhtemel,B2
5513,expedition,sefer,keşif gezisi,kargo,B2
5514,explode,patlamak,gürültü koparmak,çürütmek,B2
5515,exploit,sömürmek,faydalanmak,kahramanlık,B2
5516,explosive,patlayıcı,patlar,gergin,B2
5517,corresponding,karşılık gelen,uyumlu,bağlantılı,B2
5518,correspondent,muhabir,mektup arkadaşı,temsilci,B2
5519,correspondence,yazışma,uyum,mektuplaşma,B2
5520,backup,yedek,destek,yedekleme,B2
5521,backward/backwards,geriye doğru,geri,geride kalmış,B2
5522,backyard,arka bahçe,avlusu,yakın çevre,B2
5523,badge,roket,roz,nişan,B2
5524,bad-tempered,huysuz,öfkeli,geçimsiz,B2
5525,balanced,dengeli,ölçülü,muvazeneli,B2
5526,balky,inatçı,zorluk çıkaran,dönek,B2
5527,ballad,halk şarkısı,balad,türkü,B2
5528,ballet,bale,bale gösterisi,dans,B2
5529,ballot,oy pusulası,gizli oylama,seçim,B2
5530,ban,yasak,yasaklamak,men,B2
5531,axis,eksen,mil,hat,B2
5532,banker,bankacı,finansçı,sarraf,B2
5533,bankruptcy,iflas,batma,mali çöküş,B2
5534,barbershop,berber dükkanı,berber,kuaför,B2
5535,barley,arpa,tahıl,yem,B2
5536,barn,ahır,samanlık,ambar,B2
5537,barometer,barometre,hava ölçer,gösterge,B2
5538,barren,kısır,verimsiz,çorak,B2
5539,barrier,bariyer,engel,set,B2
5540,bartender,barmen,bar görevlisi,içki sunucusu,B2
5541,bathhouse,hamam,kaplıca,banyo evi,B2
5542,bankrupt,iflas etmiş,batık,iflas etmek,B2
5543,ax/axe,balta,işten çıkarma,kesmek,B2
5544,awe,hayranlık,korku,hürmet,B2
5545,await,beklemek,gözlemek,hazır olmak,B2
5546,assert,ileri sürmek,savunmak,iddia etmek,B2
5547,assess,değerlendirmek,değer biçmek,vergi tarh etmek,B2
5548,assessment,değerlendirme,tahmin,vergi tespiti,B2
5549,assumption,varsayım,faraziye,üstlenme,B2
5550,assurance,güvence,sigorta,teminat,B2
5551,assure,güvence vermek,ikna etmek,söz vermek,B2
5552,astonish,şaşırtmak,hayrete düşürmek,büyülemek,B2
5553,astonished,şaşırmış,hayrete düşmüş,şaşkın,B2
5554,astonishing,şaşırtıcı,hayret verici,inanılmaz,B2
5555,astonishment,şaşkınlık,hayret,büyülenme,B2
5556,astronomy,astronomi,gökbilim,yıldızbilim,B2
5557,athletics,atletizm,spor,beden eğitimi,B2
5558,attached,bağlı,eklenmiş,iliştirilmiş,B2
5559,attainable,ulaşılabilir,elde edilebilir,erişilebilir,B2
5560,attainment,erişme,başarı,kazanım,B2
5561,attendance,katılım,devam,mevcudiyet,B2
5562,attentive,dikkatli,ilgili,özenli,B2
5563,attentively,dikkatle,ilgiyle,özenle,B2
5564,attractiveness,çekicilik,cazibe,albeni,B2
5565,attribute,bağlamak,özellik,atfetmek,B2
5566,atypical,atipik,alışılmadık,tipik olmayan,B2
5567,aubergine,patlıcan,patlıcan moru,mor,B2
5568,audit,denetim,hesap denetimi,müfettişlik,B2
5569,audition,seçme,ses denemesi,oyun denemesi,B2
5570,authoritative,otoriter,yetkili,güvenilir,B2
5571,authorize/authorise,yetki vermek,onaylamak,izin vermek,B2
5572,availability,erişilebilirlik,müsaitlik,kullanılabilirlik,B2
5573,battlefield,savaş alanı,muharebe meydanı,arpalık,B2
5574,beagle,beagle cinsi köpek,av köpeği,küçük tazı,B2
5575,beak,gaga,burun,ucu sivri kısım,B2
5576,beam,ışın,kiriş,gülümseme,B2
5577,blindly,körlemesine,kör körüne,düşünmeden,B2
5578,blindness,körlük,görmeme,gerçeği görememe,B2
5579,blink,göz kırpmak,kirpikleri kırpıştırmak,yanıp sönmek,B2
5580,bloodstream,kan akışı,kan dolaşımı,damar yolu,B2
5581,bloody,kanlı,şiddetli,lanet olası,B2
5582,blooming,çiçek açan,çiçeklenme,canlı,B2
5583,blossom,çiçek açmak,çiçek,gelişmek,B2
5584,blur,bulanıklık,bulanıklaştırmak,netliğini yitirmek,B2
5585,blurt,ağzından kaçırmak,birdenbire söylemek,fırlatmak,B2
5586,boiling,kaynayan,çok sıcak,kaynama,B2
5587,bolt,cıvata,sürgü,yıldırım,B2
5588,bombard,bombalamak,topa tutmak,soru yağmuruna tutmak,B2
5589,bomber,bombacı,bomba atan uçak,saldırgan,B2
5590,bombing,bombalama,bomba saldırısı,hava akını,B2
5591,bony,kemikli,zayıf,çelimsiz,B2
5592,bookish,kitap kurdu,teorik,akademik,B2
5593,booklet,kitapçık,brosür,kılavuz,B2
5594,bookmark,sayfa ayıracı,yer işareti,kitap ayracı,B2
5595,boost,arttırmak,canlandırmak,desteklemek,B2
5596,booth,kabin,kulübe,seçim kabini,B2
5597,bossy,patron taslaklığı,hükmetmeyi seven,amirane,B2
5598,botany,botanik,bitki bilimi,nebatat,B2
5599,bothered,rahatsız olmuş,kaygılı,umurunda olan,B2
5600,bothersome,rahatsız edici,can sıkıcı,usandırıcı,B2
5601,blaze,alev,yangın,parlamak,B2
5602,assembly,meclis,montaj,toplantı,B2
5603,blast,patlama,şiddetli rüzgar,gürültü,B2
5604,bizarre,tuhaf,acayip,garip,B2
5605,bearing,yönelim,rulman,ilişki,B2
5606,beautify,güzelleştirmek,süslemek,çekici kılmak,B2
5607,bellow,böğürmek,kükremek,bağırmak,B2
5608,belongings,eşya,özel eşyalar,mülk,B2
5609,beneficial,faydalı,yararlı,karlı,B2
5610,benevolence,hayırseverlik,iyilikseverlik,cömertlik,B2
5611,benevolent,hayırsever,iyiliksever,cömert,B2
5612,berry,küçük meyve,böğürtlen,üzümsü meyve,B2
5613,bestow,bahşetmek,vermek,armağan etmek,B2
5614,bestseller,çok satan,en çok satan kitap,kapışılan ürün,B2
5615,betray,ihanet etmek,satmak,ele vermek,B2
5616,bewilder,şaşırtmak,aklını karıştırmak,hayrete düşürmek,B2
5617,bewilderment,şaşkınlık,bocalama,akıl karışıklığı,B2
5618,bid,teklif vermek,ihale,fiyat sürmek,B2
5619,bidding,emir,teklif verme,komut,B2
5620,bikini,bikini,iki parça mayo,plaj giysisi,B2
5621,billion,milyar,bin milyon,pek çok,B2
5622,bind,bağlamak,ciltlemek,tutturmak,B2
5623,bio,biyografi,yaşam öyküsü,biyo,B2
5624,biological,biyolojik,canlı bilimiyle ilgili,fıtri,B2
5625,biotechnology,biyoteknoloji,biyolojik teknoloji,uygulamalı biyoloji,B2
5626,birdcage,kuş kafesi,kafes,dar yer,B2
5627,birthplace,doğum yeri,memleket,beşiği,B2
5628,bitterly,acı bir şekilde,şiddetle,ağır bir şekilde,B2
5629,blade,bıçak ağzı,jilet,yaprak ayası,B2
5630,assemble,toplanmak,monte etmek,bir araya getirmek,B2
5631,assault,saldırı,darp,hücum etmek,B2
5632,aspire,arzulamak,hedeflemek,can atmak,B2
5633,admirable,hayranlık uyandıran,takdire şayan,örnek,B2
5634,admiringly,hayranlıkla,beğenerek,takdir ederek,B2
5635,admittedly,itiraf etmek gerekirse,kabul etmek gerekir ki,şüphesiz,B2
5636,adopted,evlat edinilmiş,benimsenmiş,kabul edilmiş,B2
5637,adoption,evlat edinme,benimseme,kabul,B2
5638,adore,tapmak,çok sevmek,hayran olmak,B2
5639,adorn,süslemek,bezemek,donatmak,B2
5640,advancement,ilerleme,gelişme,terfi,B2
5641,advent,geliş,başlangıç,kをつ (bekleyiş),B2
5642,adventurous,maceralı,girişken,cesur,B2
5643,adverse,olumsuz,ters,zararlı,B2
5644,adversely,olumsuz yönde,zararlı şekilde,ters olarak,B2
5645,adversity,zorluk,felaket,bahtsızlık,B2
5646,affectionate,sevgi dolu,şefkatli,düşkün,B2
5647,affectionately,sevgiyle,şefkatle,tatlılıkla,B2
5648,affordable,uygun fiyatlı,bütçeye uygun,hesaplı,B2
5649,ageless,yaşlanmaz,zamansız,ebedi,B2
5650,aggressively,agresif bir şekilde,saldırganca,hırslı bir şekilde,B2
5651,agonize/agonise,kıvranmak,ızdırap çekmek,çırpınmak,B2
5652,agony,şiddetli acı,ızdırap,azap,B2
5653,aircraft,hava taşıtı,uçak,hava aracı,B2
5654,aircrew,uçuş ekibi,uçak mürettebatı,hava ekibi,B2
5655,alcoholism,alkolizm,alkol bağımlılığı,kronik alkolcülük,B2
5656,alert,uyanık,alarm,dikkatli,B2
5657,administrative,idari,yönetsel,yönetimsel,B2
5658,allegation,iddia,suçlama,sav,B2
5659,adjustment,ayar,intibak,düzenleme,B2
5660,adequate,yeterli,kâfi,elverişli,B2
5661,retard,geciktirmek,geriletmek,engellemek,B2
5662,abandoned,terk edilmiş,metruk,sahipsiz,B2
5663,abnormally,anormal şekilde,alışılmadık biçimde,olağandışı,B2
5664,abolish,yürürlükten kaldırmak,iltga etmek,feshetmek,B2
5665,aboriginal,yerli,yerli halk,otokton,B2
5666,abruptly,aniden,birdenbire,ansızın,B2
5667,absentee,gıyaben,devamsız,göreve gelmeyen,B2
5668,absurd,saçma,absürt,anlamsız,B2
5669,abuse,istismar,kötüye kullanım,taciz,B2
5670,accessibility,erişilebilirlik,ulaşılabilirlik,ulaşım kolaylığı,B2
5671,accommodation,konaklama,barınma,uyum,B2
5672,accordingly,buna göre,uygun şekilde,dolayısıyla,B2
5673,accumulate,biriktirmek,çoğalmak,toplamak,B2
5674,accusation,suçlama,itham,kabahat bulma,B2
5675,achievable,ulaşılabilir,başarılabilir,elde edilebilir,B2
5676,acid,asit,ekşi,keskin,B2
5677,acquisition,edinme,iktisap,kazanım,B2
5678,actively,etkin olarak,faal bir şekilde,aktif olarak,B2
5679,actual,gerçek,güncel,fiili,B2
5680,acute,akut,şiddetli,keskin,B2
5681,adaptable,uyarlanabilir,intibak edebilir,esnek,B2
5682,addict,bağımlı,mptela,tutkun,B2
5683,addicted,bağımlı,mptelâ,alışkın,B2
5684,addiction,bağımlılık,tutkunluk,mptelalık,B2
5685,additionally,ek olarak,ayrıca,üstelik,B2
5686,adequately,yeterince,kâfi derecede,gerektiği gibi,B2
5687,alliance,ittifak,bağlaşma,birlik,B2
5688,alongside,yanında,boyunca,birlikte,B2
5689,anticipate,öngörmek,tahmin etmek,beklemek,B2
5690,anticipation,beklenti,sezgi,umut,B2
5691,antipollution,kirlilik önleyici,çevre koruyucu,kirlilik karşıtı,B2
5692,antistatic,antistatik,elektriklenmeyi önleyici,statik önleyici,B2
5693,antivirus,antivirüs,virüs önleyici,virüs koruma,B2
5694,apostrophe,kesme işareti,apostrof,kesme,B2
5695,applicant,başvuran,aday,müracaat eden,B2
5696,appreciative,müteşekkir,beğenen,kıymet bilen,B2
5697,appropriately,uygun şekilde,yerinde olarak,münasip surette,B2
5698,approximate,yaklaşık,tahmini,yaklaşmak,B2
5699,arch,kemer,yay,kavis,B2
5700,archaeologist/archeologist,arkeolog,kazı bilimci,eski eser uzmanı,B2
5701,arctic,kuzey kutbu ile ilgili,buz gibi soğuk,kutup bölgesi,B2
5702,arena,mücadele alanı,stadyum,etkinlik mekanı,B2
5703,aristocracy,soylu sınıfı,aristokrasi,seçkinler zümresi,B2
5704,armful,kucak dolusu,kol dolusu,miktarda çok,B2
5705,arouse,uyandırmak,harekete geçirmek,tahrik etmek,B2
5706,arrogant,kibirli,kendini beğenmiş,havalı,B2
5707,artery,atardamar,ana yol,ulaşım hattı,B2
5708,articulate,düzgün konuşan,ifade etmek,açıkça belirtmek,B2
5709,artificially,yapay olarak,suni biçimde,zorlamayla,B2
5710,artistry,sanatkarlık,ustalık,sanatsal beceri,B2
5711,ash,kül,dişbudak,yakma kalıntısı,B2
5712,aspiration,güçlü istek,hedef,özlem,B2
5713,anticancer,kanser karşıtı,kanseri önleyici,kanser tedavisinde,B2
5714,ally,müttefik,destekçi,birleşmek,B2
5715,antibacterial,bakteri önleyici,antibakteriyel,mikrop öldürücü,B2
5716,anonymous,isimsiz,anonim,kimliği belirsiz,B2
5717,alphabetical,alfabetik,harf sırasına göre,abecesel,B2
5718,altar,sunak,mihrap,kurban masası,B2
5719,alter,değiştirmek,tadilat yapmak,başkalaşmak,B2
5720,alternate,sırayla yapmak,yedek,münavebeli,B2
5721,alternatively,alternatif olarak,başka bir deyişle,seçenek olarak,B2
5722,altitude,rakım,yükseklik,irtifa,B2
5723,aluminum/aluminium,alüminyum,hafif metal,alüminyum madeni,B2
5724,amaze,şaşırtmak,hayrete düşürmek,büyülemek,B2
5725,amazement,hayret,şaşkınlık,büyük şok,B2
5726,amazingly,şaşırtıcı şekilde,inanılmaz derecede,muazzam biçimde,B2
5727,ambassador,büyükelçi,temsilci,elçi,B2
5728,ambiguity,belirsizlik,çift anlamlılık,muğlaklık,B2
5729,ambiguous,belirsiz,muğlak,iki anlamlı,B2
5730,ammonia,amonyak,keskin gaz,amonyak çözeltisi,B2
5731,amongst,arasında,içinde,tarafından,B2
5732,ample,bol,yeterli,geniş,B2
5733,amplifier,amfi,ses yükseltici,güçlendirici,B2
5734,amplify,güçlendirmek,şiddetlendirmek,büyütmek,B2
5735,amuse,eğlendirmek,güldürmek,neşe vermek,B2
5736,analogy,benzetme,analoji,kıyas,B2
5737,analyst,analist,çözümleyici,uzman,B2
5738,anchor,çapa,sunucu,bağlamak,B2
5739,anchorage,demirleme yeri,liman,güvence,B2
5740,anchorman,haber sunucusu,ana haber spikeri,program sunucusu,B2
5741,anchorperson,program sunucusu,haber spikeri,ana haber sunucusu,B2
5742,anguish,şiddetli acı,ıstırap,ruhsal keder,B2
5743,animate,canlandırmak,hareketlendirmek,canlı,B2
5744,antiaircraft,uçaksavar,hava savunma,uçak karşıtı,B2
5745,globally,küresel çapta,dünya genelinde,tüm dünyada,B2
5746,compassion,şefkat,merhamet,acıma duygusu,B2
5747,compassionate,merhametli,şefkatli,anlayışlı,B2
5748,compatible,uyumlu,badaşır,birlikte çalışabilir,B2
5749,compensate,tazmin etmek,telafi etmek,karşılamak,B2
5750,compensation,tazminat,telafi,ödence,B2
5751,competence,yeterlilik,yetkinlik,kabiliyet,B2
5752,competent,yetkin,ehil,başarılı,B2
5753,compile,derlemek,toplamak,bir araya getirmek,B2
5754,completion,tamamlama,bitirme,bütünleme,B2
5755,complexion,cilt rengi,ten,görünüm,B2
5756,complexity,karmaşıklık,güçlük,komplekslik,B2
5757,component,bileşen,parça,unsur,B2
5758,commute,gidip gelmek,değiştirmek,cezayı hafifletmek,B2
5759,comprehension,anlama,kavrayış,idrak,B2
5760,compress,sıkıştırmak,bastırmak,kompres yapmak,B2
5761,compression,sıkıştırma,basınç,daralma,B2
5762,compulsory,zorunlu,mecburi,icbarî,B2
5763,compute,hesaplamak,tahmin etmek,bilgisayarla hesap yapmak,B2
5764,conceal,gizlemek,saklamak,örtbas etmek,B2
5765,concede,kabul etmek,itiraf etmek,ödün vermek,B2
5766,conceit,kibir,kendini beğenmişlik,kuruntu,B2
5767,conceivable,akla uygun,düşünülebilir,muhtemel,B2
5768,conceive,tasarlamak,anlamak,gebe kalmak,B2
5769,conception,anlayış,kavram,gebe kalma,B2
5770,comprehensive,kapsamlı,etraflı,geniş,B2
5771,community,toplum,topluluk,halk,B2
5772,communicative,iletişim kuran,konuşkan,açık sözlü,B2
5773,commonwealth,uluslar topluluğu,cumhuriyet,ortak refah,B2
5774,coaching,koçluk,çalıştırıcılık,eğitmenlik,B2
5775,coalition,koalisyon,birleşme,ittifak,B2
5776,coarse,kaba,pürüzlü,kalın,B2
5777,coastline,sahil şeridi,kıyı,sahil,B2
5778,cocktail,kokteyl,karışım,kutlama içkisi,B2
5779,cocoa,kakao,kakao ağacı,sıcak çikolata,B2
5780,coconut,hindistancevizi,hindistancevizi ağacı,koko,B2
5781,coherence,tutarlılık,bağlılık,uyum,B2
5782,coherent,tutarlı,bağlantılı,anlaşılır,B2
5783,coincide,rastlaşmak,üst üste gelmek,aynı zamana denk gelmek,B2
5784,coincidence,tesadüf,rastlantı,aynı olma,B2
5785,colleague,meslektaş,iş arkadaşı,ortak,B2
5786,collector,koleksiyoncu,tahsildar,toplayıcı,B2
5787,collocation,sözcük birleşimi,yerleştirme,yan yana gelme,B2
5788,colon,iki nokta,kolon,kalın bağırsak,B2
5789,colonial,sömürge,sömürgeye ait,koloni dönemi,B2
5790,coma,koma,bilinçsizlik hali,derin uyku,B2
5791,comfortably,rahatça,konforlu bir şekilde,rahat bir şekilde,B2
5792,commander,komutan,birlik lideri,amir,B2
5793,commemorate,anmak,hatırasını yaşatmak,kutlamak,B2
5794,commerce,ticaret,alışveriş,sanayi,B2
5795,commission,komisyon,görev,komisyon ücreti,B2
5796,concerning,hakkında,ilişkin,dair,B2
5797,concession,taviz,ödün,imtiyaz,B2
5798,concrete,somut,beton,maddî,B2
5799,condemn,kınamak,mahkûm etmek,suçlamak,B2
5800,contradictory,çelişkili,tutarsız,zıt,B2
5801,controversy,anlaşmazlık,tartışma,münakaşa,B2
5802,conveniently,elverişli bir şekilde,uygun olarak,rahatça,B2
5803,convention,gelenek,kongre,sözleşme,B2
5804,conventional,geleneksel,alışılmış,konvansiyonel,B2
5805,converse,konuşmak,sohbet etmek,zıttı,B2
5806,conversely,tersine,aksine,bunun aksine,B2
5807,conversion,dönüşüm,değişim,din değiştirme,B2
5808,convert,dönüştürmek,değiştirmek,intikal etmek,B2
5809,convinced,ikna olmuş,inangan,emin,B2
5810,cooperate,iş birliği yapmak,yardımlaşmak,müşterek çalışmak,B2
5811,cooperation,iş birliği,yardımlaşma,kooperasyon,B2
5812,cooperative,iş birliğine açık,kooperatif,yardımsever,B2
5813,cope,başa çıkmak,üstesinden gelmek,mücadele etmek,B2
5814,copper,bakır,bakır rengi,polis,B2
5815,coral,mercan,mercan rengi,resif,B2
5816,core,çekirdek,öz,merkez,B2
5817,cornerstone,temel taşı,köşe taşı,esas unsur,B2
5818,cornet,kornet,külah,dondurma külahı,B2
5819,corona,korona,taç,hale,B2
5820,corporal,onbaşı,bedensel,fiziksel,B2
5821,corporate,kurumsal,şirkete ait,tüzel,B2
5822,corporation,şirket,kurum,anonim şirket,B2
5823,correctness,doğruluk,kusursuzluk,hatasızlık,B2
5824,correspond,mektuplaşmak,tekabül etmek,uymak,B2
5825,contradiction,çelişki,tezat,tutarsızlık,B2
5826,clumsy,sakar,beceriksiz,kaba,B2
5827,contradict,çelişmek,karşı çıkmak,yalanlamak,B2
5828,conductor,kondüktör,orkestra şefi,iletken,B2
5829,cone,koni,çam kozalağı,külah,B2
5830,conference,konferans,toplantı,oturum,B2
5831,conferencing,konferans yapma,görüntülü görüşme,toplantı düzenleme,B2
5832,confess,itiraf etmek,günah çıkarmak,suçunu kabul etmek,B2
5833,confession,itiraf,günah çıkarma,açıklama,B2
5834,confidently,güvenle,emin bir şekilde,özgüvenle,B2
5835,confine,hapsetmek,sınırlamak,alıkoymak,B2
5836,confront,yüzleşmek,karşılaşmak,karşı durmak,B2
5837,conjunction,bağlaç,kavşak,birleşme,B2
5838,conquest,fetih,zafer,ele geçirme,B2
5839,conscience,vicdan,ahlak,öz vicdan,B2
5840,consciousness,bilinç,şuur,farkındalık,B2
5841,consensus,fikir birliği,oydaşma,uzlaşı,B2
5842,consent,rıza,onay,izin vermek,B2
5843,considerably,önemli ölçüde,oldukça,fazlasıyla,B2
5844,considering,göz önüne alındığında,dikkate alarak,-e bakılırsa,B2
5845,consistent,tutarlı,istikrarlı,bağdaşan,B2
5846,consolation,teselli,avuntu,rahatlama,B2
5847,console,teselli etmek,konsol,avutmak,B2
5848,constant,sabit,srekli,değişmez,B2
5849,consult,danışmak,başvurmak,mşveret etmek,B2
5850,consultant,danışman,müşavir,uzman hekim,B2
5851,contaminate,kirletmek,zehirlemek,bozmak,B2
5852,contemporary,çağdaş,modern,güncel,B2
5853,contempt,küçümseme,hor görme,itibarsızlık,B2
5854,contract,sözleşme,kontrat,küçülmek,B2
5855,clothing,giyim,giysi,kıyafet,B2
5856,closure,kapanış,kapatma,kapanma,B2
5857,clog,tıkamak,engel,takunya,B2
5858,burdensome,zahmetli,ağır,külfetli,B2
5859,bureaucracy,bürokrasi,kırtasiyecilik,resmiyet,B2
5860,burglary,hırsızlık,soyguncu,ev soyma,B2
5861,burgle,soymak,hırsızlık yapmak,evi soyma,B2
5862,burial,cenaze,gömme,defin,B2
5863,bustle,telaş,koşuşturmaca,hareketlilik,B2
5864,bustling,hareketli,kalabalık,canlı,B2
5865,buzz,vızıltı,vızıldamak,uğultu,B2
5866,cabinet,kabine,dolap,bakanlar kurulu,B2
5867,cable,kablo,halat,telgraf,B2
5868,calmly,sakinçe,sakince,sükunetle,B2
5869,campaign,kampanya,seçim çalışması,harekat,B2
5870,candidate,aday,namzet,talip,B2
5871,cane,baston,kamış,değnek,B2
5872,cannonball,gülle,top güllesi,ağır mermi,B2
5873,canon,kanun,kural,ölçüt,B2
5874,capability,yetenek,kabiliyet,kapasite,B2
5875,caption,altyazı,resim yazısı,başlık,B2
5876,captive,esir,tutsak,bağımlı,B2
5877,caravan,karavan,kervan,mobil ev,B2
5878,carbon,karbon,kopya kağıdı,karbon kağıdı,B2
5879,carbon dioxide,karbondioksit,karbon dioksit,solunum gazı,B2
5880,carbon footprint,karbon ayak izi,çevresel etki,sera salınımı,B2
5881,carbon monoxide,karbonmonoksit,karbon monoksit,zehirli gaz,B2
5882,cardboard,karton,mukavva,karton kutu,B2
5883,cardigan,hırka,örme ceket,triko,B2
5884,carefree,kaygısız,tasasız,bahtsız,B2
5885,bun,çörek,topuz,ekmekçik,B2
5886,bum,serseri,tembel,kıç,B2
5887,boxer,boksör,boks,boxer şort,B2
5888,bracket,köşeli ayraç,parantez,konsol,B2
5889,brag,övünmek,büyüklenmek,caka satmak,B2
5890,bravery,cesaret,yiğitlik,atılganlık,B2
5891,breakable,kırılabilir,nazik,hassas,B2
5892,breakdown,arıza,çöküş,detaylı döküm,B2
5893,breakup,ayrılık,dağılma,ilişki bitmesi,B2
5894,breathtaking,nefes kesici,muazzam,harika,B2
5895,breezy,esintili,rüzgarlı,neşkeli,B2
5896,brewery,bira fabrikası,bira imalathanesi,birahane,B2
5897,brilliantly,parlak bir şekilde,harika bir şekilde,mükemmelen,B2
5898,broadband,geniş bant,hızlı internet,geniş bant ağ,B2
5899,broadcaster,yayıncı,televizyoncu,radyocu,B2
5900,broaden,genişletmek,yaymak,büyütmek,B2
5901,broadly,genel olarak,geniş bir şekilde,kabaca,B2
5902,brochure,broşür,tanıtım kitapçığı,ilan yaprağı,B2
5903,brother-in-law,enişte,kayınbirader,bacanak,B2
5904,browse,göz atmak,incelemek,sayfaları gezinmek,B2
5905,browser,tarayıcı,gezinme programı,internet tarayıcısı,B2
5906,bruise,morluk,bere,ezik,B2
5907,bud,tomurcuk,filiz,gonca,B2
5908,bulimia,bulimia,aşırı yeme hastalığı,kurt iştahlılık,B2
5909,bully,zorba,kabadayı,gözdağı vermek,B2
5910,bumper,tampon,bol,bereketli,B2
5911,bourbon,burbon,mısır viskisi,burbon viskisi,B2
5912,caring,şefkatli,ilgi dolu,özenli,B2
5913,carpool,ortak araç kullanımı,araç paylaşımı,ortak yolculuk,B2
5914,cheeky,saygısız,cüretkar,edepsiz,B2
5915,cheerfully,neşeyle,sevinçle,neşeli bir şekilde,B2
5916,cheerfulness,neşe,neşelilik,şenlik,B2
5917,chemotherapy,kemoterapi,ilaç tedavisi,kanser tedavisi,B2
5918,cherished,değerli,aziz,el üstünde tutulan,B2
5919,cherry,kiraz,vişne,kiraz rengi,B2
5920,chew,çiğnemek,geviş getirmek,yutmak için ezmek,B2
5921,childish,çocuksu,çocukça,olgunlaşmamış,B2
5922,chimney,baca,lamba şöinesi,ateş bacası,B2
5923,chip,cips,yonga,çentik,B2
5924,chop,doğramak,pirzola,kesmek,B2
5925,chunk,iri parça,kütle,kalıp,B2
5926,circuit,devre,çevre,tur,B2
5927,circuitry,devre sistemi,devreler,elektrik düzeni,B2
5928,circumstance,durum,koşul,hal,B2
5929,citywide,şehir çapında,tüm şehri kapsayan,şehir geneli,B2
5930,clam,midye,deniz tarağı,kabuklu deniz hayvanı,B2
5931,clap,alkışlamak,el çırpmak,alkış,B2
5932,clarify,açıklığa kavuşturmak,netleştirmek,netleştirmek,B2
5933,classification,sınıflandırma,kategorize etme,tasnif,B2
5934,clause,yan cümle,madde,fıkra,B2
5935,clearness,açıklık,berraklık,netlik,B2
5936,clerical,büro memurluğu,yazı işleri,ruhani,B2
5937,client,müvekkil,müşteri,alıcı,B2
5938,climate change,iklim değişikliği,iklim değişimi,küresel iklim oynaması,B2
5939,checkpoint,kontrol noktası,denetim noktası,kontrol durağı,B2
5940,carnival,karnaval,şenlik,eğlence panayırı,B2
5941,cheat,hile yapmak,kopya çekmek,aldatmak,B2
5942,charming,çekici,büyüleyici,tatlı,B2
5943,carve,oymak,et kesmek,yontmak,B2
5944,cascade,çağlayan,küçük şelale,ardışık akış,B2
5945,cast,oyuncu kadrosu,alçı,atmak,B2
5946,casually,gelişigüzel,tesadüfen,rahatça,B2
5947,catalog/catalogue,katalog,liste,ürün listesi,B2
5948,catalyst,katalizör,hızlandırıcı,tetikleyici,B2
5949,catastrophe,felaket,facia,büyük yıkım,B2
5950,catastrophic,felaket niteliğinde,yıkıcı,facialı,B2
5951,catchy,Akılda kalıcı,Çarpıcı,Baştan çıkarıcı,B2
5952,categorization/categorisation,Kategorize etme,Sınıflandırma,Bölümleme,B2
5953,catering,Yemek hizmeti,İaşe,Yemek sağlama,B2
5954,cathedral,Katedral,Büyük kilise,Baş kilise,B2
5955,cease,Durdurmak,Son vermek,Dinmek,B2
5956,ceiling,Tavan,Üst sınır,En yüksek miktar,B2
5957,cellar,Kiler,Bodrum,Mahzen,B2
5958,cellist,Viyolonselci,Çellist,Çello sanatçısı,B2
5959,cello,Viyolonsel,Çello,Yaylı çalgı,B2
5960,cemetery,Mezarlık,Kabristan,Asri mezar,B2
5961,centigrade,Santigrat,Yüz derecelik,Celsius,B2
5962,certificate,Sertifika,Belge,Şahadetname,B2
5963,certification,Belgelendirme,Sertifikalandırma,Tasdikleme,B2
5964,certify,Belgelemek,Tasdik etmek,Onaylamak,B2
5965,chancellor,Şansölye,Başbakan,Rektör,B2
5966,chaotic,Kaotik,Karmaşık,Düzensiz,B2
5967,glocal,Glokal,Yerel küresel,Yerelleşmiş küresel,B2
5968,electronics,Elektronik,Elektronik bilimi,Elektronik eşyalar,B2
5969,glorify,Yüceltmek,Övmek,Şereflendirmek,B2
5970,parade,Geçit töreni,Resmigeçit,Gosteri,B2
5971,paradox,Paradoks,Çelişki,Çelişme,B2
5972,paralysis,Felç,Nüzul,İnme,B2
5973,paramedic,Paramedik,Acil tıp teknisyeni,Sağlık memuru,B2
5974,paratrooper,Paraşütçü,Hava indirme,Komando,B2
5975,parliament,Parlamento,Meclis,Yasama meclisi,B2
5976,participation,Katılım,İştirak,Katılma,B2
5977,particle,Parçacık,Zerre,Parça,B2
5978,particular,Özel,Titiz,Belirli,B2
5979,partisan,Taraf tutan,Partizan,Gerilla,B2
5980,partnership,Ortaklık,Şirket,İşbirliği,B2
5981,paperwork,Evrak işi,Kırtasiyecilik,Yazışma,B2
5982,passionate,Tutkulu,Hevesli,Kızgın,B2
5983,pastor,Papaz,Din adamı,Çoban,B2
5984,pastoral,Pastoral,Kırsal,Çobanla ilgili,B2
5985,patch,Yama,Yama yapmak,Küçük alan,B2
5986,patiently,Sabırla,Metanetle,Sakin bir şekilde,B2
5987,patriot,Vatansever,Yurtsever,Milliyetçi,B2
5988,patriotic,Vatansever,Yurtsever,Milli,B2
5989,patriotism,Vatanseverlik,Yurtseverlik,Milliyetçilik,B2
5990,patron,Müşteri,Hami,Destekçi,B2
5991,pave,Yol döşemek,Parke döşemek,Zemin hazırlamak,B2
5992,pavement,Kaldırım,Yol kaplaması,Asfalt,B2
5993,paw,Pati,Pençe,Hayvan ayağı,B2
5994,pawnbroker,"Tefe, rehinci",Rehinci,Eşya rehin alan,B2
5995,passionately,Tutkuyla,Şiddetle,Aşkla,B2
5996,paperless,Kağıtsız,Dijital,Elektronik ortamda,B2
5997,papaya,Papaya,Kavun ağacı meyvesi,Tropikal meyve,B2
5998,overhear,Kulak misafiri olmak,Gizlice duymak,İstemeden işitmek,B2
5999,overlap,Örtüşmek,Kesişmek,Üst üste binmek,B2
6000,overlook,Görmezden gelmek,Gözden kaçırmak,Manzaralı olmak,B2
6001,overly,aşırı,fazlasıyla,çok,B2
6002,overshadow,gölgede bırakmak,silikleştirmek,değerini düşürmek,B2
6003,oversize,büyük boy,iri,geniş kesim,B2
6004,overstep,sınırı aşmak,ileri gitmek,haddini aşmak,B2
6005,overtake,sollamak,yetişip geçmek,yakalamak,B2
6006,overthrow,devirmek,yıkmak,iktidardan düşürmek,B2
6007,overtime,fazla mesai,uzatma,ek süre,B2
6008,overturn,devirmek,ters çevirmek,hükümsüz kılmak,B2
6009,ow,ah,of,ayy,B2
6010,owing to,yüzünden,sayesinde,nedeniyle,B2
6011,owl,baykuş,kuğu,gece kuşu,B2
6012,ox,öküz,büyükbaş,tosun,B2
6013,ozone,ozon,ozon tabakası,temiz hava,B2
6014,pa,baba,peder,asistan,B2
6015,packed,kalabalık,tkaabatu,dolu,B2
6016,packet,paket,kutusu,bağlama,B2
6017,pad,ped,bloknot,minder,B2
6018,paintbrush,boya fırçası,resim fırçası,fırça,B2
6019,pajamas/pyjamas,pijama,gecelik,pijama takımı,B2
6020,pallet,palet,taşınma tablası,boya paleti,B2
6021,pancake,pankek,krep,bazlama,B2
6022,pandemic,pandemi,salgın,küresel salgın,B2
6023,panel,panel,jüri,tabela,B2
6024,pawnshop,rehinci,tefeci,rehin dükkanı,B2
6025,payment,ödeme,tahsilat,tutar,B2
6026,peacefully,huzurla,barışçıl,sakin bir şekilde,B2
6027,peach,şeftali,şeftali rengi,güzel şey,B2
6028,persuasion,ikna,inandırma,görüş,B2
6029,pessimist,pesimist,karamsar,ümitsiz,B2
6030,pessimistic,karamsar,pesimist,ümitsiz,B2
6031,petrified,taşlaşmış,korkudan donmuş,ödü kopmuş,B2
6032,petty,önemsiz,küçük,küçük hesapçı,B2
6033,pH,ph,asitlik derecesi,hidrojen iyonu,B2
6034,pharmacist,eczacı,ilaççı,eczager,B2
6035,phase,aşama,safha,evre,B2
6036,philosophical,felsefi,filozofça,metanetli,B2
6037,physician,doktor,hekim,dahiliyeci,B2
6038,pi,pi,pi sayısı,harf,B2
6039,pickle,turşu,zor durum,turşulamak,B2
6040,picky,titiz,seçici,zor beğenen,B2
6041,picturesque,pitoresk,resmedilmeye değer,manzaralı,B2
6042,pillowcase,yastık kılıfı,yastık yüzü,kılıf,B2
6043,pine,çam,çam ağacı,özlemden erimek,B2
6044,pint,pinta,yarım litre,bardak,B2
6045,piracy,korsanlık,korsan yayın,deniz haydutluğu,B2
6046,pirate,korsan,deniz haydudu,korsanlık yapmak,B2
6047,pitch,saha,zift,ritim,B2
6048,plague,veba,salgın hastalık,bela,B2
6049,planning,planlama,tasarlama,plan yapma,B2
6050,playmate,oyun arkadaşı,arkadaş,oyun yoldaşı,B2
6051,playwright,oyun yazarı,tiyatro yazarı,dramatist,B2
6052,perspiration,terleme,ter,damlama,B2
6053,overestimate,fazla tahmin etmek,gözünde büyütmek,aşırı değer vermek,B2
6054,perspective,bakış açısı,perspektif,UFUK çizgisi,B2
6055,personify,kişileştirmek,simgelemek,canlandırmak,B2
6056,peak,zirve,tepe,en yüksek nokta,B2
6057,pearl,inci,inci tanesi,değerli şey,B2
6058,pebble,çakıl taşı,çakıl,küçük taş,B2
6059,pedal,pedal,ayaklık,bisiklet pedalı,B2
6060,pedantic,bilgiç,titiz,kılı kırk yaran,B2
6061,pedestrian,yaya,sıradan,yaya geçidi,B2
6062,pee,işemek,çiş,idrar,B2
6063,peel,soyulmak,kabuk,meyve kabuğu,B2
6064,peep,göz atmak,dikizlemek,cık cık sesi,B2
6065,peer,akran,emsal,dikkatle bakmak,B2
6066,peg,mandal,kazık,askı çivisi,B2
6067,penalize/penalise,cezalandırmak,ceza vermek,mahrum bırakmak,B2
6068,penetrate,delip geçmek,içine girmek,kavramak,B2
6069,penguin,penguen,deniz kuşu,uçamayan kuş,B2
6070,penicillin,penisilin,antibiyotik,küf ilacı,B2
6071,pension,emekli maaşı,emeklilik,pansiyon,B2
6072,pentagon,beşgen,pentagon,beş köşe,B2
6073,perceive,algılamak,fark etmek,sezmek,B2
6074,percentage,yüzde,oran,yüzdelik,B2
6075,perception,algı,algılama,sezgi,B2
6076,permanence,kalıcılık,daimilik,süreklilik,B2
6077,permeate,nüfuz etmek,içine sızmak,yayılmak,B2
6078,perseverance,sebat,azim,direnç,B2
6079,persist,direnmek,sürdürmek,ısrar etmek,B2
6080,persistence,kalıcılık,ısrar,devamlılık,B2
6081,persistent,ısrarcı,inatçı,kalıcı,B2
6082,personification,kişileştirme,teşhis,somutlaştırma,B2
6083,personnel,personel,çalışanlar,kadro,B2
6084,plead,yalvarmak,savunma yapmak,mazeret sunmak,B2
6085,overemphasize/overemphasise,aşırı vurgulamak,üzerinde çok durmak,abartmak,B2
6086,overbook,fazla rezervasyon yapmak,yerden fazla bilet satmak,kapasiteyi aşmak,B2
6087,nightmare,kabus,karabasan,korkunç deneyim,B2
6088,nobility,soyluluk,aristokrasi,asalet,B2
6089,noble,soylu,asil,yüce,B2
6090,nobleman,soylu kişi,beyzade,lord,B2
6091,nomad,göçebe,konar göçer,yörük,B2
6092,nomination,aday gösterilme,adaylık,tayin,B2
6093,nominee,aday,gösterilen aday,seçilen,B2
6094,nonprofessional,profesyonel olmayan,amatör,uzman olmayan,B2
6095,non-smoking,sigara içilmeyen,sigara yasak,tütünsüz,B2
6096,northward,kuzeye doğru,kuzey yönünde,kuzeyce,B2
6097,nostril,burun deliği,burun deli,solunum deliği,B2
6098,nightclub,gece kulübü,disko,gazino,B2
6099,nought,sıfır,hiç,hiçlik,B2
6100,nourishment,besin,beslenme,gıda,B2
6101,novelty,yenilik,değişiklik,süs eşyası,B2
6102,nuisance,bela,rahatsızlık,huzursuzluk veren,B2
6103,numerical,sayısal,rakamsal,adedi,B2
6104,nursery,kreş,çocuk odası,fidanlık,B2
6105,nut,fındık,ceviz,somun,B2
6106,nutshell,ceviz kabuğu,özetle,kısaca,B2
6107,oath,yemin,ant,küfür,B2
6108,obedience,itaat,boyun eğme,bağlılık,B2
6109,obedient,itaatkar,söz dinleyen,boyun eğen,B2
6110,obey,itaat etmek,söz dinlemek,uymak,B2
6111,nourish,beslemek,büyütmek,geliştirmek,B2
6112,nicely,hoşça,güzelce,iyi bir şekilde,B2
6113,newsworthy,haber değeri,ilginç olay,aktarmaya değer,B2
6114,nano,milyarda bir,nano,çok küçük,B2
6115,narcissistic,narsist,özsever,kendini beğenmiş,B2
6116,narrator,anlatıcı,öykücü,nakleden,B2
6117,narrowly,kıl payı,dar bir şekilde,yakından,B2
6118,nationwide,ülke çapında,ulusal,tüm yurtta,B2
6119,native speaker,ana dili,yerli konuşmacı,anadilini konuşan,B2
6120,naughty,yaramaz,huysuz,edebe aykırı,B2
6121,naval,deniz,donanma,bahriye,B2
6122,navigate,seyretmek,yönlendirmek,gezinmek,B2
6123,navigation,seyrüsefer,gezinme,navigasyon,B2
6124,navy,donanma,bahriye,lacivert,B2
6125,neat,düzenli,temiz,derli toplu,B2
6126,necessarily,mutlaka,zorunlu olarak,ister istemez,B2
6127,necessity,zorunluluk,ihtiyaç,gerek,B2
6128,needless,yersiz,gereksiz,lüzumsuz,B2
6129,needy,muhtaç,fakir,yoksul,B2
6130,negatively,olumsuz,menfi olarak,kötü yönde,B2
6131,neglect,ihmal,savsaklamak,ihmal etmek,B2
6132,neighboring/neighbouring,komşu,yakın,civardaki,B2
6133,neither,hiçbiri,ne o ne bu,da değil,B2
6134,nerve,sinir,cesaret,metanet,B2
6135,nerves,sinirler,gerginlik,heyecan,B2
6136,nervously,gergin bir şekilde,sinirli,ürkekçe,B2
6137,netsurfer/net surfer,net sörfçüsü,internet gezgini,ağ kullanıcısı,B2
6138,neurosis,nevroz,sinir hastalığı,ruhsal bozukluk,B2
6139,newscaster,haber spikeri,sunucu,haberci,B2
6140,obituary,ölüm ilanı,başsağlığı,vefat haberi,B2
6141,obligation,zorunluluk,mükellefiyet,borç,B2
6142,originate,kaynaklanmak,başlamak,ortaya çıkmak,B2
6143,ornament,süs,süslemek,dekor,B2
6144,ounce,ons,azıcık,az miktar,B2
6145,outback,ıssız bölge,taşra,vahşi doğa,B2
6146,outbreak,salgın,patlak verme,isyan,B2
6147,outcome,sonuç,netice,akıbet,B2
6148,outdistance,geride bırakmak,fark atmak,geçmek,B2
6149,outdo,alt etmek,geçmek,üstün gelmek,B2
6150,outfit,kıyafet,takım,donatım,B2
6151,outgrow,yaş büyütmek,giyemez duruma gelmek,aşmak geride bırakmak,B2
6152,outing,gezi,piknik,açığa vurma,B2
6153,outlet,çıkış,priz,satış mağazası,B2
6154,outlive,daha uzun yaşamak,sağ kalmak,atlambaş etmek,B2
6155,outlook,görünüm,bakış açısı,beklenti,B2
6156,outpatient,ayakta hasta,poliklinik hastası,gündüz hastası,B2
6157,output,çıktı,üretim,verim,B2
6158,outrage,öfke,rezalet,hakaret,B2
6159,outrageous,aşırı,rezil,kabul edilemez,B2
6160,outshine,gölgede bırakmak,parlak çıkmak,üstün gelmek,B2
6161,outsider,yabancı,yabancı kimse,şanssız,B2
6162,outskirts,banliyö,şehir kenarı,etraf,B2
6163,outwardly,dıştan,görünüşte,dışarıya doğru,B2
6164,oval,oval,yumurta biçiminde,beyzi,B2
6165,overall,genel,bütün,tulum,B2
6166,overboard,güverteden denize,denize düşen,aşırı düşkün,B2
6167,originally,aslında,ilk başta,özgün olarak,B2
6168,overcoat,palto,manto,üstlük,B2
6169,originality,özgünlük,asillik,yaratıcılık,B2
6170,organizer/organiser,düzenleyici,organizatör,ajanda,B2
6171,observer,gözlemci,izleyici,tetkikçi,B2
6172,obsess,kafaya takmak,rahatsız etmek,saplantı yapmak,B2
6173,obsession,saplantı,takıntı,tutku,B2
6174,obsessive,takıntılı,saplantılı,aşırı,B2
6175,odd,tek,garip,tuhaf,B2
6176,offend,gucendirmek,kırmak,suç işlemek,B2
6177,offender,suçlu,kabahatli,kanun kaçağı,B2
6178,offense/offence,suç,saldırı,gücenme,B2
6179,offhand,hazırlıksız,aniden,kayıtsız,B2
6180,offshore,açık denizde,kıyıdan uzak,vergi cenneti,B2
6181,ointment,merhem,krem,ilaçlı pomad,B2
6182,olive,zeytin,zeytin yeşili,zeytin ağacı,B2
6183,Olympia,Olimpiya,antik kent,oyun alanı,B2
6184,Olympiad,olimpiyat,spor şöleni,dört yıllık devre,B2
6185,openly,açıkça,açık açık,gizlemeden,B2
6186,operator,operatör,santralci,işletmeci,B2
6187,opponent,rakip,muhalif,karşıt,B2
6188,optimism,iyimserlik,optimizm,koyvermeme,B2
6189,optimist,iyimser,optimist,umut dolu,B2
6190,optimistic,iyimser,umutlu,olumlu,B2
6191,optional,seçmeli,isteğe bağlı,ihtiyari,B2
6192,orator,hatip,söz söyleyen,nutukçu,B2
6193,orchestral,orkestra,orkestraya ait,çalgısal,B2
6194,orchid,orkide,salep çiçeği,cins bitki,B2
6195,plot,arsa,komplo,konu,B2
6196,pluck,yolmak,koparmak,cesaret,B2
6197,rattle,tıkırtı,çıkırdamak,çocuk çıngırağı,B2
6198,ravage,yıkım,tahrip etmek,yağmalamak,B2
6199,reaction,tepki,reaksiyon,karşı koyma,B2
6200,readily,kolayca,istıhla,memnuniyetle,B2
6201,real estate,gayrimenkul,emlak,taşınmaz mal,B2
6202,realization/realisation,fark etme,gerçekleştirme,idrak etme,B2
6203,rear,arka,arka taraf,yetiştirmek,B2
6204,reasonably,makul ölçüde,uygun şekilde,oldukça,B2
6205,rebel,isyan etmek,asi,başkaldırmak,B2
6206,rebellious,asi,başkaldıran,itaatsiz,B2
6207,recession,ekonomik durgunluk,resesyon,gerileme,B2
6208,rash,döküntü,cilt kızarıklığı,ihtiyatsız,B2
6209,recipe,yemek tarifi,tarif,formül,B2
6210,recognition,tanıma,tanınma,takdir,B2
6211,recollect,hatırlamak,anımsamak,zihninde canlandırmak,B2
6212,recollection,anı,hatıra,hatırlama,B2
6213,recommendable,tavsiye edilir,önerilir,makbul,B2
6214,recommendation,tavsiye,öneri,referans,B2
6215,reconsider,yeniden düşünmek,gözden geçirmek,tekrar değerlendirmek,B2
6216,recreation,dinlenme,eğlence,rekreasyon,B2
6217,recruit,işe almak,askere almak,yeni üye,B2
6218,rectangular,dikdörtgen,dikdörtgen biçiminde,müstakim,B2
6219,redo,yeniden yapmak,baştan yapmak,tekrar düzenlemek,B2
6220,redundant,gereksiz,fazla,işten çıkarılmış,B2
6221,reed,kamış,saz,nefir,B2
6222,reckon,hesaplamak,tahmin etmek,sanmak,B2
6223,rape,tecavüz,ırza geçmek,yağma,B2
6224,ranger,korucu,akıncı,orman koruma memuru,B2
6225,quarantine,karantina,tecrit,karantinaya almak,B2
6226,quarrel,tartışma,kavga,atışmak,B2
6227,quarrelsome,kavurucu,dalavereci,kavgacı,B2
6228,queer,garip,tuhaf,eşcinsel,B2
6229,query,soru,sorgu,incelemek,B2
6230,quotable,iktibas edilebilir,alıntı yapılabilir,anılmaya değer,B2
6231,quotation,alıntı,iktibas,fiyat teklifi,B2
6232,quote,alıntı yapmak,fiyat vermek,aktarmak,B2
6233,racism,ırkçılık,ırk ayrımcılığı,üstün ırk inancı,B2
6234,racist,ırkçı,ırk ayrımcısı,ırkçılık yanlısı,B2
6235,rack,raf,askılık,işkence aleti,B2
6236,radar,radar,radyo dedektörü,izleme aygıtı,B2
6237,radiate,ışın saçmak,yaymak,etrafa yayılmak,B2
6238,radical,radikal,köklü,aşırı,B2
6239,radically,kökten,esaslı bir şekilde,radikal bir şekilde,B2
6240,radium,radyum,radyum elementi,Ra simgeli element,B2
6241,rafter,mertek,çatı kirişi,asma tavan kirişi,B2
6242,rag,çapaçul,bez parçası,eski bez,B2
6243,rainbow,gökkuşağı,alaimisafir,renk cümbüşü,B2
6244,rainstorm,yağmur fırtınası,şiddetli yağmur,sağanak fırtınası,B2
6245,rally,miting,toplanmak,canlanmak,B2
6246,ram,koç,çarpmak,RAM belleği,B2
6247,ramp,rampa,eğri geçit,meyilli yol,B2
6248,reference,referans,kaynak gösterme,tavsiye mektubu,B2
6249,referent,gönderge,işaret edilen,referans unsuru,B2
6250,refinery,tasfiyehane,rafineri,arıtma tesisi,B2
6251,reflective,düşünceli,yansıtıcı,aksettirici,B2
6252,remarkably,dikkat çekici şekilde,oldukça,olağanüstü,B2
6253,reminder,hatırlatıcı,anımsatıcı,ikaz,B2
6254,rental,kiralık,kira,kiralama,B2
6255,reorganize/reorganise,yeniden düzenlemek,yapılandırmak,çekidüzen vermek,B2
6256,repaint,yeniden boyamak,boyasını yenilemek,tekrar boya vurmak,B2
6257,repertoire,repertuar,dağarcık,oyun listesi,B2
6258,repetition,tekrar,yineleme,tekrar etme,B2
6259,replacement,değiştirme,yerine koyma,yedek,B2
6260,replica,kopya,replika,benzeri,B2
6261,repress,baskı altında tutmak,bastırmak,engellemek,B2
6262,repression,baskı,bastırma,zulüm,B2
6263,reprint,yeniden basım,tekrar basmak,yeniden neşretmek,B2
6264,reprove,azarlamak,paylamak,kınamak,B2
6265,residence,ikametgah,konut,ikamet,B2
6266,resign,istifa etmek,grevden vazgeçmek,görevden ayrılmak,B2
6267,resignation,istifa,istifa dilekçesi,boyun eğme,B2
6268,resistance,direnç,direniş,mukavemet,B2
6269,resolution,çözünürlük,karar,çözüm,B2
6270,resonant,çınlayan,yankılanan,akisli,B2
6271,respectably,saygın bir şekilde,dürüstçe,uygun biçimde,B2
6272,respected,saygın,hürmet gören,itibarlı,B2
6273,respiration,solunum,nefes alıp verme,teneffüs,B2
6274,respiratory,solunumla ilgili,teneffüsi,solunum,B2
6275,restriction,kısıtlama,tahdit,sınırlama,B2
6276,resume,özgeçmiş,yeniden başlamak,kaldığı yerden sürdürmek,B2
6277,quantify,miktarını belirtmek,sayısallaştırmak,ölçmek,B2
6278,remains,kalıntılar,artıklar,naaş,B2
6279,reluctant,isteksiz,gönülsüz,çekingen,B2
6280,reform,reform,ıslahat,iyileştirmek,B2
6281,refrain,kaçınmak,sakınmak,nakarat,B2
6282,refresh,yenilemek,tazelenmek,canlandırmak,B2
6283,refuge,sığınak,barınak,kaçış yeri,B2
6284,refugee,mülteci,sığınmacı,kaçkın,B2
6285,refute,çürütmek,yanlışlığını kanıtlamak,itiraz etmek,B2
6286,regardless,ne olursa olsun,alındırmadan,bakılmaksızın,B2
6287,reggae,reggae müziği,regae,jamaika müziği,B2
6288,regime,rejim,düzen,yönetim biçimi,B2
6289,regrettably,maalesef,ne yazık ki,teessüf edilecek şekilde,B2
6290,regulate,düzenlemek,kontrol etmek,kurala bağlamak,B2
6291,rehearsal,prova,alıştırma,tekrar,B2
6292,reinforce,güçlendirmek,takviye etmek,pekiştirmek,B2
6293,reinforcement,takviye,güçlendirme,destek kuvvet,B2
6294,rejection,red,geri çevirme,reddetme,B2
6295,rejoin,yeniden katılmak,birleşmek,karşılık vermek,B2
6296,related,ilişkili,alakalı,akraba,B2
6297,relativity,görelilik,izafiyet,görelilik teorisi,B2
6298,relaxation,rahatlama,gevşeme,dinlenme,B2
6299,relay,röle,aktarmak,bayrak yarışı,B2
6300,relevant,konuyla ilgili,alakalı,münasip,B2
6301,relic,kalan şey,eser,kutsal emanet,B2
6302,relief,rahatlama,yardım,kabartma,B2
6303,relieve,rahatlatmak,hafifletmek,gidermek,B2
6304,relieved,rahatlamış,ferahlamış,içi rahat,B2
6305,remaining,kalan,artakalan,geriye kalan,B2
6306,qualification,nitelik,yeterlilik,vasıf,B2
6307,puzzled,kafası karışmış,şaşkın,duraksamış,B2
6308,pursuit,kovalama,arayış,peşinde olma,B2
6309,practicality,pratiklik,kullanışlılık,uygulanabilirlik,B2
6310,practically,neredeyse,pratik olarak,fiilen,B2
6311,prance,çalımla yürüme,şaha kalkma,sıçrayarak adım,B2
6312,prawn,karides,iri karides,deniz mahsulü,B2
6313,precede,önce gelmek,öncesinde olmak,başa geçmek,B2
6314,precisely,kesinlikle,tam olarak,aynen,B2
6315,predicament,açmaz,zor durum,çıkmaz,B2
6316,predicate,yüklem,dayandırmak,ileri sürmek,B2
6317,predicative,yüklemsel,tümleç durumunda,nitelik bildiren,B2
6318,predictable,tahmin edilebilir,öngörülebilir,olağan,B2
6319,predictive,tahmini,önceden bildiren,kestirimci,B2
6320,predictor,öngörücü,tahmin aracı,belirleyici,B2
6321,prefect,vali,kaymakam,okul başkanı,B2
6322,preferable,tercih edilebilir,daha iyi,yeğ,B2
6323,preferably,tercihen,daha iyi olur,yeğlenir,B2
6324,prehistoric,tarih öncesi,çok eski,ilkel,B2
6325,prehuman,insan öncesi,ilk insan,insansı evre,B2
6326,preindustrial,sanayi öncesi,endüstri öncesi,tarım toplumu,B2
6327,prejudge,peşin hüküm vermek,önyargıyla yaklaşmak,peşin yargı,B2
6328,preliminary,ön hazırlık,giriş niteliğinde,ön eleme,B2
6329,preoccupy,zihnini kurcalamak,meşgul etmek,önceden kaplamak,B2
6330,prescribe,reçete yazmak,kural koymak,tayin etmek,B2
6331,presenter,sunucu,sunum yapan,takdimci,B2
6332,presidency,başkanlık,cumhurbaşkanlığı,reislik,B2
6333,presidential,başkanlık,devlet başkanlığı,başkanla ilgili,B2
6334,powerfully,güçlü bir şekilde,etkili biçimde,kuvvetle,B2
6335,prestige,prestij,saygınlık,itibar,B2
6336,potentially,potansiyel olarak,olası,mümkün mertebe,B2
6337,plum,erik,koyu mor,değerli fırsat,B2
6338,gloomy,karanlık,kasvetli,umutsuz,B2
6339,pneumonia,zatürre,akciğer iltihabı,pnömoni,B2
6340,point of view,bakış açısı,görüş,fikir,B2
6341,pointless,anlamsız,boşuna,faydasız,B2
6342,polar bear,kutup ayısı,beyaz ayı,arıktik ayı,B2
6343,polio,çocuk felci,poliomiyelit,felç hastalığı,B2
6344,polish,cilalamak,parlatmak,cila,B2
6345,politeness,kibar,naziklik,nezaket,B2
6346,politically,siyasi olarak,politik açıdan,siyaseten,B2
6347,polity,devlet düzeni,siyasi yapı,yönetim biçimi,B2
6348,polo,polo,polo sporu,su topu,B2
6349,ponder,derin derin düşünmek,tartmak,akıl yormak,B2
6350,popularity,popülerlik,tutulma,gözde olma,B2
6351,popularize/popularise,popülerleştirmek,yaygınlaştırmak,sevdirmek,B2
6352,porch,veranda,giriş,sofa,B2
6353,portion,porsiyon,bölüm,kısım,B2
6354,pose,poz vermek,oluşturmak,tehdit oluşturmak,B2
6355,posh,lüks,1. sınıf,varsıl,B2
6356,possessed,cin çarpmış,kendinden geçmiş,sahipli,B2
6357,postal,posta ile ilgili,posta,kartpostal,B2
6358,postpone,ertelemek,geciktirmek,asıya almak,B2
6359,potent,güçlü,etkili,kudretli,B2
6360,mystify,şaşırtmak,gizemli kılmak,kafasını karıştırmak,B2
6361,prestigious,saygın,prestijli,itibarlı,B2
6362,prompt,çabuk,neşet ettirmek,hatırlatmak,B2
6363,promptly,derhal,ivedilikle,tam vaktinde,B2
6364,proponent,taraftar,savunucu,destekçi,B2
6365,proposed,önerilen,tasarlanan,teklif edilen,B2
6366,prose,düzyazı,nesir,sıradanlık,B2
6367,prosecute,dava açmak,kovuşturmak,yargılamak,B2
6368,prospect,olasılık,ihtimal,beklenti,B2
6369,prosper,refaha ermek,başarılı olmak,zenginleşmek,B2
6370,proudly,gururla,kürrekle,övgüyle,B2
6371,proven,kanıtlanmış,ispatlanmış,sınanmış,B2
6372,province,il,vilayet,eyalet,B2
6373,provision,karşılık,hüküm,tedarik,B2
6374,proximity,yakınlık,civar,ulaşılabilirlik,B2
6375,psychologically,psikolojik olarak,ruhen,zihinsel açıdan,B2
6376,psychology,psikoloji,ruh bilimi,ruhsal yapı,B2
6377,publication,yayın,neşriyat,basım,B2
6378,publicity,reklam,tanıtım,kamuoyu,B2
6379,publicize/publicise,duyurmak,tanıtmak,reklamını yapmak,B2
6380,pudding,puding,tatlı,muhallebi,B2
6381,pulse,nabız,atış,bakliyat,B2
6382,pumpkin,bal kabağı,kabak,bostan,B2
6383,punch,yumruk,delgeç,yumruklamak,B2
6384,punctual,dakik,zamanında,vaktinde,B2
6385,punctuality,dakiklik,zamanında olma,titizlik,B2
6386,purchase,satın alma,alım,satın almak,B2
6387,purposeful,amaçlı,kararlı,bilinçli,B2
6388,prominence,önem,göze çarpma,şöhret,B2
6389,presumably,muhtemelen,tahminen,anlaşılan,B2
6390,prom,mezuniyet balosu,balo,gece,B2
6391,project,proje,tasarı,tasarlamak,B2
6392,prevail,hüküm sürmek,üstün gelmek,yaygın olmak,B2
6393,prevention,önleme,korunma,engelleme,B2
6394,preventive,önleyici,koruyucu,mani olan,B2
6395,previously,önceden,daha önce,evvelce,B2
6396,priceless,paha biçilmez,çok değerli,kıymetli,B2
6397,prick,iğne batırmak,sokmak,diken,B2
6398,primary,birincil,başlıca,temel,B2
6399,prime,asal,başlıca,en iyi,B2
6400,prime minister,başbakan,hükümet lideri,başvekil,B2
6401,prior,önceki,kıdemli,öncelikli,B2
6402,priority,öncelik,üstünlük,başlıca iş,B2
6403,privately,özel olarak,gizlice,şahsen,B2
6404,privilege,ayrıcalık,imtiyaz,lüks,B2
6405,probable,muhtemel,olası,akla yakın,B2
6406,probe,soruşturmak,sonda,araştırma,B2
6407,procedure,prosedür,işlem,yöntem,B2
6408,profile,profil,özet bilgi,yandan görünüş,B2
6409,profit,kâr,kazanç,yararlanmak,B2
6410,profitable,kârlı,kazançlı,faydalı,B2
6411,programmer,programcı,yazılımcı,düzenleyen,B2
6412,programming,programlama,yazılımcılık,yayın akışı,B2
6413,prohibit,yasaklamak,men etmek,engellemek,B2
6414,projection,öngörü,projeksiyon,tahmin,B2
6415,mutton,koyun eti,koyun,et,B2
6416,plumber,tesisatçı,sıhhi tesisatçı,su tesisatçısı,B2
6417,mutable,değişken,değişebilir,kararsız,B2
6418,impulsive,dürtüsel,anlık heves,gelişigüzel,B2
6419,inaccurate,hatalı,yanlış,kusurlu,B2
6420,inadequate,yetersiz,eksik,noksan,B2
6421,inanimate,cansız,ruhsuz,canlısız,B2
6422,inborn,doğuştan,fıtri,yaratılıştan,B2
6423,incense,tütsü,öfkelendirmek,kızdırmak,B2
6424,incentive,teşvik,özendirici,cazip unsur,B2
6425,incur,uğramak,maruz kalmak,borçlanmak,B2
6426,incurable,tedavi edilemez,kronik,iyileşmez,B2
6427,indebted,borçlu,minnettar,şükran dolu,B2
6428,indent,girinti,içeri almak,sipariş etmek,B2
6429,impulse,dürtü,anlık istek,itki,B2
6430,independently,bağımsız olarak,tek başına,özgürce,B2
6431,index,endeks,fihrist,işaret parmağı,B2
6432,indifferent,kayıtsız,alakasız,vasat,B2
6433,indignity,aşağılanma,onur kırıklığı,hakaret,B2
6434,indispensable,vazgeçilmez,zorunlu,gerekli,B2
6435,indulge,şımartmak,kendini kaptırmak,tadını çıkarmak,B2
6436,indulgent,hoşgörülü,tavizkâr,şımartan,B2
6437,industrialize/industrialise,sanayileşmek,endüstrileştirmek,fabrikalaşmak,B2
6438,ineffective,etkisiz,yetersiz,verimsiz,B2
6439,inert,eylemsiz,hareketsiz,asal,B2
6440,inexperienced,deneyimsiz,acemi,tecrübesiz,B2
6441,infant,bebek,süt çocuğu,küçük çocuk,B2
6442,indescribable,anlatılamaz,tarifsiz,tasvir edilemez,B2
6443,improved,geliştirilmiş,iyileşmiş,düzeltilmiş,B2
6444,improperly,uygunsuz şekilde,yanlış,hata ile,B2
6445,improbable,olasılığı düşük,imkansıza yakın,inanılmaz,B2
6446,illustrate,örneklemek,resimlemek,açıklamak,B2
6447,illustration,resimleme,örnek,illüstrasyon,B2
6448,imagery,imgelem,görsel betimleme,mecazlar,B2
6449,imitation,taklit,öykünme,sahte,B2
6450,immerse,daldırmak,kendini kaptırmak,suya batırmak,B2
6451,immigrant,göçmen,muhacir,yerleşmen,B2
6452,immoral,ahlaksız,töresiz,namussuz,B2
6453,immortal,ölümsüz,ebedi,kalıcı,B2
6454,immortality,ölümsüzlük,ebedilik,kalıcılık,B2
6455,impartial,tarafsız,yansız,adil,B2
6456,impatiently,sabırsızlıkla,sabırsızca,telâşla,B2
6457,imperative,zorunlu,emir kipi,elzem,B2
6458,impermanent,geçici,kalıcı olmayan,fani,B2
6459,implement,uygulamak,hayata geçirmek,araç gereç,B2
6460,implication,çıkarım,ima,ulaşan sonuç,B2
6461,imply,ima etmek,anlamına gelmek,kastetmek,B2
6462,impolite,kaba,nezaketsiz,saygısız,B2
6463,impolitely,kaba bir şekilde,nezaketsizce,saygısızca,B2
6464,import,ithal etmek,ithalat,önem,B2
6465,impose,dayatmak,vergi koymak,zorla kabul ettirmek,B2
6466,impossibility,imkansızlık,olmazlık,olabilirlik yokluğu,B2
6467,impractical,pratik olmayan,kullanışsız,gerçekçi olmayan,B2
6468,impressed,etkilenmiş,hayran kalmış,müteetsir,B2
6469,impressionism,izlenimcilik,empresyonizm,göze çarpıcılık,B2
6470,impressionist,izlenimci,empresyonist,gözlemci sanatçı,B2
6471,imprison,hapse atmak,tutuklamak,hapsitmek,B2
6472,imprisonment,hapis,tutukluluk,mahkumiyet,B2
6473,infect,bulaştırmak,enfekte etmek,mikroplamak,B2
6474,infected,enfekte,mikroplu,hastalık kapmış,B2
6475,infectious,bulaşıcı,salgın,geçici,B2
6476,infer,sonuç çıkarmak,anlamak,çıkarsamak,B2
6477,institution,kurum,kuruluş,tesis,B2
6478,instruct,talimat vermek,eğitmek,öğretmek,B2
6479,insufficient,yetersiz,kâfi gelmeyen,eksik,B2
6480,insult,hakaret etmek,aşağılamak,küfür,B2
6481,integrate,bütünleştirmek,entegre etmek,kaynaştırmak,B2
6482,intellectual,entelektüel,aydın,fikri,B2
6483,intent,niyet,amaç,kast,B2
6484,interactive,etkileşimli,karşılıklı,interaktif,B2
6485,interfere,müdahale etmek,karışmak,engel olmak,B2
6486,interior,iç kısım,dahili,iç mekân,B2
6487,interpersonal,kişilerarası,bireyler arası,sosyal ilişkisel,B2
6488,interpret,yorumlamak,tercüme etmek,anlamlandırmak,B2
6489,interpretation,yorum,çeviri,açıklama,B2
6490,interpreter,çevirmen,mütercim,yorumcu,B2
6491,interruption,kesinti,ara,söz kesme,B2
6492,intersection,kavşak,kesişim,kesişme noktası,B2
6493,intimate,samimi,özel,yakın,B2
6494,intransitive,geçişsiz,nesne almayan,intransitif,B2
6495,intravenous,damar içi,intravenöz,damardan,B2
6496,intrude,zorla girmek,rahatsız etmek,burnunu sokmak,B2
6497,intruder,davetsiz misafir,soyguncu,izinsiz giren,B2
6498,intrusion,izinsiz giriş,müdahale,tecavüz,B2
6499,invariable,değişmez,sabit,daimi,B2
6500,invariably,mutlaka,her zaman,değişmez bir şekilde,B2
6501,inventor,mucit,kaşif,buluşçu,B2
6502,inverted commas,tırnak işareti,kesme işareti,aktarma imi,B2
6503,investigate,araştırmak,soruşturmak,incelemek,B2
6504,instinct,içgüdü,sezgi,yaradılış,B2
6505,ignorant,cahil,bilgisiz,habersiz,B2
6506,instill/instil,aşılamak,damlatmak,zerk etmek,B2
6507,inspirational,ilham verici,esin kaynağı,uyarıcı,B2
6508,inference,çıkarım,netice,sonuç,B2
6509,inflammation,iltihap,yangı,tahriş,B2
6510,inflammatory,iltihaplı,kışkırtıcı,tahrik edici,B2
6511,inflate,şişirmek,kabartmak,fiyatı artırmak,B2
6512,inflation,enflasyon,şişme,hayat pahalılığı,B2
6513,influential,etkili,sözü geçer,nüfuzlu,B2
6514,influenza,grip,paçavra gribi,paçavra hastalığı,B2
6515,informal,resmi olmayan,samimi,günlük dil,B2
6516,infringe,çiğnemek,ihlal etmek,tecavüz etmek,B2
6517,infringement,ihlal,çiğneme,tecavüz,B2
6518,inhabit,yaşamak,ikamet etmek,mesken tutmak,B2
6519,inherit,mirasa konmak,kalıtım almak,devralmak,B2
6520,initiative,girişim,inisiyatif,ilk adım,B2
6521,injection,iğne,enjeksiyon,vurma,B2
6522,injured,yaralı,incinmiş,sakat,B2
6523,innate,doğuştan,fıtri,yaradılıştan,B2
6524,innocently,masumca,günahsızca,safça,B2
6525,innovation,yenilik,inovasyon,buluş,B2
6526,innovative,yenilikçi,yaratıcı,modern,B2
6527,input,girdi,katkı,veri girişi,B2
6528,inquire/enquire,soruşturmak,araştırmak,sormak,B2
6529,inseparable,ayrılmaz,bölünmez,kopmaz,B2
6530,inspect,denetlemek,teftiş etmek,incelemek,B2
6531,inspector,müfettiş,denetçi,komiser,B2
6532,instantly,anında,hemen,derhal,B2
6533,ignorance,cahillik,bilgisizlik,habersizlik,B2
6534,idle,atıl,aylak,boşta,B2
6535,idiot,aptal,salak,ahmak,B2
6536,guerrilla,gerilla,çete savaşı,direnişçi,B2
6537,guideline,kılavuz,yönerge,ilke,B2
6538,gulp,yutkunmak,hızlıca içmek,yudum,B2
6539,gum,diş eti,sakız,yapıştırıcı,B2
6540,gunshot,kurşun yarası,silah sesi,atış,B2
6541,guts,cesaret,bağırsaklar,yürek,B2
6542,gymnastic,jimnastik,cimnastik,beden eğitimi,B2
6543,habitant,oturan,sakin,yerli,B2
6544,hail,dolu,selamlamak,yağmur gibi yağmak,B2
6545,hairy,tüylü,kıllı,tehlikeli,B2
6546,handicap,engel,sakatlık,dezavantaj,B2
6547,handicraft,el sanatı,el emeği,zanaat,B2
6548,handout,ders notu,bildiri,sadaka,B2
6549,handrail,korkuluk,küpeşte,tutamak,B2
6550,hard drive,sabit disk,harddisk,bellek,B2
6551,hardware,donanım,bilgisayar donanımı,hırdavat,B2
6552,harmless,zararsız,incitmez,kötülüksüz,B2
6553,harrow,tırmık,tırmıklamak,yıpratmak,B2
6554,haste,acele,telaş,ivedilik,B2
6555,hastily,aceleyle,telaşla,üstünkörü,B2
6556,hatching,kuluçka,çıkma,tarama,B2
6557,haunting,akıldan çıkmayan,unutulmaz,hüzünlü,B2
6558,hay,kuru ot,çayır otu,saman,B2
6559,hazardous,tehlikeli,riskli,zararlı,B2
6560,growing,büyüyen,artan,gelişen,B2
6561,mutter,mırıldanmak,söylenmek,mıstır,B2
6562,glow,parıltı,kor,parıldamak,B2
6563,goat,keçi,teke,oğlak,B2
6564,god,tanrı,ilah,yaradan,B2
6565,godly,dindar,tanrısal,takva,B2
6566,goodwill,iyi niyet,şerefiye,dostluk,B2
6567,gook,pislik,yapışkan şey,çamur,B2
6568,gorge,kanyon,boğaz,tıkınmak,B2
6569,governmental,hükümete ait,devletle ilgili,resmi,B2
6570,gracefulness,zarafet,incelik,çekicilik,B2
6571,gradual,kademeli,aşamalı,yavaş yavaş,B2
6572,grain,tahıl,tanecik,parçacık,B2
6573,grand,görkemli,büyük,muhteşem,B2
6574,graphically,grafiksel olarak,canlı bir şekilde,açıkça,B2
6575,grasp,kavramak,tutmak,anlamak,B2
6576,gravestone,mezar taşı,baş taşı,hitabe,B2
6577,gravitation,yerçekimi,çekim,çekim gücü,B2
6578,greatness,büyüklük,yücelik,üstünlük,B2
6579,grief,keder,üzüntü,yas,B2
6580,grieve,yas tutmak,üzülmek,üzmek,B2
6581,grim,acı,sert,korkunç,B2
6582,grin,sırıtmak,diş göstererek gülmek,sırıtış,B2
6583,grip,kavrama,tutuş,gribal enfeksiyon,B2
6584,gross,brüt,kaba,iğrenç,B2
6585,grown-up,yetişkin,büyük,olgun,B2
6586,investigator,müfettiş,araştırmacı,tahkikatçı,B2
6587,headquarters,merkez,karargah,idare merkezi,B2
6588,heap,yığın,küme,yığmak,B2
6589,housewife,ev hanımı,ev kadını,anaç,B2
6590,hover,havada durmak,gezinmek,tereddüt etmek,B2
6591,hugely,aşırı derecede,çok büyük ölçüde,devasa,B2
6592,human rights,insan hakları,temel haklar,yaşam hakkı,B2
6593,humane,insani,merhametli,şefkatli,B2
6594,humanist,hümanist,insancı,insancıl,B2
6595,humanize/humanise,insancıllaştırmak,medenileştirmek,insani kılmak,B2
6596,humble,alçakgönüllü,mütevazı,sıradan,B2
6597,humbug,sahtekarlık,aldatmaca,düzenbaz,B2
6598,humiliate,aşağılamak,küçük düşürmek,onurunu kırmak,B2
6599,humiliating,aşağılayıcı,küçük düşürücü,utandırıcı,B2
6600,humiliation,aşağılanma,rezillik,haysiyet kırılması,B2
6601,hunting,avlanma,av,arama,B2
6602,hush,susma,sessizlik,susturma,B2
6603,hybrid,melez,karma,bileşik,B2
6604,hygiene,hijyen,sağlık bilgisi,temizlik,B2
6605,hyperbole,abartma,mübalağa,aşırı ifade,B2
6606,hyphen,kısa çizgi,tire,bağlantı işareti,B2
6607,iceman,buz adam,kardan adam,buzul insanı,B2
6608,icon,ikon,simge,sembol,B2
6609,icy,buzlu,buz gibi,soğuk,B2
6610,ideally,ideal olarak,en iyisi,fikren,B2
6611,identical,özdeş,aynı,birebir,B2
6612,identification,kimlik,tanımlama,teşhis,B2
6613,identify,tanımlamak,teşhis etmek,özdeşleştirmek,B2
6614,ideology,ideoloji,fikir bilimi,düşünce sistemi,B2
6615,housemaster,pansiyon müdürü,baba,ev idarecisi,B2
6616,health care,sağlık hizmeti,sağlık bakımı,tedavi,B2
6617,housekeeper,ev kâhyası,temizlikçi,ev idarecisi,B2
6618,hospitalize/hospitalise,hastaneye yatırmak,tedaviye almak,yatış yapmak,B2
6619,heartbreaking,yürek burkan,üzücü,kalp kıran,B2
6620,heartwarming/heart-warming,iç ısıtan,sevindirici,duygulandırıcı,B2
6621,hedge,çit,engel,önlem almak,B2
6622,helicopter,helikopter,döner kanat,hava taşıtı,B2
6623,hell,cehennem,azap,kahrolası,B2
6624,helper,yardımcı,muavin,destekçi,B2
6625,hemp,kenevir,kendir,urgan,B2
6626,herb,ot,şifalı bitki,baharat,B2
6627,heritage,miras,kalıt,tarihi emanet,B2
6628,hesitation,tereddüt,duraksama,çekince,B2
6629,high-tech/hi-tech,yüksek teknoloji,ileri teknolojik,teknolojik,B2
6630,hijack,kaçırmak,uçağı kaçırmak,zorla ele geçirmek,B2
6631,hilarious,komik,neşe veren,gülünç,B2
6632,hint,ipucu,ima,tüyo,B2
6633,holder,sahip,tutacak,muhafaza,B2
6634,hollow,kovuk,boş,çukur,B2
6635,holocaust,soykırım,büyük kıyım,felaket,B2
6636,homeward,eve doğru,eve yönelen,yurt yolu,B2
6637,hone,bilemek,mükemmelleştirmek,keskinleştirmek,B2
6638,honorable/honourable,onurlu,şerefli,saygın,B2
6639,hood,kapüşon,başlık,kaput,B2
6640,hook,çengel,kanca,olta iğnesi,B2
6641,hospice,huzurevi,bakımevi,misafirhane,B2
6642,hospitable,konuksever,misafirperver,elverişli,B2
6643,hospitality,konukseverlik,misafirperverlik,ağırlama,B2
6644,hourly,saatlik,saat başı,daimi,B2
6645,investment,yatırım,anapara,bağlantı,B2
6646,idolize/idolise,putlaştırmak,ilahlaştırmak,çok sevmek,B2
6647,invisible,görünmez,saklı,kayıp,B2
6648,mausoleum,anıtmezar,türbe,mozole,B2
6649,means,araç,imkân,gelir,B2
6650,mechanize/mechanise,makineleştirmek,mekanize etmek,donatmak,B2
6651,media,medya,basın yayın,kitle iletişim araçları,B2
6652,medication,ilaç,ilaç tedavisi,medikasyon,B2
6653,medieval/mediaeval,orta çağ,orta çağa ait,eski moda,B2
6654,mediocre,sıradan,orta kalitede,vasat,B2
6655,melody,melodi,ezgi,nağme,B2
6656,memorial,anıt,anıtsal,hatıra,B2
6657,mentor,akıl hocası,rehber,danışman,B2
6658,merchandise,ticaret malı,ürün,eşya,B2
6659,mercy,merhamet,acıma,bağışlama,B2
6660,merge,birleşmek,kaynaşmak,bütünleşmek,B2
6661,merger,birleşme,şirket birleşmesi,kaynaşma,B2
6662,messenger,haberci,kurye,elçi,B2
6663,metaphor,metafor,eğretileme,mecaz,B2
6664,metric,metrik,ölçü birimi,ölçüsel,B2
6665,micro,mikro,çok küçük,minik,B2
6666,microbe,mikrop,bakteri,mikroorganizma,B2
6667,microcomputer,mikrobilgisayar,kişisel bilgisayar,küçük bilgisayar,B2
6668,micrometer/micrometre,mikrometre,mikron,ölçü aleti,B2
6669,microorganism,mikroorganizma,tek hücreli canlı,mikrop,B2
6670,microphone,mikrofon,ses alıcısı,mikro,B2
6671,microscope,mikroskop,büyüteç,inceleme aracı,B2
6672,microscopy,mikroskopi,mikroskop incelemesi,mikroskobik tetkik,B2
6673,mature,olgun,yetişkin,vadesi gelen,B2
6674,microwave,mikrodalga,mikrodalga fırın,radyo dalgası,B2
6675,mathematical,matematiksel,matematiğe ait,kesin,B2
6676,mastery,ustalık,hakimiyet,mükemmellik,B2
6677,madame,bayan,madam,hanımefendi,B2
6678,madness,delilik,çılgınlık,akılsızlık,B2
6679,maestro,müzik üstadı,şef,maestro,B2
6680,magnify,büyütmek,abartmak,önemli göstermek,B2
6681,malady,hastalık,dert,rahatsızlık,B2
6682,malaria,sıtmaya,sıtma hastalığı,humma,B2
6683,mama/mamma,anne,ana,mama,B2
6684,mango,mango,mango meyvesi,tropikal meyve,B2
6685,manipulate,yönlendirmek,idare etmek,hile yapmak,B2
6686,mansion,malikane,köşk,konak,B2
6687,manual,el kitabı,elle yapılan,manuel,B2
6688,manufacture,üretmek,imal etmek,imalat,B2
6689,manufacturer,üretici,imalatçı,sanayici,B2
6690,manufacturing,imalat,üretim,sanayi,B2
6691,marathon,maraton,uzun koşu,dayanıklılık yarışı,B2
6692,margin,kenar,pay,marj,B2
6693,marketing,pazarlama,pazarlamacılık,satış geliştirme,B2
6694,martial art,uzak doğu sporu,savunma sanatı,dövüş sanatı,B2
6695,mask,maske,gizlemek,maskelemek,B2
6696,massacre,katliam,toplu kıyım,kırgın,B2
6697,massage,masaj,ovma,masaj yapmak,B2
6698,masseur,masör,masaj uzmanı,erkek masöz,B2
6699,master,usta,efendi,yüksek lisans,B2
6700,masterpiece,başyapıt,şaheser,ustalık eseri,B2
6701,mate,"arkadaş, dost","eş, çift","kanka, meslektaş",B2
6702,madam,"bayan, hanımefendi","kadın, hanım",madam,B2
6703,midst,"orta, ortalık","arasında, içinde","merkez, ortası",B2
6704,migration,"göç, göç etme","taşınma, yer değiştirme","akın, göçüş",B2
6705,moonscape,ay manzarası,ay yüzeyi,çorak arazi,B2
6706,morality,"ahlak, ahlakçılık","töre, maneviyat",etik kurallar,B2
6707,morally,"ahlaken, manevi olarak",ahlaki yönden,vicdanen,B2
6708,mortal,"lümlü, ölen","ölümcül, ezeli","canlı, insan",B2
6709,mortar,"harç, sıva","havan, top",bağlantı maddesi,B2
6710,mortgage,"ipotek, konut kredisi","borçlanma, ipotek etmek",ev kredisi,B2
6711,mortify,"utandırmak, mahcup etmek",gururunu kırmak,eziyet etmek,B2
6712,mother-in-law,"kayınvalide, kaynana",kaynata eşin annesi,kayın ana,B2
6713,motion,"hareket, hamle","önerge, teklif","işaret, jest",B2
6714,motivated,"motive olmuş, istekli","güdümlü, hevesli",gayretli,B2
6715,motorbike,"motosiklet, motor",motorlu bisiklet,iki tekerlekli,B2
6716,motorist,"sürücü, şoför",motorlu araç sürücüsü,otomobilci,B2
6717,mournful,"yaslı, kederli","hüzünlü, üzgün",matemli,B2
6718,mover,"nakliyeci, taşıyıcı",önerge sahibi,etken güç,B2
6719,moving,"dokunaklı, etkileyici","hareketli, taşınma",yer değiştirme,B2
6720,muddy,"çamurlu, bulantılı","bulanık, pis",net olmayan,B2
6721,multiple,"çoklu, kat","çeşitli, müteaddit",kombine,B2
6722,multiply,"çarpmak, çoğaltmak","artmak, çoğalmak",üremek,B2
6723,mumble,"mırıldanmak, gevelemek",anlaşılmaz konuşmak,söylenmek,B2
6724,murmur,"mırıltı, fısıltı","hışırtı, uğultu",yakınma,B2
6725,muse,düşünceye dalmak,ilham perisi,derin düşünmek,B2
6726,investor,"yatırımcı, sermayedar",finansör,para yatıran,B2
6727,mustache/moustache,bıyık,bıyık kıl,üst dudak tüyü,B2
6728,mutability,değişkenlik,kararsızlık,değişebilirlik,B2
6729,moonlight,"ay ışığı, mehtap",gece aydınlığı,ayaz ışık,B2
6730,mighty,"kudretli, güçlü","azman, ulu",kuvvetli,B2
6731,moody,"huysuz, alıngan","kaprisli, melankolik",değişken ruhlu,B2
6732,momentary,"anlık, geçici",bir anlık,kısa süreli,B2
6733,mill,"değirmen, fabrika",talaş makinesi,öğütmek,B2
6734,millimeter/millimetre,milimetre,mm ölçü birimi,küçük ölçü,B2
6735,millionaire,milyoner,çok zengin kişi,varlıklı,B2
6736,mimic,taklit etmek,mimik,öykünmek,B2
6737,miniature,"minyatür, minik",küçük ölçekli,ufak,B2
6738,minister,"bakan, papaz","rahip, elçi",görevli,B2
6739,mint,"nane, darphane","taze, kusursuz",para basmak,B2
6740,misconception,yanlış anlama,"yanılgı, yanlış fikir",hatalı kanı,B2
6741,misfortune,"talihsizlik, şanssızlık","felaket, musibet",kötü şans,B2
6742,misleading,"yanıltıcı, aldatıcı",şüphe uyandıran,hataya sürükleyen,B2
6743,missile,"füze, güdümlü mermi",atılan cisim,roket,B2
6744,mist,"sis, pus","buğu, hafif duman",gözyaşı perdesi,B2
6745,mistreat,kötü davranmak,"hırpalamak, zulmetmek",istismar etmek,B2
6746,mistrustful,"güvensiz, kuşkucu",şüpheci,inanmayan,B2
6747,misunderstand,yanlış anlamak,yanlış yorumlamak,idrak edememek,B2
6748,mixture,"karışım, entegrasyon","alaşım, bileşim",harman,B2
6749,mobility,"hareketlilik, mobilite",akışkanlık,taşınabilirlik,B2
6750,mock,"alay etmek, dalga geçmek","sahte, taklit",prova sınavı,B2
6751,modernization/modernisation,modernleşme,çağdaşlaştırma,yenileştirme,B2
6752,modernize/modernise,modernleştirmek,çağdaşlaştırmak,yenilemek,B2
6753,modest,alçakgönüllü,mütevazı,ölçülü,B2
6754,modification,değişiklik,tadilat,modifikasyon,B2
6755,mogul,mogul,güçlü kimse,medya patronu,B2
6756,mold/mould,kalıp,küf,şekillendirmek,B2
6757,momentarily,anlık olarak,bir an,her an,B2
6758,monastery,manastır,keşişhane,rahibe manastırı,B2
6759,lyrics,şarkı sözleri,güfte,lirik şiirler,B2
6760,microscopic,mikroskobik,çok küçük,görünmez,B2
6761,keeper,bekçi,koruyucu,kaleci,B2
6762,kerosene,gazyağı,kerosen,gaz,B2
6763,keystroke,tuş vuruşu,tuşa basma,tuşlama,B2
6764,kneel,diz çökmek,çömelmek,dize gelmek,B2
6765,knot,düğüm,boğum,deniz mili,B2
6766,knowingly,bilerek,kasten,farkında olarak,B2
6767,known,bilinen,tanınmış,malum,B2
6768,label,etiket,etıketlemek,yafta,B2
6769,laborer/labourer,amele,işçi,günlükçü,B2
6770,lame,topal,aksak,inandırıcısız,B2
6771,lance,mızrak,kargı,lanset,B2
6772,karaoke,karaoke,müzikli eğlence,şarkı söyleme,B2
6773,landing,iniş,iskele,merdiven sahanlığı,B2
6774,landslide,heyelan,toprak kayması,ezici zafer,B2
6775,lap,kucak,tur,diz,B2
6776,laptop,dizüstü bilgisayar,taşınabilir PC,laptop,B2
6777,lark,tarda,tarlakuşu,şaka,B2
6778,laser,lazer,lazer ışını,lazer cihazı,B2
6779,last minute,son dakika,son an,son gün,B2
6780,lastly,en son,son olarak,netice olarak,B2
6781,last-minute,son dakika,son anki,son saniye,B2
6782,laundry,çamaşır,çamaşırhane,kirli çamaşır,B2
6783,lava,lav,magma,ateş akıntısı,B2
6784,landlady,ev sahibi kadın,kadın ev sahibi,kadın mülk sahibi,B2
6785,kangaroo,kanguru,keseli sıçan,kanguru türü,B2
6786,justify,haklı çıkarmak,gerekçelendirmek,mazur göstermek,B2
6787,jury,jüri,seçici kurul,hakem heyeti,B2
6788,invitingly,davetkar bir şekilde,cezbedici biçimde,çağrışımlı,B2
6789,invoke,başvurmak,yardım istemek,ileri sürmek,B2
6790,involvement,dahil olma,ilgi,karışma,B2
6791,ironically,ironik bir şekilde,alaycı bir şekilde,garip bir şekilde,B2
6792,irrational,akıldışı,mantıksız,ırsî olmayan,B2
6793,irresistible,konulmaz,baştan çıkarıcı,karşı konulmaz,B2
6794,irresistibly,karşı konulmaz şekilde,önüne geçilmez biçimde,cezbedici olarak,B2
6795,irresponsible,sorumsuzca,sorumsuz,girişken olmayan,B2
6796,irritated,öfkelenmiş,kızgın,tahriş olmuş,B2
6797,irritating,sinir bozucu,rahatsız edici,tahriş edici,B2
6798,irritation,öfke,rahatsızlık,tahriş,B2
6799,islander,adal,adalı,ada sakinleri,B2
6800,italicize/italicise,italik yazmak,eğik yazmak,italikleştirmek,B2
6801,itch,kaşınmak,kaşıntı,arzulamak,B2
6802,jaw,çene,çene kemiği,gevezelik etmek,B2
6803,jealously,kıskançlıkla,hasetle,titizlikle,B2
6804,jeopardize/jeopardise,tehlikeye atmak,riske atmak,zora sokmak,B2
6805,jeweler/jeweller,kuyumcu,mücevherci,sarraf,B2
6806,journalism,gazetecilik,jurnalizm,basın yayın,B2
6807,judo,judo,judo sporu,uzakdoğu güreşi,B2
6808,junk food,ambalajlı atıştırmalık,sağlıksız yiyecek,çöp gıda,B2
6809,juror,jüri üyesi,jüri,hakem heyeti üyesi,B2
6810,lawmaker,kanun yapıcı,milletvekili,yasama organı üyesi,B2
6811,lawn,çimenlik,çim alan,bahçe çimi,B2
6812,keen,istekli,hevesli,keskin,B2
6813,literal,kelimesi kelimesine,gerçek anlamlı,harfi harfine,B2
6814,lighten,hafifletmek,aydınlatmak,neşelenmek,B2
6815,lighting,aydınlatma,ışıklandırma,ışık düzeni,B2
6816,likewise,benzer şekilde,aynı şekilde,ayrıca,B2
6817,linen,keten,keten kumaş,çamaşır,B2
6818,liner,yolcu gemisi,astar,kalem göz kalemi,B2
6819,ling,morina balığı,süpürge otu,uzun boylu balık,B2
6820,linger,gecikmek,uzun sürmek,ayrılmamak,B2
6821,listener,dinleyici,radyo dinleyicisi,kulak veren,B2
6822,literally,kelimenin tam anlamıyla,gerçekten,harfi harfine,B2
6823,litter,çöp,çöplük,etrafa saçmak,B2
6824,loan,borç,kredi,ödünç vermek,B2
6825,lobby,kulis,antre,lobi yapmak,B2
6826,loneliness,yalnızlık,kimsesizlik,tek başınalık,B2
6827,long-distance,uzun mesafeli,şehirlerarası,uzak yol,B2
6828,long-term,uzun vadeli,uzun süreli,uzun dönemli,B2
6829,loosely,gevşekçe,üstünkörü,genel olarak,B2
6830,lousy,berbat,iğrenç,kalitesiz,B2
6831,lower,alt,düşürmek,alçaltmak,B2
6832,lowland,ova,alçak arazi,düzlük,B2
6833,lucrative,karlı,kazançlı,verimli,B2
6834,lawsuit,dava,mahkeme davası,hukuki süreç,B2
6835,lush,gür,yeşil,gösterişli,B2
6836,luxurious,lüks,görkemli,konforlu,B2
6837,lifetime,ömür,yaşam boyu,hayat boyu,B2
6838,lifeless,cansız,ölü,donuk,B2
6839,limb,uzuv,kol ve bacak,büyük dal,B2
6840,leek,pırasa,pırasa bitkisi,yeşil sebze,B2
6841,leak,sızıntı,sızdırmak,bilgi sızdırmak,B2
6842,learning,öğrenme,öğrenim,ilim,B2
6843,lease,kira sözleşmesi,kiralamak,leasing,B2
6844,leash,tasma,tasma kayışı,bağlamak,B2
6845,lecturer,öğretim görevlisi,konuşmacı,okutman,B2
6846,lid,kapak,göz kapağı,tapa,B2
6847,legend,efsane,rivayet,harita açıklaması,B2
6848,legendary,efsanevi,dillere destan,masalsı,B2
6849,legislate,kanun çıkarmak,yasa yapmak,düzenleme yapmak,B2
6850,layabout,tembel,aylak,misket,B2
6851,legislation,mevzuat,kanunlar,yasama,B2
6852,leaflet,broşür,el ilanı,yaprak,B2
6853,legislator,milletvekili,yasa koyucu,meclis üyesi,B2
6854,legislature,yasama organı,parlamento,meclis,B2
6855,legitimate,meşru,yasal,haklı,B2
6856,leisurely,acele etmeden,sakince,keyifli,B2
6857,lengthen,uzatmak,uzamak,boyunu uzatmak,B2
6858,lengthy,uzun,uzun süren,ayrıntılı,B2
6859,leopard,leopar,pars,benekli kedi,B2
6860,legislative,yasama ile ilgili,kanun yapıcı,yasama,B2
6861,lest,korkusuyla,olmasın diye,-mesin diye,B2
6862,liberal,özgürlükçü,hoşgörülü,cömert,B2
6863,lick,yalamak,yalamak (yüzey),alt etmek,B2
6864,nondescript,özelliksiz,sıradan,tanımsız,C1
6865,precision,kesinlik,hassasiyet,titizlik,C1
6866,silhouette,silüet,gölge,hatlar,C1
6867,personalize/personalise,kişiselleştirmek,şahsına mal etmek,kendine uyarlamak,C1
6868,apprentice,çırak,stajyer,acemi,C1
6869,limitless,sınırsız,uçsuz bucaksız,sonsuz,C1
6870,tailor,terzi,uyarlamak,özel yapmak,C1
6871,personalization/personalisation,kişiselleştirme,şahsileştirme,uyarlama,C1
6872,negligible,ihmal edilebilir,önemsiz,çok küçük,C1
6873,apprenticeship,çıraklık,staj,öğrenme dönemi,C1
6874,negligent,ihmalkar,kusurlu,özen göstermeyen,C1
6875,wry,alaycı,eğri,buruşuk,C1
6876,principally,başlıca,esas olarak,özellikle,C1
6877,altruism,özgecilik,başkalarını düşünme,iyilikseverlik,C1
6878,altruistic,özgeci,arkadaş canlısı,yardımsever,C1
6879,scenario,senaryo,senaryo taslağı,olay akışı,C1
6880,voluntary,gönüllü,ihtiyari,isteğe bağlı,C1
6881,voluntarily,gönüllü olarak,kendi isteğiyle,istemli,C1
6882,reap,hasat etmek,biçmek,meyvesini toplamak,C1
6883,paternal,baba tarafı,babalıkla ilgili,ata,C1
6884,maternal,anne tarafı,annelik,anaç,C1
6885,maternalistic,anaç tavırlı,aşırı korumacı anne,annelik baskılı,C1
6886,pathos,acı,duygusallık,hüzün,C1
6887,paternalistic,babacan,babaerkil,korumacı baskıcı,C1
6888,provisions,erzak,hükümler,koşullar,C1
6889,negligently,ihmalkarca,üstünkörü,kusurlu olarak,C1
6890,rendering,çeviri,sunum,işleme,C1
6891,poetess,kadın şair,şaire,kadın ozan,C1
6892,eccentrically,çılgınca,garip bir şekilde,alışılmadık tarzda,C1
6893,wryly,alaycı bir şekilde,eğri bir bakışla,acı acı,C1
6894,injustice,adaletsizlik,haksızlık,hak yeme,C1
6895,confide,sır vermek,içini dökmek,güvenmek,C1
6896,sentient,bilinçli,duyarlı,hisseden,C1
6897,sentiment,duygu,düşünce,dugusallık,C1
6898,sentimental,duygusal,romantik,hisseli,C1
6899,sentimentally,duygusal olarak,hisseten,romantikçe,C1
6900,tangle,dolaşık,düğümlenmek,karmaşa,C1
6901,tangled,karışık,dolaşık,karmaşık,C1
6902,untangle,çözmek,aydınlatmak,ayrıştırmak,C1
6903,untangled,çözülmüş,düzeltilmiş,aydınlanmış,C1
6904,perceptive,algısı kuvvetli,sezgili,anlayışlı,C1
6905,perceptively,sezgiyle,anlayışla,kavrayışla,C1
6906,outset,başlangıç,ilk an,başlama,C1
6907,tycoon,sanayici,iş adamı,milyarder,C1
6908,engross,büyülemek,ilgisini çekmek,meşgul etmek,C1
6909,engrossing,sürükleyici,büyüleyici,ilgi çekici,C1
6910,detritus,artık,yazgı,döküntü,C1
6911,detriment,zarar,ziyan,hasar,C1
6912,detrimental,zararlı,ziyanlı,olumsuz,C1
6913,detrimentally,zararlı biçimde,olumsuz olarak,ziyanlı şekilde,C1
6914,domestically,yurt içinde,ev içinde,ailevi olarak,C1
6915,domesticate,evcilleştirmek,alıştırmak,yerlileştirmek,C1
6916,domestication,evcilleştirme,alıştırma,yerlileşme,C1
6917,render,hale getirmek,sunmak,vermek,C1
6918,impoverished,yoksullaşmış,fakirleşmiş,güçsüzleşmiş,C1
6919,compromised,ödün verilmiş,tehlikeye girmiş,uzlaşılmış,C1
6920,unsustainably,sürdürülemez,devam ettirilemez,ölçüsüzce,C1
6921,intuitive,sezgisel,içgüdüsel,doğaçlama,C1
6922,intuitively,sezgisel olarak,içgüdüsel,anlık,C1
6923,marginal,marjinal,uç,önemsiz,C1
6924,marginally,azıcık,kısmen,önemsiz ölçüde,C1
6925,crude,kaba,ham,işlenmemiş,C1
6926,crudely,kaba bir şekilde,basitçe,hamca,C1
6927,strap,kayış,bağ,askı,C1
6928,strapping,iri yarı,sağlam,güçlü,C1
6929,scoff,alay etmek,küçümsemek,tiye almak,C1
6930,fiddly,uğraştırıcı,ince iş,titiz,C1
6931,fiddler,kemancı,çalgıcı,uğraşan,C1
6932,fiddle,keman,oyalanmak,düzenbazlık,C1
6933,unmusical,müzikal olmayan,kulaksız,uyumsuz,C1
6934,unmusically,müzik dışı,uyumsuzca,ritimsiz,C1
6935,repertory,repertuvar,dağar,hazne,C1
6936,concerto,konçerto,müzik eseri,senfoni,C1
6937,premier,başbakan,ilk gösterim,başlıca,C1
6938,fanatic,fanatik,gözü dönmüş,aşırı tutkun,C1
6939,fanatically,fanatikçe,aşırı şekilde,körükörüne,C1
6940,acoustically,akustik olarak,sesbilimsel,işitsel,C1
6941,acoustic,akustik,ses,kulakla ilgili,C1
6942,realism,gerçekçilik,realizm,hakikat,C1
6943,acoustics,akustik,ses bilimi,yankı bilimi,C1
6944,daunting,göz korkutucu,ürkütücü,zorlu,C1
6945,daunt,gözünü korkutmak,yıldırmak,ürkütmek,C1
6946,realist,gerçekçi,realist,nesnel,C1
6947,justly,haklı olarak,adaletle,doğruca,C1
6948,intuition,sezgi,içgüdü,önsezi,C1
6949,intuit,sezmek,içine doğmak,kavramak,C1
6950,reminiscent,anımsatan,çağrıştıran,hatırlatan,C1
6951,reminisce,hatırlamak,anı tazelemek,eski günleri yad etmek,C1
6952,sustainable,sürdürülebilir,devam ettirilebilir,tükenebilir olmayan,C1
6953,sustainably,sürdürülebilir şekilde,doğayı koruyarak,tüketmeden,C1
6954,bypass,atlamak,pas geçmek,çevreden dolaşmak,C1
6955,cynic,şüpheci,alaycı kimse,inançsız,C1
6956,cynical,alaycı,kuşkucu,iyiniyetsiz,C1
6957,cynically,alaycı bir şekilde,şüpheyle,inandırıcılıktan uzak,C1
6958,cynicism,alaycılık,kuşkuculuk,güvensizlik,C1
6959,sarcasm,iğneleme,taşlama,kinaye,C1
6960,sarcastic,iğneleyici,alaylı,kinayeli,C1
6961,sarcastically,iğneleyici bir dille,alayla,kinaye yaparak,C1
6962,misplace,yanlış yere koymak,kaybetmek,yerini unutmak,C1
6963,symptomatic,belirtisi olan,alamet olan,belirtisel,C1
6964,unsustainable,sürdürülemez,devam ettirilemez,temelsiz,C1
6965,degrade,bozmak,alçaltmak,değer düşürmek,C1
6966,degradation,bozulma,alçalma,kötüleşme,C1
6967,discourse,söylem,nutuk,konuşma,C1
6968,amid,arasında,ortasında,ortalıkta,C1
6969,hedgehog,kirpi,dikenli memeli,kirpi hayvanı,C1
6970,nocturnal,gececil,geceyle ilgili,geceleyin olan,C1
6971,hibernate,kış uykusuna yatmak,kışlamak,uykuya çekilmek,C1
6972,hibernation,kış uykusu,kışlama,uyku hali,C1
6973,convict,mahkum,suçlu bulmak,hükümlü,C1
6974,conviction,inanç,mahkumiyet,kanaat,C1
6975,latent,gizli,örtülü,belirsiz,C1
6976,snooze,kestirmek,şekerleme yapmak,hafif uyku,C1
6977,classy,kaliteli,ş וב,şık,C1
6978,wrench,ingiliz anahtarı,burmak,ani çekiş,C1
6979,degrading,alçaltıcı,onur kırıcı,küçültücü,C1
6980,refurbish,yenilemek,onarmak,dekore etmek,C1
6981,preach,vaaz vermek,öğüt vermek,savunmak,C1
6982,staggering,şaşırtıcı,dehşet verici,sarsıcı,C1
6983,dutiful,itaatkar,görev bilincinde,saygılı,C1
6984,dutifully,sadakatle,görev bilinciyle,itina ile,C1
6985,calorie,kalori,enerji birimi,besin değeri,C1
6986,fabulously,harika bir şekilde,inanılmaz derecede,muhteşemce,C1
6987,premises,bina,tesis,arazi,C1
6988,eclectic,seçmeci,çeşitli kaynaklardan,farklı stillerde,C1
6989,eclectically,seçmeci bir şekilde,farklı tarzları birleştirerek,çeşitli yollarla,C1
6990,revere,saygı duymak,hürmet etmek,yüceltmek,C1
6991,recognizable/recognisable,tanınabilir,seçilebilir,bilindik,C1
6992,recognizably/recognisably,kolayca tanınır şekilde,belli belirgin,görülür derecede,C1
6993,batter,hamur,hırpalamak,vurmak,C1
6994,unreliably,güvenilmez bir şekilde,istikrarsızca,şüpheli biçimde,C1
6995,waterfront,sahil,rıhtım,liman boyu,C1
6996,amply,bol bol,yeterince,geniş ölçüde,C1
6997,amplification,güçlendirme,büyütme,sesi artırma,C1
6998,battered,hırpalanmış,yıpranmış,dövülmüş,C1
6999,comply,uymak,boyun eğmek,riayet etmek,C1
7000,compliance,uyum,riayet,itaat,C1
7001,compliant,itaatkar,kurallara uygun,boyun eğen,C1
7002,compliantly,itaatkarca,boyun eğerek,uyumlu şekilde,C1
7003,blankness,ifadesizlik,boşluk,kansızlık,C1
7004,exuberant,coşkulu,gösterişli,gür,C1
7005,clutch,kavramak,debriyaj,pençe,C1
7006,sedately,ağırbaşlılıkla,sakin bir şekilde,ölçülü olarak,C1
7007,sedate,sakin,ağırbaşlı,yatıştırmak,C1
7008,posture,duruş,tavır,vücut pozisyonu,C1
7009,manicure,manikür,tırnak bakımı,el bakımı,C1
7010,supple,esnek,bükülgen,yumuşak,C1
7011,recess,teneffüs,oyuk,tatil,C1
7012,pedicure,pedikür,ayak bakımı,tırnak bakımı,C1
7013,facial,yüz,cilt bakımı,yüz ifadesi,C1
7014,bouquet,çiçek demeti,buke,hoş koku,C1
7015,refurbishment,yenileme,onarım,tadilat,C1
7016,grounds,gerekçe,arazi,telve,C1
7017,lethargy,uyuşukluk,haletsizlik,hayat belirtisizlik,C1
7018,lethargic,uyuşuk,halsiz,atıl,C1
7019,lethargically,uyuşuk bir şekilde,halsizce,ağırkanlılıkla,C1
7020,stately,görkemli,haşmetli,mağrur,C1
7021,exuberance,coşku,taşkınlık,bolluk,C1
7022,conserve,korumak,tasarruf etmek,reçel,C1
7023,disquieting,endişe verici,huzursuz edici,kaygı uyandıran,C1
7024,fiercely,şiddetle,vahşice,öfkeyle,C1
7025,grapefruit,greyfurt,ağaç kavunu,turunç meyvesi,C1
7026,exotically,egzotik bir şekilde,yabansı biçimde,alışılmadık tarzda,C1
7027,flask,matara,şişe,balonjoje,C1
7028,spacious,ferah,geniş,büyük,C1
7029,gourmet,gurme,leziz yemek,tatbilir,C1
7030,conjure,büyü yapmak,akla getirmek,yalvarmak,C1
7031,creamy,kremamsı,kaymaklı,yumuşak,C1
7032,sauna,sauna,buhar banyosu,sıcak oda,C1
7033,remedial,iyileştirici,düzeltici,telafi edici,C1
7034,conservatory,konservatuar,sera,kış bahçesi,C1
7035,exuberantly,coşkuyla,taşarak,aşırı bir şekilde,C1
7036,linear,çizgisel,doğrusal,boyutsal,C1
7037,linearly,doğrusal olarak,çizgisel biçimde,sırayla,C1
7038,startlingly,şaşırtıcı bir şekilde,ürkütücü biçimde,ani olarak,C1
7039,slack,gevşek,atıl,sarkık,C1
7040,slackly,gevşekçe,başından savma,ihmalkarca,C1
7041,unwavering,sarsılmaz,kararlı,değişmez,C1
7042,unwaveringly,sarsmazlıkla,kararlılıkla,tavizsiz,C1
7043,removed,uzak,kaldırılmış,uzaklaştırılmış,C1
7044,buffoon,soytarı,maskara,aptal kimse,C1
7045,beguiling,baştan çıkarıcı,büyüleyici,aldatıcı,C1
7046,beguilingly,büyüleyici bir şekilde,baştan çıkarıcı biçimde,aldatıcı şekilde,C1
7047,blithely,neşeyle,kaygısızca,umursamazca,C1
7048,stray,başıboş,kayıp,sapmak,C1
7049,mythological,mitolojik,efsanevi,masalsı,C1
7050,mythology,mitoloji,efsaneler bilimi,söylence,C1
7051,startling,şaşırtıcı,ürkütücü,korkutucu,C1
7052,venerate,saygı duymak,yüceltmek,tapınmak,C1
7053,ethical,etik,ahlaki,töresel,C1
7054,ethically,etik olarak,ahlaken,dürüstçe,C1
7055,heroine,kadın kahraman,başrol kadını,eroin,C1
7056,refreshing,ferahlatıcı,yenileyici,tazeleyici,C1
7057,zany,kaçık,delidolu,acayip,C1
7058,devotee,bağlı,meraklısı,taraftar,C1
7059,salve,merhem,ilaç,teselli,C1
7060,salvation,kurtuluş,kurtarış,selamet,C1
7061,salvage,kurtarma,enkaz,hurda,C1
7062,staccato,kesik,kısa sesli,kopuk,C1
7063,verve,canlılık,şevk,enerji,C1
7064,motley,alacalı,karma,renkli,C1
7065,veneration,saygı,hürmet,itibar,C1
7066,preacher,vaiz,hatip,nasihatçi,C1
7067,jersey,forma,kazak,kumaş,C1
7068,taut,gergin,sıkı,kazasız,C1
7069,flourish,gelişmek,serpilmek,parlamak,C1
7070,anchored,demirli,bağlı,sabitlenmiş,C1
7071,domination,tahakküm,egemenlik,üstünlük,C1
7072,dominant,baskın,egemen,üstün,C1
7073,dominantly,baskın olarak,çoğunlukla,egemen biçimde,C1
7074,interject,laf atmak,araya girmek,eklemek,C1
7075,interjection,nida,ünlem,araya girme,C1
7076,gush,fışkırmak,coşmak,akın,C1
7077,gushing,coşkulu,fışkıran,abartılı,C1
7078,gushingly,coşkuyla,abartılı şekilde,taşkınca,C1
7079,voracious,doymaz,açgözlü,hırslı,C1
7080,voraciously,açgözlülükle,doymaksızın,hırsla,C1
7081,tautly,gergin bir şekilde,sıkıca,gergin,C1
7082,sketchbook,çizim defteri,resim defteri,taslak defteri,C1
7083,prop,destek,sahne malzemesi,dayanak,C1
7084,imp,cüce,ufaklık,yaramaz çocuk,C1
7085,impish,yaramaz,fıkır fıkır,şeytani,C1
7086,impishly,yaramazcasına,maceracı,kurnazca,C1
7087,wicked,kötü,şer,günahkar,C1
7088,wickedly,kötü niyetle,fena halde,kurnazca,C1
7089,macabre,ürpertici,korkunç,ölümcül,C1
7090,gusto,zevk,iştiha,heves,C1
7091,tantamount,değerinde,aynı kapıya çıkan,denk,C1
7092,antics,tuhaflıklar,maskaralıklar,komiklikler,C1
7093,relapse,nüks,eski haline dönme,hastalığın nüksetmesi,C1
7094,impede,engellemek,geciktirmek,aksatmak,C1
7095,impediment,engel,mânia,kusur,C1
7096,recessive,çekinik,çekinici,resesif,C1
7097,succulent,sulubulu,etli,leziz,C1
7098,prolifically,verimli bir şekilde,bolca,üretken bir şekilde,C1
7099,convoluted,karmaşık,dolambaçlı,kıvrımlı,C1
7100,undaunted,cesur,korkusuz,yılmamış,C1
7101,gutsy,cesur,yürekli,gözü pek,C1
7102,deprivation,mahrumiyet,yoksunluk,elden çıkma,C1
7103,farce,komedi,sacmalik,güldürü,C1
7104,portray,tasvir etmek,canlandırmak,resmetmek,C1
7105,portrayal,tasvir,canlandırma,rol,C1
7106,elusive,ele avuca sığmaz,anlaşılması güç,kaçamak,C1
7107,elude,atlatmak,kaçınmak,kurtulmak,C1
7108,incisor,kesici diş,ön dişi,kesici,C1
7109,incision,kesi,kesik,yarık,C1
7110,chisel,keski,yontma,kalem,C1
7111,chiselled,yontulmuş,düzgün hatlı,keskin,C1
7112,gnaw,kemirmek,azar azar yemek,yıpratmak,C1
7113,elongate,uzatmak,boy atmak,uzamak,C1
7114,telltale,ifşa eden,göze çarpan,ispiyoncu,C1
7115,cavity,oyuk,boşluk,diş çürüğü,C1
7116,rustle,hışırdamak,hışırtı,hışırtı sesi,C1
7117,glean,derlemek,toplamak,öğrenmek,C1
7118,niche,niş,uzmanlık alanı,oyuk,C1
7119,somersault,takla,takla atmak,çarpma,C1
7120,exhilarate,neşe vermek,canlandırmak,coşturmak,C1
7121,exhilarating,neşe verici,heyecan verici,canlandırıcı,C1
7122,exhilaration,neşe,coşku,ferahlık,C1
7123,physicality,fiziksellik,bedensellik,maddilik,C1
7124,hack,bilgisayara sızmak,kesmek,taksici,C1
7125,lust,şehvet,tutku,arzulamak,C1
7126,unscathing,hasarsız,zarar görmemiş,sağ salim,C1
7127,scathing,iğneleyici,keskin,tahripkar,C1
7128,turmoil,kargaşa,bunalım,karmaşa,C1
7129,debut,ilk çıkış,sahneye çıkış,ilk kez görünmek,C1
7130,folktale,halk masalı,efsane,halk öyküsü,C1
7131,sprout,filizlenmek,çıkmak,filiz,C1
7132,hypocrisy,iki yüzlülük,münafıklık,riyakarlık,C1
7133,hypocrite,iki yüzlü,münafık,riyakar,C1
7134,hypocritical,iki yüzlü,samimiyetsiz,riyakar,C1
7135,hypocritically,iki yüzlüce,samimiyetsizce,riyakarca,C1
7136,midwife,ebe,doğurtman,ebe kadir,C1
7137,commercially,ticari olarak,ticareten,ekonomik yönden,C1
7138,uniformity,tekdüzelik,aynılık,tek biçimlilik,C1
7139,numb,uyuşmuş,hissizleşmiş,uyuşturmak,C1
7140,tastebud,tat tomurcuğu,tat alıcı,damak zevki,C1
7141,amateur,amatör,hevesli,acemi,C1
7142,unsettling,rahatsız edici,endişe verici,huzursuz edici,C1
7143,retrace,izini sürmek,geri dönmek,yeniden çizmek,C1
7144,insubordinate,itaatsiz,baş kaldıran,asi,C1
7145,insubordination,itaatsizlik,isyan,baş kaldırma,C1
7146,insubordinately,itaatsizce,asi bir şekilde,baş kaldırarak,C1
7147,subordinate,ast,bağımlı,ikincil,C1
7148,primitively,ilkel olarak,iptidaen,eski usul,C1
7149,embark,girişmek,gemiye binmek,başlamak,C1
7150,expedite,hızlandırmak,çabuklaştırmak,kolaylaştırmak,C1
7151,contextual,bağlamsal,içeriksel,metinsel,C1
7152,contextually,bağlamsal olarak,içeriksel biçimde,bağlama göre,C1
7153,whilst,iken,-ken,esnada,C1
7154,maneuver/manoeuvre,maddesel manevra,taktik,oyun,C1
7155,riveting,ilgi çekici,büyüleyici,sürükleyici,C1
7156,plunge,dalış,düşüş,atılmak,C1
7157,tract,arazi,sistem,broşür,C1
7158,unsettle,huzursuz etmek,endişelendirmek,şaşırtmak,C1
7159,suburbia,banliyöler,banliyö hayatı,şehir dışı,C1
7160,remorse,pişmanlık,vicdan azabı,suçluluk,C1
7161,remorseless,acımasız,pişmanlık duymayan,merhametsiz,C1
7162,remorsefully,pişmanlıkla,vicdan azabıyla,üzüntüyle,C1
7163,remorselessly,acımasızca,merhametsizce,durmaksızın,C1
7164,inexcusable,bağışlanmaz,mazeretsiz,affedilmez,C1
7165,inexcusably,bağışlanmaz biçimde,affedilmez şekilde,savunulamaz olarak,C1
7166,unassisted,yardsız,desteksiz,tek başına,C1
7167,heighten,arttırmak,yükseltmek,şiddetlendirmek,C1
7168,fixture,demirbaş,sabit eşya,maç tarihi,C1
7169,bulk,hacim,büyük kısım,iri yapı,C1
7170,bulky,hacimli,kaba,büyük,C1
7171,bulk up,kas yapmak,iri yarılaşmak,hacmini arttırmak,C1
7172,digitalize/digitalise,sayısallaştırmak,dijitalleştirmek,bilgisayar ortamına aktarmak,C1
7173,digitalization/digitalisation,sayısallaştırma,dijitalleşme,bilişimsel dönüşüm,C1
7174,mark-up,kâr payı,fiyat artışı,zam,C1
7175,complementary,tamamlayıcı,bütünleyici,tümleyen,C1
7176,complimentary,övgü dolu,ücretsiz,hediye,C1
7177,staple,temel gıda,zımba teli,ana ürün,C1
7178,wares,eşyalar,ürünler,ticaret malları,C1
7179,testament,kanıt,vasiyet,gösterge,C1
7180,succulently,sulu şekilde,lezzetli biçimde,özlüce,C1
7181,tranquil,sakin,huzurlu,dingin,C1
7182,tranquility,huzur,sükunet,dinginlik,C1
7183,spartan,çileci,sade,katı disiplinli,C1
7184,peninsula,yarımada,kara çıkıntısı,coğrafi burun,C1
7185,billiards,bilardo,bilardo oyunu,masa sporu,C1
7186,cessation,kesilme,durma,son bulma,C1
7187,salivate,ağzı sulanmak,tükürük salgılamak,imrenmek,C1
7188,neutralization/neutralisation,etkisizleştirme,nötralizasyon,tarafsızlaştırma,C1
7189,neutralize/neutralise,etkisizleştirmek,nötrlemek,tarafsız kılmak,C1
7190,dramatist,oyun yazarı,dramaturg,tiyatro yazarı,C1
7191,characterization/characterisation,karakterizasyon,kişiselleştirme,niteleme,C1
7192,quirky,ilginç,tuhaf,sıra dışı,C1
7193,sprawl,yayılma,gelişigüzel uzanma,beton yığını,C1
7194,ingenuity,deha,yaratıcılık,ustalık,C1
7195,panorama,panoroma,genel görünüm,açık manzaralar,C1
7196,panoramic,panoramik,geniş açılı,uçsuz bucaksız,C1
7197,benign,iyi huylu,zararsız,nazik,C1
7198,benignly,zararsızca,iyi niyetle,şefkatle,C1
7199,explosively,patlayıcı bir şekilde,hızla artarak,şiddetli biçimde,C1
7200,bequeath,miras bırakmak,vasiyet etmek,aktarmak,C1
7201,legacy,miras,kalan,eser,C1
7202,synthetic,sentetik,yapay,suni,C1
7203,suburban,banliyö,şehir dışı,kenar mahalle,C1
7204,synthetically,sentetik olarak,yapay yoldan,sunaten,C1
7205,elastic,elastik,esnek,yaylı,C1
7206,appall/appal,dehşete düşürmek,korkutmak,ürkütmek,C1
7207,appalling,korkunç,dehşet verici,berbat,C1
7208,appallingly,korkunç bir şekilde,berbat derecede,dehşet verici,C1
7209,pounce,atılmak,üzerine atlamak,pençe atmak,C1
7210,abound,bol olmak,taşmak,kaynamak,C1
7211,sap,öz,bitki öz suyu,gücünü tüketmek,C1
7212,monotonous,tekdüze,monoton,sıkıcı,C1
7213,monotonously,tekdüze şekilde,monoton biçimde,sıkıcı bir şekilde,C1
7214,monotony,tekdüzelik,monotonluk,durağanlık,C1
7215,turn to,başvurmak,dönüşmek,yardım istemek,C1
7216,ingenious,dâhiyane,zeki,ustaca,C1
7217,plaque,plaket,plak,diş taşı,C1
7218,lackluster/lacklustre,solgun,donuk,cansız,C1
7219,seedling,fide,fidan,tohum fidesi,C1
7220,orchard,meyve bahçesi,bahçe,meyvelik,C1
7221,graft,aşı,aşılamak,rüşvet,C1
7222,temperamentally,mizaç olarak,huysuzca,yapı olarak,C1
7223,screenplay,senaryo,film metni,oyun metni,C1
7224,disillusionment,hayal kırıklığı,büyünün bozulması,gerçeği anlama,C1
7225,demise,ölüm,son,tahttan inme,C1
7226,raunchy,müstehcen,açık saçık,şehvetli,C1
7227,raunchily,müstehcen bir şekilde,açık saçık biçimde,şehvetle,C1
7228,overdraft,kredili mevduat,hesap aşımı,borçlu bakiye,C1
7229,synopsis,özet,konu özeti,muhtıra,C1
7230,renown,şan,şöhret,ün,C1
7231,contested,çekişmeli,itiraz edilmiş,tartışmalı,C1
7232,verandah,veranda,çardak,eyvan,C1
7233,occupational,mesleki,işle ilgili,peşin,C1
7234,verdict,karar,hüküm,jüri kararı,C1
7235,ventilate,havalandırmak,nefeslendirmek,ifade etmek,C1
7236,ventilation,havalandırma,teneffüs,hava değişimi,C1
7237,occupant,kiracı,sakin,oturan,C1
7238,radiator,radyatör,kalorifer,petek,C1
7239,homely,sıcakkanlı,sade,çirkin yüzlü,C1
7240,bureaucratic,bürokratik,kırtasiyeci,resmi,C1
7241,bureaucratically,bürokratik olarak,kırtasiyecilikle,resmi yoldan,C1
7242,adjustable,ayarlanabilir,ayarlanır,tertibatlı,C1
7243,fatigue,yorgunluk,bitkinlik,yıpranma,C1
7244,muscular,kaslı,adale,güçlü,C1
7245,versatile,çok yönlü,marifetli,değişken,C1
7246,versatility,çok yönlülük,marifet,beceriklilik,C1
7247,stimuli,uyarıcılar,teşvikler,uyarılar,C1
7248,temperamental,huysuz,mizaçsal,değişken,C1
7249,temperament,mizaç,huy,yaradılış,C1
7250,gypsy,çingene,çingene kızı,göçebe,C1
7251,transfix,mıhlamak,büyülemek,sabitlemek,C1
7252,proliferate,çoğalmak,yaygınlaşmak,artmak,C1
7253,fragmentation,parçalanma,bölünme,ufalanma,C1
7254,astray,sapmış,kaybolmuş,yoldan çıkmış,C1
7255,duration,süre,müddet,devam,C1
7256,durable,dayanıklı,sağlam,kalıcı,C1
7257,likelihood,olasılık,ihtimal,mümkünlük,C1
7258,naive,saf,deneyimsiz,toy,C1
7259,naively,safça,toylukla,anahatlarıyla,C1
7260,naivety,saflık,toyluk,tecrübesizlik,C1
7261,impervious,geçirmez,etkilenmez,dayanıklı,C1
7262,ludicrous,gülünç,saçma,mantıksız,C1
7263,ludicrously,gülünç bir şekilde,saçma bir biçimde,aşırı derecede,C1
7264,uninspiring,ilham vermeyen,sıkıcı,tekdüze,C1
7265,cost-effective,maliyet etkin,ekonomik,uygun fiyatlı,C1
7266,gruesomely,korkunç bir şekilde,vahşice,ürpertici şekilde,C1
7267,envisage,tasavvur etmek,öngörmek,göz önüne getirmek,C1
7268,screenwriter,senarist,senaryo yazarı,film yazarı,C1
7269,mingle,karışmak,kaynaşmak,sosyalleşmek,C1
7270,churn,yayık,çalkalamak,kalkışmak,C1
7271,buffer,tampon,koruyucu,ara bellek,C1
7272,irate,öfkeli,kızgın,gazaplı,C1
7273,irately,öfkeyle,kızgınlıkla,köpürerek,C1
7274,docile,uslu,itaatkar,baş eğen,C1
7275,docilely,uslu uslu,itaatkarca,sessizce,C1
7276,fiend,canavar,şeytan,manyak,C1
7277,fiendish,şeytani,korkunç,zor,C1
7278,fiendishly,şeytanca,korkunç derecede,ustalıkla,C1
7279,gruesome,korkunç,kanlı,vahşi,C1
7280,mutually,karşılıklı,müştereken,ortaklaşa,C1
7281,somber/sombre,karanlık,gamlı,ciddi,C1
7282,somberly/sombrely,karanlık bir şekilde,hüzünle,ciddiyetle,C1
7283,terrain,arazi,zemin,bölge,C1
7284,resilient,dirençli,esnek,dayanıklı,C1
7285,resilience,direnç,dayanıklılık,esneklik,C1
7286,enterprising,girişimci,atılımcı,girişken,C1
7287,integral,ayrılmaz,bütünleyici,temel,C1
7288,canoe,kano,küçük kayık,kano ile gezmek,C1
7289,magnetic,manyetik,mıknatıslı,çekici,C1
7290,magnetism,manyetizma,mıknatıslık,çekicilik,C1
7291,magnetically,manyetik olarak,mıknatısla,çekici bir şekilde,C1
7292,credible,inanılır,güvenilir,makul,C1
7293,credibly,inanılır şekilde,güvenle,makul bir biçimde,C1
7294,credibility,güvenilirlik,inandırıcılık,itibar,C1
7295,credential,nitelik,referans,belge,C1
7296,charter,şaheser,imtiyazname,kiralama,C1
7297,acutely,şiddetle,keskin bir şekilde,derinden,C1
7298,prohibitively,aşırı,yasaklayıcı düzeyde,pahalı bir şekilde,C1
7299,fissure,çatlak,yarık,açıklık,C1
7300,pendulous,sallanan,sarkan,salınan,C1
7301,suspension,askıya alma,uzaklaştırma,geciktirme,C1
7302,anthropology,antropoloji,insan bilimi,beşeri bilim,C1
7303,anthropologist,antropolog,insan bilimci,kıtalar araştırmacısı,C1
7304,squander,savurmak,israf etmek,boşuna harcamak,C1
7305,munch,hapur hupur yemek,ağzını şapırdatmak,gırtlaklamak,C1
7306,adjoin,bitişik olmak,sınırdaş olmak,komşu olmak,C1
7307,adjoining,bitişik,komşu,yandaki,C1
7308,wizened,buruşuk,kurumuş,kırışmış,C1
7309,prohibitive,fahiş,yasaklayıcı,önleyici,C1
7310,prolific,üretken,verimli,bereketli,C1
7311,itinerary,seyahat programı,gezi rehberi,güzergah,C1
7312,clutter,dağınıklık,karmaşa,gereksiz eşya,C1
7313,dislodge,yerinden etmek,sökmek,çıkarmak,C1
7314,carpenter,marangoz,keresteci,doğramacı,C1
7315,carpentry,marangozluk,ahşap işçiliği,doğramacılık,C1
7316,transit,transit,geçiş,ulaşım,C1
7317,plummet,düşmek,çakılmak,hızla düşüş,C1
7318,circulate,dolaşmak,yayılmak,devretmek,C1
7319,circulation,dolaşım,tiraj,yayılım,C1
7320,demography,demografi,nüfus bilimi,toplum bilimi,C1
7321,demographic,demografik,nüfusbilimsel,nüfusla ilgili,C1
7322,demographically,demografik olarak,nüfus yapısıyla,toplumsal açıdan,C1
7323,phenomenal,fevkalade,olağanüstü,olgusal,C1
7324,coupled,birleştirilmiş,eşleştirilmiş,bağlı,C1
7325,phenomenally,olağanüstü şekilde,inanılmaz derecede,fevkalade biçimde,C1
7326,prophetic,kehanetle ilgili,peygamberane,geleceği bildiren,C1
7327,paywall,ödeme duvarı,ücretli erişim,abone sınırı,C1
7328,firewall,güvenlik duvarı,yangın duvarı,koruma katmanı,C1
7329,invoice,fatura,hesap özeti,fatura kesmek,C1
7330,demolition,yıkım,parçalama,imha,C1
7331,demo,demo,tanıtım,gösterim,C1
7332,gig,konser,küçük iş,sahne görevi,C1
7333,socialization,sosyalleşme,toplumsallaşma,kamulaştırma,C1
7334,antiquity,antik çağ,eski eser,kadimlik,C1
7335,antiquated,köhnemiş,eski kalmış,modası geçmiş,C1
7336,restoration,restorasyon,onarım,eski haline getirme,C1
7337,restorative,onarıcı,canlandırıcı,şifalı,C1
7338,rotate,dönmek,döndürmek,nöbetleşe yapmak,C1
7339,prophet,peygamber,nebi,kehanetçi,C1
7340,conditionally,şartlı olarak,koşullu biçimde,bağlı olarak,C1
7341,collaboration,iş birliği,ortak çalışma,müşterek faaliyet,C1
7342,collaborative,ortaklaşa,iş birliğine dayalı,müşterek,C1
7343,showy,gösterişli,albeni,caka satar,C1
7344,wrangle,tartışma,ağız dalaşı,kavga etmek,C1
7345,premise,öncül,varsayım,bina ve arsa,C1
7346,advantageous,avantajlı,karlı,yararlı,C1
7347,parasite,parazit,asalak,vampir,C1
7348,fanciful,hayali,ütopik,tuhaf,C1
7349,poise,duruş,denge,soğukkanlılık,C1
7350,customary,adet olan,alışılmış,geleneksel,C1
7351,insightful,anlamlı,kavrayışlı,bilgili,C1
7352,notable,kayda değer,önemli,göze çarpan,C1
7353,vicious,acımasız,kötü niyetli,şiddetli,C1
7354,viciously,acımadan,şiddetle,kötü niyetle,C1
7355,withdrawn,içe dönük,çekingen,uzaklaşmış,C1
7356,torturous,eziyetli,işkence gibi,çok sancılı,C1
7357,depict,tasvir etmek,betimlemek,resmetmek,C1
7358,depiction,tasvir,betimleme,anlatım,C1
7359,upheaval,kargaşa,alt üst oluş,isyan,C1
7360,shortlist,aday listesi,seçilmişler listesi,dar liste,C1
7361,uneventful,olaysız,sıradan,sakince geçen,C1
7362,pertinent,konuyla ilgili,yerinde,uygun,C1
7363,pertain to,ait olmak,ilgilendirmek,ilişkili olmak,C1
7364,daydream,gündüz düşü,hayal kurmak,dala dalmak,C1
7365,protagonist,baş karakter,kahraman,başrol,C1
7366,collaborator,işbirlikçi,ortak,yardımcı,C1
7367,collaborate,işbirliği yapmak,ortaklık etmek,birlikte çalışmak,C1
7368,oblige,zorunda bırakmak,mecbur etmek,iyilik yapmak,C1
7369,appliance,ev aleti,cihaz,alet,C1
7370,relinquish,vazgeçmek,bırakmak,devretmek,C1
7371,tedious,usanç verici,sıkıcı,tekdüze,C1
7372,tedium,can sıkıntısı,usanç,tekdüzelik,C1
7373,exert,çaba göstermek,uygulamak,güç kullanmak,C1
7374,extortion,şantaj,haraç,zorla alma,C1
7375,alleviate,hafifletmek,azaltmak,dindirmek,C1
7376,elaborate,ayrıntılı,özenli,açıklamak,C1
7377,elaboration,ayrıntılı açıklama,detaylandırma,özenli çalışma,C1
7378,detest,nefret etmek,iğrenmek,tiksinmek,C1
7379,detestable,iğrenç,nefret edilesi,berbat,C1
7380,suds,köpük,sabun köpüğü,bira,C1
7381,agreeable,hoş,uyumlu,kabul edilebilir,C1
7382,simplicity,sadelik,basitlik,yalınlık,C1
7383,prowl,avlanmak için dolaşmak,pusuya yatmak,sessizce gezinmek,C1
7384,speculation,tahmin,spekülasyon,varsayım,C1
7385,speculative,tahsile dayalı,spekülatif,varsayımsal,C1
7386,peacock,tavus kuşu,kibirli kimse,gösterişçi,C1
7387,disdain,küçümseme,tenezzül etmeme,hor görmek,C1
7388,reenact,yeniden canlandırmak,tekrar sahnelemek,uygulamak,C1
7389,torment,eziyet,işkence,azap,C1
7390,extravagance,savurganlık,aşırılık,gösteriş,C1
7391,exploitation,sömürü,kullanma,istismar,C1
7392,mechanism,mekanizma,düzen,yöntem,C1
7393,hence,bu yüzden,bundan dolayı,dolayısıyla,C1
7394,offspring,çocuk,evlat,yavru,C1
7395,speculate,tahminde bulunmak,spekülasyon yapmak,kafa yormak,C1
7396,unmanageable,baş Edilemez,kontrolsüz,yönetilemez,C1
7397,blockbuster,gişe rekoru kıran,çok satan film,büyük başarı,C1
7398,sequel,devam filmi,devam niteliğinde,netice,C1
7399,clan,klan,boy,aşiret,C1
7400,privileged,ayrıcalıklı,imtiyazlı,şanslı,C1
7401,crumble,ufalanmak,dağılmak,yıkılmak,C1
7402,crumb,kırıntı,ufant,küçücük parça,C1
7403,closeness,yakınlık,samimiyet,sıkılık,C1
7404,rarity,nadirat,seyreklik,ender şey,C1
7405,evoke,çağrıştırmak,uyandırmak,hatırlatmak,C1
7406,repel,itmek,kovmak,tiksindirmek,C1
7407,repellant,itici,kovucu,tiksindirici,C1
7408,aqua,su yeşili,açık mavi,su,C1
7409,aquarium,akvaryum,su parkı,balık sergisi,C1
7410,insightfully,anlayışlı bir şekilde,ferasetle,kavrayışla,C1
7411,flashback,geriye dönüş,anı,eski sahne,C1
7412,self-worth,özsaygı,özdeğer,kendi kıymeti,C1
7413,agonize,kıvranmak,azap çekmek,çırpınmak,C1
7414,cite,atıfta bulunmak,alıntı yapmak,göstermek,C1
7415,citation,alıntı,atıf,mahkemeye çağrı,C1
7416,ecstatically,coşkuyla,vecd ile,büyük bir sevinçle,C1
7417,pleasurable,keyifli,hoş,zevkli,C1
7418,substantially,önemli ölçüde,büyük oranda,esasen,C1
7419,ruthlessness,acımasızlık,merhametsizlik,katılık,C1
7420,ruthless,acımasız,merhametsiz,amansız,C1
7421,methodical,metotlu,düzenli,sistemli,C1
7422,dismay,korku,ümitsizlik,şok,C1
7423,irony,ironi,alay,terslik,C1
7424,acidic,asitli,ekşi,asidik,C1
7425,align,hizalamak,sıraya koymak,saf tutmak,C1
7426,alignment,hizalama,aynı hiza,ittifak,C1
7427,manipulation,manipülasyon,yönlendirme,oyun,C1
7428,suitor,talip,nişanlı adayı,davacı,C1
7429,deceit,aldatma,hile,düzen,C1
7430,alienate,uzaklaştırmak,soğutmak,yabancılaştırmak,C1
7431,persuasively,ikna edici şekilde,inandırıcı biçimde,akılcelici,C1
7432,confinement,hapis,kapama,tecrit,C1
7433,minutiae,teferruat,ayrıntılar,ufak detaylar,C1
7434,peasant,köylü,ırgat,çiftçi,C1
7435,inexplicable,açıklanamaz,anlaşılamaz,muamma,C1
7436,resonate,yankılanmak,tıngırdamak,etki yaratmak,C1
7437,inexplicably,açıklanamaz şekilde,sebebiyetsiz,anlamsızca,C1
7438,harass,taciz etmek,bunalmak,rahatsız etmek,C1
7439,harassment,taciz,rahatsız etme,sataşma,C1
7440,believably,inanılır şekilde,muhtemelen,akla yatkın,C1
7441,readable,okunabilir,akıcı,anlaşılır,C1
7442,cleverness,zekilik,kurnazlık,uyanıklık,C1
7443,persecute,zulmetmek,rahat vermemek,kovuşturmak,C1
7444,persecution,zulüm,eziyet,baskı,C1
7445,smug,kendini beğenmiş,kendinden emin,kasıntılı,C1
7446,smugly,kibirle,kendini beğenmişçe,havalı bir şekilde,C1
7447,ferocious,vahşi,şiddetli,gaddar,C1
7448,ferociously,vahşice,şiddetle,gaddarlıkla,C1
7449,hostile,düşmanca,muhalif,elverişsiz,C1
7450,hostility,düşmanlık,husumet,saldırganlık,C1
7451,pigeon,güvercin,saf kimse,posta güvercini,C1
7452,placidly,sakin bir şekilde,durulukla,huysuzluk etmeden,C1
7453,placid,sakin,dingin,uysal,C1
7454,ornamental,süs,dekoratif,süsleyici,C1
7455,assertion,iddia,sav,ileri sürme,C1
7456,individuality,bireysellik,şahsiyet,kendine haslık,C1
7457,psyche,ruh,tin,psişe,C1
7458,conformity,uyum,uygunluk,itaat,C1
7459,unconventional,alışılagelmemiş,sıradışı,geleneksel olmayan,C1
7460,congregate,toplanmak,kümelenmek,bir araya gelmek,C1
7461,resent,alınmak,gücenmek,hazmedememek,C1
7462,self-conscious,çekingen,özbilinçli,kasılan,C1
7463,wary,ihtiyatlı,temkinli,şüpheci,C1
7464,stoke,körüklemek,ateşlemek,soba yakmak,C1
7465,dynamically,dinamik olarak,etkin bir şekilde,canlıca,C1
7466,hostess,kadın ev sahibi,hostes,sunucu,C1
7467,perpetuate,yaşatmak,devam ettirmek,kalıcı kılmak,C1
7468,naturalness,doğallık,katışıksızlık,yapmacıksızlık,C1
7469,exhibitionist,gösterişçi,teşhircilik yanlısı,ilgi odağı meraklısı,C1
7470,isolate,izole etmek,ayırmak,soyutlamak,C1
7471,isolated,izole,yalnız,uçra,C1
7472,refreshingly,ferahlatıcı bir şekilde,tazelik veren,hoş bir biçimde,C1
7473,effortless,zahmetsiz,kolay,çabasız,C1
7474,vegetation,bitki örtüsü,nebatat,vegetasyon,C1
7475,respite,teneffüs,mola,ara,C1
7476,suffice,yetecek,kâfi gelmek,kâfi olmak,C1
7477,purity,saflık,temizlik,katışıksızlık,C1
7478,gruelling,yorucu,yıpratıcı,zahmetli,C1
7479,compulsion,zorunluluk,mecburiyet,dürtü,C1
7480,compel,zorlamak,mecbur etmek,icbar etmek,C1
7481,conditional,koşullu,şarta bağlı,bağlı,C1
7482,exterior,dış,dış cephe,harici,C1
7483,cloak,pelerin,cüppe,örtü,C1
7484,timid,çekingen,korkak,ürkek,C1
7485,reluctantly,istemeye istemeye,gönülsüzce,tepesi atarak,C1
7486,concur,aynı fikirde olmak,uzlaşmak,mutabık kalmak,C1
7487,avid,hevesli,hırslı,düşkün,C1
7488,marvel,harika,mucize,hayret etmek,C1
7489,organizational,örgütsel,kurumsal,teşkilatsal,C1
7490,psychiatrist,psikiyatrist,ruh doktoru,psikiyatr,C1
7491,psychiatric,psikiyatrik,ruhsal,akli,C1
7492,clinical,klinik,hastane,soğuk,C1
7493,corps,kolordu,birlik,meslek grubu,C1
7494,juvenile,çocuk,ergen,küçük,C1
7495,jurisdiction,yargı yetkisi,yetki alanı,kapsam,C1
7496,accustomed,alışkın,alışılmış,vukuflu,C1
7497,trauma,travma,sarsıntı,yaralanma,C1
7498,traumatic,travmatik,sarsıcı,inciitici,C1
7499,constraint,kısıtlama,baskı,zorunluluk,C1
7500,revealing,açığa vuran,açık saçık,ipucu veren,C1
7501,eccentric,sıra dışı,kaçık,merkez dışı,C1
7502,sanctity,kutsallık,dokunulmazlık,azizlik,C1
7503,conform,uymak,itaat etmek,bağlı kalmak,C1
7504,norms,normlar,kurallar,değerler,C1
7505,quirk,tuhaflık,kapris,tesadüf,C1
7506,oddity,tuhaflık,garip şey,acayip,C1
7507,forensic,adli,kriminolojik,mahkeme,C1
7508,comprise,kapsamak,oluşturmak,içermek,C1
7509,plaster,alçı,sıva,yara bandı,C1
7510,darkroom,karanlık oda,banyo odası,gizli yer,C1
7511,ego,benlik,öz ben,ego,C1
7512,saloon,salon,meyhane,bar,C1
7513,beforehand,önceden,evvelce,şdiden,C1
7514,slob,pasaklı,paspal,kaba kimse,C1
7515,coverage,kapsam,yayın,haber verme,C1
7516,unplug,fişini çekmek,bağlantıyı kesmek,prizden çıkarmak,C1
7517,gadget,alet,cihaz,ufak araç,C1
7518,rediscover,yeniden keşfetmek,tekrar bulmak,hatırlamak,C1
7519,subtly,ustalıkla,ince bir şekilde,sezdirmeden,C1
7520,brainwash,beyin yıkamak,fikir değiştirmek,etki altında bırakmak,C1
7521,brainwashing,beyin yıkama,zihin kontrolü,inandırma,C1
7522,sponsorship,sponsorluk,maddi destek,hami,C1
7523,implicate,suçlamak,karıştırmak,ima etmek,C1
7524,malfunction,arıza,hatalı çalışma,bozukluk,C1
7525,wayside,yol kenareti,yolboyu,kenar,C1
7526,expire,süresi dolmak,nefesi kesilmek,ölmek,C1
7527,con,dolandırıcılık,aleyhte,kandırmak,C1
7528,damply,nemli bir şekilde,ıslakça,rutubetli,C1
7529,ghostly,hayalet gibi,korkunç,ürkütücü,C1
7530,carrier,taşıyıcı,kargo şirketi,uçak gemisi,C1
7531,washtub,çamaşır leğeni,yıkanma tekneleri,leğen,C1
7532,apt,eğilimli,uygun,kabiliyetli,C1
7533,apt to,-e eğilimli olmak,yapmaya meyilli,yatkın,C1
7534,portable,taşınabilir,seyyar,hafif,C1
7535,favorably/favourably,olumlu,lehte,beğenilerek,C1
7536,blister,su toplamak,kabarcık,topuk vurması,C1
7537,tactful,anlayışlı,ince ruhlu,nazik,C1
7538,induct,göreve getirmek,üyeliğe almak,sevk etmek,C1
7539,induction,törenle başlatma,tümevarım,manyetik indüksiyon,C1
7540,fossil,fosil,taşlaşmış kalıntı,eskimiş şey,C1
7541,geological,jeolojik,yerbilimsel,yer yapısı,C1
7542,geologically,jeolojik olarak,yerbilimsel açıdan,taşbilimsel,C1
7543,specimen,numune,örnek,tıp örneği,C1
7544,enormously,devasa biçimde,aşırı derecede,çok büyük,C1
7545,gem,mücevher,değerli taş,inci,C1
7546,explanatory,açıklayıcı,izah edici,tavziH,C1
7547,vertical,dikey,şakül,dik,C1
7548,knowledgeable,bilgili,donanımlı,kltürlü,C1
7549,tactfully,ince bir şekilde,nazikçe,anlayışla,C1
7550,ordinarily,sıradan bir şekilde,genellikle,normal olarak,C1
7551,formulate,formüle etmek,ifade etmek,tasarlamak,C1
7552,resin,reçine,çam sakızı,akışkan reçine,C1
7553,sacrifice,kurban etmek,fedakarlık yapmak,feda etmek,C1
7554,cleanly,temiz bir şekilde,ustalıkla,kusursuzca,C1
7555,endorsement,onay,destekleme,ciiro,C1
7556,stretching,esneme,germe,uzatma,C1
7557,continuity,devamlılık,süreklilik,akış,C1
7558,shambles,tam bir kaos,darmadağın,harabe,C1
7559,claustrophobic,klostrofobik,basık,dar ve boğucu,C1
7560,claustrophobia,klostrofobi,kapalı alan korkusu,dar alan korkusu,C1
7561,headstrong,dik başlı,inatçı,bildiğini okuyan,C1
7562,tact,incelik,anlayış,ustalık,C1
7563,diversity,çeşitlilik,farklılık,renklilik,C1
7564,enviable,imrenilecek,kıskanılacak,göz kamaştırıcı,C1
7565,grumble,söylenmek,sızlanmak,mızmızlanmak,C1
7566,adrenaline,adrenalin,heyecan hormonu,canlılık maddesi,C1
7567,tinker,kurcalamak,tamir etmek,geliştirmeye çalışmak,C1
7568,lavatory,tuvalet,lavabo,hela,C1
7569,pinnacle,zirve,en yüksek nokta,tepe,C1
7570,insecure,güvensiz,kaygılı,tehlikeli,C1
7571,insecurely,güvensiz bir şekilde,kaygıyla,sağlam olmayarak,C1
7572,reassure,güvence vermek,rahatlatmak,teselli etmek,C1
7573,reassurance,güvence,iç rahatlığı,teşvik,C1
7574,insensitive,duyarsız,hassas olmayan,alakasız,C1
7575,insensitively,duyarsızca,anlayışsızca,kabalıkla,C1
7576,profess,açıkça söylemek,iddia etmek,itiraf etmek,C1
7577,drawback,dezavantaj,sakınca,engel,C1
7578,oversee,denetlemek,gözetmek,yönetmek,C1
7579,overseer,gözetmen,denetçi,kahya,C1
7580,estimation,tahmin,değerlendirme,kanaat,C1
7581,liaison,bağlantı,iletişim,irtibat,C1
7582,stressfully,stresli bir şekilde,gergin bir biçimde,bunaltıcı şekilde,C1
7583,loom,belirmek,dokuma tezgahı,tehdit oluşturmak,C1
7584,notwithstanding,-e rağmen,bununla birlikte,değin,C1
7585,structurally,yapısal olarak,bünyesel,mimari açıdan,C1
7586,structural,yapısal,bünyevi,inşai,C1
7587,chauffer,şoförlük yapmak,özel şoför,araçla taşımak,C1
7588,sedentary,oturarak yapılan,hareketsiz,yerleşik,C1
7589,rapport,uyum,yakın ilişki,karşılıklı anlayış,C1
7590,trying,yıpratıcı,zor,sabır tüketen,C1
7591,advisory,danışma,tavsiye niteliğinde,rehber,C1
7592,immensely,son derece,aşırı derecede,fazlasıyla,C1
7593,immense,devasa,büyük,uçsuz bucaksız,C1
7594,candid,samimi,açık sözlü,içten,C1
7595,candidly,açıkça,samimiyetle,içtenlikle,C1
7596,vitality,canlılık,hayat dolu olma,enerji,C1
7597,provoke,kımıldatmak,kışkırtmak,sebep olmak,C1
7598,provocative,kışkırtıcı,tahrik edici,düşündürücü,C1
7599,provocatively,kışkırtıcı bir şekilde,tahrik edici biçimde,dikkat çekici şekilde,C1
7600,clench,sıkmak,kenetlemek,yumruk sıkmak,C1
7601,haggle,pazarlık etmek,fiyat kırmak,tartışmak,C1
7602,scorn,küçümsemek,hor görmek,tepeden bakmak,C1
7603,scornful,küçümseyici,hor gören,istikzalı,C1
7604,scornfully,küçümseyerek,hor görerek,istihzayla,C1
7605,animatedly,canlı bir şekilde,heyecanla,hareketli biçimde,C1
7606,obscure,belirsiz,anlaşılmaz,loş,C1
7607,obscurely,belirsizce,kapalı bir şekilde,anlaşılmaz biçimde,C1
7608,elevation,yükselti,rakım,terfi,C1
7609,tediously,usandırıcı bir şekilde,sıkıcı biçimde,bıkkınlıkla,C1
7610,succession,ardışıklık,silsile,taht varisliği,C1
7611,formality,bürokratik işlem,merasim,şekilcilik,C1
7612,mountaineer,dağcı,dağ köylüsü,zirve tırmanıcısı,C1
7613,pioneer,öncü,kaşif,yenilikçi,C1
7614,quest,arayış,macera,keşif gezisi,C1
7615,transatlantic,okyanus aşırı,atlas okyanusu'nu geçen,kıtalararası,C1
7616,rudiments,temel bilgiler,elif ba,başlangıç ilkeleri,C1
7617,rudimentary,ilkel,temel,gelişmemiş,C1
7618,elevate,yükseltmek,kaldırmak,terfi ettirmek,C1
7619,meaninglessly,anlamsızca,boş yere,ma'nasız bir şekilde,C1
7620,consultation,danışma,konsültasyon,görüş alışverişi,C1
7621,plumbing,tesisat,su tesisatı işi,borulama,C1
7622,glum,üzgün,asık suratlı,mükedder,C1
7623,glumly,asık suratla,mahzun bir şekilde,üzgünce,C1
7624,gamely,cesurca,yiğitçe,metanetle,C1
7625,dissect,incelemek,ince ince tahlil etmek,kadavra kesmek,C1
7626,dissection,otopsi,tahlil,ayıklama,C1
7627,commend,övgüyle bahsetmek,tavsiye etmek,takdir etmek,C1
7628,commendation,takdir,övgü,teşekkür belgesi,C1
7629,thereby,böylece,bunun sonucunda,oradanla,C1
7630,flick,hafifçe vurmak,tıklatmak,hızlı hareket,C1
7631,flicker,titremek,yanıp sönmek,pırpır etmek,C1
7632,unenviable,imrenilmeyecek,istemeyen,zor ve sıkıntılı,C1
7633,unenviably,imrenilmeyecek şekilde,kötü bir durumda,skandal biçimde,C1
7634,allege,iddia etmek,öne sürmek,suçlamak,C1
7635,bribe,rüşvet,rüşvet vermek,sus payı,C1
7636,bribery,rüşvetçilik,rüşvet alma,irtikap,C1
7637,inclusion,içerme,dahil etme,kapsama,C1
7638,inclusively,dahil olmak üzere,kapsamlı olarak,bütünleyici biçimde,C1
7639,unconvincing,inandırıcı olmayan,ikna edici,zayıf,C1
7640,unconvincingly,inandırıcı olmayan şekilde,ikna edemeden,kuşkulu biçimde,C1
7641,recharge,yeniden şarj etmek,dinlenmek,enerji depolamak,C1
7642,elitist,seçkinci,elitist,öz Vasıflı,C1
7643,facilitation,kolaylaştırma,yardımcı olma,teşvik,C1
7644,toughness,dayanıklılık,sertlik,zorluk,C1
7645,repute,itibar,şöhret,nam,C1
7646,retention,elde tutma,akılda tutma,tutma,C1
7647,quarry,taş ocağı,av,hedef,C1
7648,specification,şartname,özellik,detaylı tarif,C1
7649,contractor,müteahhit,taşeron,yüklenici,C1
7650,possessor,sahip,zilyet,malik,C1
7651,chill,üşüme hissi,soğuk hava,neşesini kaçırmak,C1
7652,chilly,serin hava,soğuk,mesafeli tavır,C1
7653,frosty,donmuş,buz gibi,soğuk tutum,C1
7654,frostily,soğuk bir şekilde,buz gibi,mesafeli tarzda,C1
7655,consultancy,müşavirlik,danışmanlık,danışmanlık bürosu,C1
7656,impersonal,kişisel olmayan,soğuk,resmi,C1
7657,impersonally,kişisel olmadan,resmi olarak,duygusuzca,C1
7658,impersonate,taklit etmek,biri gibi davranmak,rol kesmek,C1
7659,impersonator,taklitçi,rol yapan,sanatçı,C1
7660,impersonation,taklit,rol yapma,kılık değiştirme,C1
7661,buzzer,zil,buzzer,uyarı zili,C1
7662,desertion,firar,görevden kaçma,terk etme,C1
7663,unoccupied,boş,oturulmayan,işgal edilmemiş,C1
7664,stuffy,basık,havasız,eski fikirli,C1
7665,stuffily,havasız bir şekilde,tutucu tarzda,basık şekilde,C1
7666,stuffiness,havasızlık,basıklık,tutuculuk,C1
7667,gape,ağzı açık bakmak,baka kalmak,yarık,C1
7668,unmanned,insansız,mürettebatsız,otomatik,C1
7669,meaningless,anlamsız,boş,faydasız,C1
7670,inclusive,dahil,kapsamlı,her şeyi içeren,C1
7671,aimless,amacsız,gelişigüzel,rastgele,C1
7672,overalls,tulum,iş tulumu,salopet,C1
7673,unison,uyum,bir ağızdan,birlik,C1
7674,snail,salyangoz,yavaş giden,kabuklu,C1
7675,bliss,mutluluk,cennet,saadet,C1
7676,inexhaustible,tükenmez,bitmez,sonsuz,C1
7677,acre,dönüm,arazi ölçüsü,akra,C1
7678,heifer,düve,genç inek,dişi sığır,C1
7679,ewe,koyun,dişi koyun,mera koyunu,C1
7680,adversary,rakip,düşman,muarız,C1
7681,victorious,zafer kazanmış,galip,başarılı,C1
7682,victoriously,zaferle,galip gelerek,başarıyla,C1
7683,profound,derin,kapsamlı,köklü,C1
7684,profoundly,derinden,çok,esaslı bir şekilde,C1
7685,baldly,açıkça,dosdoğru,kabak gibi,C1
7686,bearded,sakallı,kıllı,tüylü,C1
7687,professionalism,profesyonellik,uzmanlık,mesleki beceri,C1
7688,artistically,sanatsal olarak,güzel sanatlarca,estetik tarzda,C1
7689,popularization,yaygınlaştırma,popülerleştirme,halka mal etme,C1
7690,pendulum,sarkaç,değişken durum,saat sarkacı,C1
7691,predecessor,selef,önceki,eski başkan,C1
7692,lapse,hata,düşüş,süre aşımı,C1
7693,ceaseless,durmaksızın,kesintisiz,arasız,C1
7694,ceaselessly,aralıksız olarak,durmadan,kesintisizce,C1
7695,climax,zirve,en yüksek nokta,doruk,C1
7696,dither,kararsızlık,telaş,endişe,C1
7697,ploy,taktik,oyun,kurnazca plan,C1
7698,stamina,dayanıklılık,enerji,güç,C1
7699,trampoline,tramplen,zıplama tahtası,jimnastik ağı,C1
7700,neglectful,ihmalakar,kayıtsız,ilgisiz,C1
7701,aimlessly,amansızca,amaçsızca,gelişigüzel,C1
7702,rumble,gürültü,gğrültüyle inlemek,uzaktan ses,C1
7703,roundup,özet,toplama,derleme,C1
7704,conscientious,vicdanlı,titiz,özenli,C1
7705,indefinite,belirsiz,kesin değil,süresiz,C1
7706,indefinitely,süresiz olarak,belirsiz bir şekilde,uzun uzadıya,C1
7707,atmospheric,atmosferik,havaya ait,etkileyici,C1
7708,fuse,sigorta,kaynaştırmak,birleştirmek,C1
7709,fusion,kaynaşma,füzyon,birleşme,C1
7710,robust,sağlam,güçlü,dayanıklı,C1
7711,robustly,sağlam bir şekilde,kuvvetle,girişkenlikle,C1
7712,dismal,iç karartıcı,hazin,kasvetli,C1
7713,climactic,zirve noktası,heyecanlı,dorukta,C1
7714,dismally,kötü bir şekilde,iç karartıcı biçimde,kasvetle,C1
7715,craving,şiddetli istek,aşerme,arzu,C1
7716,prospective,müstakbel,olası,gelecekteki,C1
7717,swap,takas,değiş tokuş,değiştirmek,C1
7718,remotely,uzaktan,pek,azıcık,C1
7719,violet,menekşe,mor renk,mor,C1
7720,bubbly,köpüklü,neşeli,cıvıl cıvıl,C1
7721,chaotically,kaotik bir şekilde,düzensizce,karmaşık biçimde,C1
7722,apprehensive,endişeli,kaygılı,korkulu,C1
7723,settee,kanepe,koltuk,divan,C1
7724,crave,aşermek,çok istemek,özlemek,C1
7725,anticlimactic,hayal kırıklığı yaratan,sönük,heyecansız,C1
7726,conscientiously,vicdanla,titizlikle,özenle,C1
7727,forfeit,kaybetmek,ceza,hakkını yitirmek,C1
7728,plausibility,akla yatkınlık,inanırlık,mantıklılık,C1
7729,plausibly,akla yatkın şekilde,inanılır biçimde,mantıklı olarak,C1
7730,instinctive,içgüdüsel,refleks,doğal,C1
7731,instinctively,içgüdüsel olarak,düşünmeden,refleksle,C1
7732,stylistic,biçimsel,üslup,tarza ait,C1
7733,stylistically,biçimsel olarak,üslup açısından,tarz olarak,C1
7734,inheritance,miras,kalıtım,irsiyet,C1
7735,inherent,doğuştan gelen,yapısında olan,öz,C1
7736,inherently,doğası gereği,özünde,fıtraten,C1
7737,spontaneous,kendiliğinden,doğaçlama,anlık,C1
7738,spontaneously,kendiliğinden,aniden,düşünmeden,C1
7739,honk,korna çalmak,kaz sesi,bürürmek,C1
7740,goose,kaz,aptal kimse,dürtmek,C1
7741,innovate,yenilik yapmak,icat etmek,geliştirmek,C1
7742,connoisseur,uzman,bilirkişi,sanat düşkünü,C1
7743,abstraction,soyutlama,soyut düşünce,dalgınlık,C1
7744,flattery,yalakalık,yağcılık,övgü,C1
7745,tantrum,öfke nöbeti,tavır,hırs,C1
7746,discard,atmak,çıkarmak,elden çıkarmak,C1
7747,fatality,ölüm,kaza,kader,C1
7748,stiffen,sertleşmek,katılaşmak,gerilmek,C1
7749,wooded,ağaçlık,ormanlık,ağaçla kaplı,C1
7750,plausible,akla yatkın,inanılır,mantıklı,C1
7751,criteria,ölçüt,kriter,standart,C1
7752,quip,espri,laf,iğneleyici söz,C1
7753,twitch,seğirme,kasılma,titreme,C1
7754,woo,tavlamak,baştan çıkarmak,destek aramak,C1
7755,intellect,entelekt,akıl,zeka,C1
7756,descent,iniş,soy,alçalma,C1
7757,exodus,göç,toplu göç,kaçış,C1
7758,immortalize,ölümsüzleştirmek,ebedileştirmek,adını yaşatmak,C1
7759,genome,genom,gen dizilimi,kalıtım,C1
7760,fraction,kesir,kesir sayısı,küçük parça,C1
7761,faction,fırka,grup,klik,C1
7762,physique,fizik,bünye,vücut yapısı,C1
7763,utensil,gereç,alet,kap kacak,C1
7764,otter,su samuru,samur kürk,samur,C1
7765,clammy,yapışkan,nemli,rutubetli,C1
7766,flatter,yalakalık yapmak,övgü düzmek,onurlandırmak,C1
7767,dispense,dağıtmak,vermek,muaf tutmak,C1
7768,scrutinize/scrutinise,incelemek,tetkik etmek,dikkatle bakmak,C1
7769,aesthetically,estetik olarak,güzel bir şekilde,sanatsal açıdan,C1
7770,aesthetic,estetik,güzel duygu,sanatsal,C1
7771,superficially,yüzeysel olarak,üstünkörü,göstermelik,C1
7772,superficial,yüzeysel,üstünkörü,sığ,C1
7773,scrutiny,inceleme,dikkatli denetim,tetkik,C1
7774,divergent,farklı,ıraksak,ayrışan,C1
7775,dispensary,eczane,sağlık ocağı,dispanser,C1
7776,divergence,ıraksama,ayrılma,farklılaşma,C1
7777,diverge,ayrılmak,ıraksamak,farklılaşmak,C1
7778,opulence,ihtişam,varlıklılık,zenginlik,C2
7779,opulent,ihtişamlı,göz alıcı,zengin,C2
7780,dole out,dağıtmak,paylaştırmak,sadaka vermek,C2
7781,fete,kutlama,şenlik,ağırlamak,C2
7782,consign,göndermek,emanet etmek,havale etmek,C2
7783,rickety,çürük,sallantılı,dökülen,C2
7784,prise,zorla açmak,kaldırmak,sökmek,C2
7785,ingrate,nankör,kıymet bilmez,vefasız,C2
7786,dribble,damlamak,salya akıtmak,top sürmek,C2
7787,consignment,sevkiyat,konsinye,kargo,C2
7788,opulently,ihtişamla,gösterişli bir şekilde,lüks içinde,C2
7789,edify,aydınlatmak,feyz vermek,eğitmek,C2
7790,averse,karşı,kaçınan,nefret eden,C2
7791,edification,aydınlanma,feyz,ahlaki gelişim,C2
7792,sterility,kısırlık,sterillik,verimsizlik,C2
7793,crony,yakın arkadaş,kanka,yandaş,C2
7794,rhetorical,retorik,söz sanatına dayalı,laf kalabalığı,C2
7795,rhetorically,sözsel olarak,retorik açıdan,edebi dille,C2
7796,flighty,kararsız,uçarı,aklı bir karış havada,C2
7797,flightiness,uçarılık,kararsızlık,istikrarsızlık,C2
7798,brimstone,kükürt,cehennem ateşi,kezzap,C2
7799,impeccable,kusursuz,kusursuzluk,kusursuz,C2
7800,impeccably,kusursuz bir şekilde,kusursuzca,kusursuz,C2
7801,romp,neşeli oyun,koşup oynamak,kolay zafer,C2
7802,plutocrat,zengin yöneticisi,para babası,oligarşi üyesi,C2
7803,rhetoric,hitabet sanatı,güzel söz,laf kalabalığı,C2
7804,solitary,yalnız yaşayan,tek başına,ıssız yer,C2
7805,proscribe,yasaklamak,sınır dışı,men etmek,C2
7806,romper,tulum giysi,oynayan çocuk,çocuk tulumu,C2
7807,diligently,gayretle,çalışkanlıkla,özenle,C2
7808,turret,küçük kule,silah kulesi,siper kulesi,C2
7809,impressionistic,izlenimci,empresyonist,öznel yaklaşım,C2
7810,impressionistically,izlenimci tarzda,yüzeysel olarak,öznel biçimde,C2
7811,snobbery,züppelik,üstünlük taslama,bilgiçlik,C2
7812,parochial,dar görüşlü,kilise bölgesine ait,yerel odaklı,C2
7813,gravitate,yönelmek,çekilmek,akmak,C2
7814,gravitational,yerçekimsel,çekimsel,ağırlıkla ilgili,C2
7815,gravitationally,yerçekimiyle,çekim gücüyle,fiziksel çekimle,C2
7816,consternation,şaşkınlık,korku,dehşet,C2
7817,haughty,kibirli,tenezzül etmeyen,burnu havada,C2
7818,haughtily,kibirle,tepeden bakan,büyüklenerek,C2
7819,axiom,aksiyom,belit,kabul edilmiş doğru,C2
7820,attrition,yıpranma,aşınma,azalma,C2
7821,enduringly,kalıcı olarak,dayanıklı biçimde,uzun soluklu,C2
7822,reissue,yeniden basım,tekrar yayınlamak,yeniden sürüm,C2
7823,sulphur,kükürt,kükürt rengi,arı kükürt,C2
7824,sulphuric,kükürtlü,sülfürik,kükürt içeren,C2
7825,moor,bataklık arazi,mora çalılık,gemi demirlemek,C2
7826,solitariness,yalnızlık,kimsesizlik,tenhalık,C2
7827,solitude,tek başınalık,ıssızlık,halvet,C2
7828,adhere,bağlı kalmak,yapışmak,sadık kalmak,C2
7829,adhesion,yapışma,bağlılık,uyum,C2
7830,proscription,yasaklama,sınır dışı etme,men,C2
7831,axiomatic,açık,kendi kendine belli,belitsel,C2
7832,presentational,sunumla ilgili,gösterimsel,sunuşsal,C2
7833,meticulously,titizlikle,özenle,ince eleyip sık dokuyarak,C2
7834,reconciliation,uzlaşma,barışma,mutabakat,C2
7835,conciliatory,uzlaştırıcı,yatıştırıcı,ılımlı,C2
7836,conciliation,uzlaştırma,arabuluculuk,yatıştırma,C2
7837,preconception,önyargı,önceden edinilmiş fikir,peşin hüküm,C2
7838,baroque,barok,aşırı süslü,karmaşık sanat,C2
7839,virginal,bakireye ait,körpe,işlenmemiş doğa,C2
7840,spire,kule sivri ucu,tepe,minare,C2
7841,elephantine,fildimsi,devasa,hantal,C2
7842,condone,göz yummak,hoş görmek,bağışlamak,C2
7843,commodity,ticaret malı,emtia,değerli şey,C2
7844,commode,komodin,sürgü yatak,dolaplı lazımlık,C2
7845,reconcile,barıştırmak,uzlaştırmak,uydurmak,C2
7846,unobtrusive,göze batmayan,sade,alçakgönüllü,C2
7847,unobtrusiveness,göze batmazlık,sadelik,siliklik,C2
7848,compellingly,ikna edici şekilde,zorlayıcı biçimde,ilgi çekici tarzda,C2
7849,hauntingly,unutulmaz bir şekilde,etkileyici biçimde,hüzünlü bir tatla,C2
7850,brim,kenar,ağız,şapka kenarı,C2
7851,authenticity,otantisite,hakikilik,özgünlük,C2
7852,scholarly,ilmî,akademik,bilimsel,C2
7853,cognitive,bilişsel,idrakle ilgili,zihinsel,C2
7854,maverick,asi,bağımsız,buyurgan,C2
7855,artifact,eser,yapıt,kalıntı,C2
7856,preservationist,korumacı,muhafazakâr,saklayıcı,C2
7857,unobtrusively,belli etmeden,göze batmadan,sessizce,C2
7858,happenstance,tesadüf,rastlantı,şans eseri,C2
7859,plume,tüy,duman sütunu,kâkül,C2
7860,ingratiate,yaranmak,kendini sevdirmek,gözüne girmek,C2
7861,ingratiating,yaltaklanan,hoş görünmeye çalışan,yağcı,C2
7862,ingratiatingly,yaltaklanarak,yağcılıkla,kendini sevdirmeye çalışarak,C2
7863,shimmer,parıltı,titrek ışık,pırıltı,C2
7864,hull,gövde,kabuk,tekne iskeleti,C2
7865,cull,ayıklamak,seçmek,ayıklama,C2
7866,swivel,kendi etrafında dönmek,menteşe,fırdöndü,C2
7867,quiver,titreme,titremek,sadak,C2
7868,sandwiched,sıkışmış,arada kalmış,sandviç yapılmış,C2
7869,mottled,alacalı,benekli,çukurlu,C2
7870,epoxy,epoksi,yapıştırıcı reçine,epoksi reçine,C2
7871,angular,açılı,köşeli,kemikli,C2
7872,angularity,köşelilik,açısallık,sert hat,C2
7873,dampen,nemlendirmek,azaltmak,şevkini kırmak,C2
7874,buccaneer,korsan,deniz haydutu,maceracı,C2
7875,conglomerate,konglomera,şirketler topluluğu,kümeleşmek,C2
7876,cay,mercan adacığı,küçük ada,kum adası,C2
7877,singe,yakmak,ütülemek,hafifçe kavurmak,C2
7878,cordon,kordon,güvenlik çemberi,şerit,C2
7879,fabled,efsanevi,masalsı,dilden dile dolaşan,C2
7880,infernal,cehennemsi,azap verici,nefret edilesi,C2
7881,infernally,cehennem gibi,aşırı derecede,katlanılmaz şekilde,C2
7882,embed,gömmek,yerleştirmek,tutturmak,C2
7883,meticulous,titiz,özenli,detaycı,C2
7884,cinematographer,görüntü yönetmeni,kamera direktörü,sinemacı,C2
7885,depravity,ahlaksızlık,sapkınlık,yozlaşma,C2
7886,maliciously,kötü niyetle,kasten,hasmane,C2
7887,perversity,sapıklık,inatçılık,azgınlık,C2
7888,opaque,opak,saydam olmayan,anlaşılmaz,C2
7889,opacity,matlık,opaklık,anlaşılmazlık,C2
7890,remit,havale etmek,bağışlamak,göndermek,C2
7891,remittance,havale,para transferi,ödeme,C2
7892,recourse,başvuru,çare,müracaat,C2
7893,pedestal,kaide,ayak,sütun başlığı,C2
7894,lurid,ürkütücü,sansasyonel,soluk renkli,C2
7895,luridly,ürkütücü bir şekilde,göz alıcı biçimde,çarpıcı şekilde,C2
7896,fallacy,yanılgı,hurafe,geçersiz mantık,C2
7897,perverse,sapık,aksilik,kasıtlı terslik,C2
7898,rife,yaygın,bol,kaynayan,C2
7899,mercenary,paralı asker,çıkarcı,menfaatçi,C2
7900,polysyllabic,çok heceli,uzun kelimeli,müteaddit heceli,C2
7901,syllabic,hece ile ilgili,heceli,heceye dayanan,C2
7902,superfluous,fazla,gereksiz,lüzumsuz,C2
7903,superfluously,fazladan,gereksiz yere,lüzumsuzca,C2
7904,snippet,kırpıntı,parça,alıntı,C2
7905,practitioner,uygulayıcı,uygulayan,serbest meslek erbabı,C2
7906,ephemeral,geçici,ömürsüz,günlük,C2
7907,ephemera,geçici şeyler,günlük belgeler,kısa ömürlüler,C2
7908,ephemerality,geçicilik,gelip geçicilik,ömürsüzlük,C2
7909,summarily,özetle,derhal,kısaca,C2
7910,interrogatively,soru yoluyla,sorgulayarak,soru sorarak,C2
7911,interrogative,soru,sorgulayıcı,soru bildiren,C2
7912,interrogation,sorgu,sorgulama,sorguya çekme,C2
7913,austerely,sade,sıkı,ciddi bir şekilde,C2
7914,qualm,vicdan azabı,kuşku,mide bulantısı,C2
7915,austerity,tasarruf,sadelik,kısıtlama,C2
7916,idiosyncrasy,huyluluk,özgünlük,değişik özellik,C2
7917,idiosyncratic,kendine özgü,has,münferit,C2
7918,idiomatic,deyimsel,deyime uygun,tabii,C2
7919,idiomatically,deyimsel olarak,deyimler yardımıyla,tabii biçimde,C2
7920,kinetic,hareketli,kinetik,hareketle ilgili,C2
7921,kinetically,kinetik olarak,hareket yoluyla,devingen biçimde,C2
7922,unmediated,aracısız,doğrudan,vasıtasız,C2
7923,mediate,aracılık etmek,uzlaştırmak,aracı olmak,C2
7924,mediation,aracılık,uzlaştırma,tavassut,C2
7925,unharried,rahat,sıkıştırılmamış,acele ettirilmemiş,C2
7926,figuratively,mecazi olarak,mecazen,figüratif şekilde,C2
7927,exorcism,cin çıkarma,şeytan kovma,kötü ruhu defetme,C2
7928,exorcist,şeytan kovucu,cinci,ruh çıkaran,C2
7929,mundanity,sıradanlık,dünyevilik,olağanlık,C2
7930,mediocrity,sıradanlık,orta,vasatlık,C2
7931,dubiously,şüpheli bir şekilde,kuşkuyla,zan altında,C2
7932,curate,düzenlemek,seçmek,küratörlük yapmak,C2
7933,curator,küratör,müze müdürü,sergi yöneticisi,C2
7934,antithesis,zıtlık,karşıt,tez zıddı,C2
7935,antithetical,zıt,karşıt,taban tabana zıt,C2
7936,parameter,parametre,değişken,ölçüt,C2
7937,detract,azaltmak,lekelemek,gölge düşürmek,C2
7938,interrogate,sorgulamak,sorguya çekmek,soru sorarak incelemek,C2
7939,infallibly,şaşmaz bir şekilde,kesinlikle,yanılmaksızın,C2
7940,cinematography,sinemacılık,film yapımı,kamera çalışması,C2
7941,infallible,yanılmaz,kusursuz,şaşmaz,C2
7942,depraved,ahlaksız,sapık,yozlaşmış,C2
7943,euphemistic,güzel adlamalı,kibar ifade,örtmece,C2
7944,euphemistically,kibarca,örtmeceli olarak,nazikçe,C2
7945,condensation,yoğunlaşma,su buharı damlacığı,özetleme,C2
7946,redundancy,fazlalık,gereksizlik,işten çıkarma,C2
7947,redundantly,fazladan,gereksiz yere,tekrara düşerek,C2
7948,colloquial,konuşma dili,günlük konuşma,halk dili,C2
7949,colloquium,konferans,bilimsel toplantı,tartışma toplantısı,C2
7950,colloquially,konuşma diliyle,günlük dille,halk ağzıyla,C2
7951,allusion,dolaylı yollardan atıf,gönderme yapma,anımsatma sözü,C2
7952,allude,üstü kapalı değinmek,gönderme yapmak,ima etmek,C2
7953,disparage,küçümsemek,değerden düşürmek,yermek,C2
7954,euphemism,güzel adlandırma,kibar ifade,taçlı söz,C2
7955,disparaging,küçümseyici,aşağılayıcı,değer düşürücü,C2
7956,disparagement,küçümseme,karalama,değersizleştirme,C2
7957,huddle,büzülmek,toplaşmak,sıkışıp kalmak,C2
7958,topography,yer bilimi,yüzey betimlemesi,topografya,C2
7959,topographical,yer şekliyle ilgili,topografik,yüzey bilimine ait,C2
7960,topographically,yer şekilleri bakımından,topografik olarak,yüzeysel açıdan,C2
7961,confabulate,uydurmak,sohbet etmek,hafıza boşluğunu doldurmak,C2
7962,confabulation,uydurma anı,sohbet,hatıra uydurması,C2
7963,surrealist,gerçeküstücü,sürrealist,hayalci sanatçı,C2
7964,surrealism,gerçeküstücülük,sürrealizm,bilinçaltı sanatı,C2
7965,contrive,tasarlamak,başarmak,tezgâhlamak,C2
7966,malice,kötülük,haset,kin,C2
7967,malicious,kötü niyetli,hasetçi,zararlı,C2
7968,disparagingly,küçümseyerek,aşağılayıcı şekilde,yererek,C2
7969,secularly,dünyevi olarak,laik biçimde,din dışı,C2
7970,secular,laik,dünyevi,çağdaş,C2
7971,deprecate,kınamak,hoş görmemek,değer vermemek,C2
7972,deprecatingly,kınayarak,onaylamaz tavırla,küçümsercesine,C2
7973,revile,küfretmek,azarlamak,sövmek,C2
7974,revulsion,iğrenme,tiksinti,ani tepki,C2
7975,meager/meagre,kıt,yetersiz,cılız,C2
7976,arcane,gizemli,bilinmeyen,saklı,C2
7977,arcanely,gizemli bir şekilde,anlaşılmaz biçimde,esrarengizce,C2
7978,porten,alamet olmak,işaret etmek,habercisi olmak,C2
7979,divination,kehanet,fal bakma,gözle tahmin,C2
7980,flit,uçuşmak,hızla geçmek,seğirtmek,C2
7981,hitch,engel,otostop,bağlantı,C2
7982,prone,meyilli,yatkın,yüzüstü,C2
7983,scavenger,çöpçü,leşçil,ayıklayıcı,C2
7984,vermin,zararlı haşere,asalak,pis kişi,C2
7985,totemic,totemsel,kutsal simgesel,kabile simgesi,C2
7986,emulate,taklit etmek,öykünmek,yarışmak,C2
7987,emulation,öykünme,taklit,benzetme,C2
7988,avian,kuşlarla ilgili,kümes hayvanı,kuş türü,C2
7989,vestigial,kalıntı,güdük,iz hâlindeki,C2
7990,vestigially,kalıntı olarak,izsel biçimde,güdük kalmış şekilde,C2
7991,brouhaha,kargaşa,gürültü patırtı,velvele,C2
7992,magnate,sanayici,büyük patron,zengin iş adamı,C2
7993,magnanimous,alçakgönüllü,yüce gönüllü,cömert,C2
7994,magnanimously,yüce gönüllülükle,büyüklük göstererek,cömertçe,C2
7995,magnanimity,yüce gönüllülük,ali cenaplık,büyüklük,C2
7996,whirlwind,hortum,kasırga,hızlı süreç,C2
7997,infallibility,yanılmazlık,hatasızlık,kesin doğruluk,C2
7998,besiege,kuşatmak,ablukaya almak,sarıp sarmalamak,C2
7999,cloistered,manastır hayatı yaşayan,izole,kapalı çevre,C2
8000,armory/armoury,cephanelik,silahhane,silah deposu,C2
8001,apostle,havari,öncü,misyoner,C2
8002,blubber,balina yağı,hıçkırarak ağlamak,şiş yağlı yüz,C2
8003,blubbery,yağlı,şiş,ağlak,C2
8004,trifle,önemsiz şey,tatlı,zaman harcamak,C2
8005,eke out,zor geçinmek,idareli kullanmak,dar gelirle yaşamak,C2
8006,paramount,en üstün,başlıca,çok önemli,C2
8007,squirm,kıvranmak,kıvranma,huzursuzlanmak,C2
8008,squirmy,kıvranan,ele avuca sığmaz,rahatsız edici,C2
8009,floe,buz kütlesi,yüzen buz,buz levhası,C2
8010,ruminative,düşünceli,dalaşan,geviş getiren,C2
8011,embody,somutlaştırmak,içermek,temsil etmek,C2
8012,wistful,hüzünlü,özlem dolu,dalgın,C2
8013,wistfully,hüzünle,özlemle,dalgınca,C2
8014,mercantile,ticari,tüccara ait,çıkarcı,C2
8015,skew,eğriltmek,çarpıtmak,sapma,C2
8016,subsist,geçinmek,yaşamını sürdürmek,var olmak,C2
8017,subsistence,geçim,yaşam,zaruri geçim,C2
8018,subsidy,destekleme,maddi yardım,prim,C2
8019,subsidize,maddi destek sağlamak,para yardımı yapmak,fonlamak,C2
8020,legion,lejy,sayısız,askeri birlik,C2
8021,confrontational,yüzleşmeci,kavgacı,tartışmaya açık,C2
8022,confrontationally,yüzleşmeci bir şekilde,kavgacı tarzda,agresifçe,C2
8023,bout,müsabaka,nöbet,raunt,C2
8024,embodiment,somut örnek,temsil,canlandırma,C2
8025,ruminant,geviş getiren hayvan,geviş getiren,derin düşünen,C2
8026,rumination,derin düşünce,kuru kuruya yineleme,geviş getirme,C2
8027,ruminate,derin düşünmek,kırk kere düşünmek,geviş getirmek,C2
8028,prurience,şehvet düşkünlüğü,açgözlü merak,müstehcenlik,C2
8029,tetchy,huzursuz,ters,alıngan,C2
8030,agile,çevik,hareketli,zinde,C2
8031,agility,çeviklik,özgüllük,kıvraklık,C2
8032,aghast,dehşete düşmüş,şaşkın,korkmuş,C2
8033,dwarfism,cücelik,bodurluk,gelişmeme,C2
8034,etch,kazımak,asitle aşındırmak,iz bırakmak,C2
8035,etching,oyma,gravür,asitle kazıma,C2
8036,rapture,büyük sevinç,coşku,vehit,C2
8037,rapturous,coşkulu,kendinden geçiren,sevinç dolu,C2
8038,rapturously,coşkuyla,hayranlıkla,büyük sevinçle,C2
8039,ad lib,doğaçlama yapmak,hazırlıksız,serbestçe,C2
8040,ad-lib,doğaçlama,hazırlıksız konuşma,spontane,C2
8041,improvisational,doğaçlama,hazırlıksız yapılan,icat edilen,C2
8042,acrobatics,akrobasi,cambazlık,ustalık,C2
8043,acrobatically,akrobatik olarak,cambaz gibi,kıvrakça,C2
8044,acrobatic,akrobatik,cambazane,esnek,C2
8045,arduous,güç,zahmetli,yorucu,C2
8046,ardor/ardour,şiddetli arzu,coşku,ateş,C2
8047,arduously,zahmetle,güçlükle,yorucu bir şekilde,C2
8048,counterproductive,ters etki yaratan,verimsiz,amaca aykırı,C2
8049,counterproductively,ters etki yaratarak,verimsiz bir şekilde,zıt sonuçla,C2
8050,proverbial,atasözü niteliğinde,dillere destan,meşhur,C2
8051,instantaneous,anında olan,ani,lahzî,C2
8052,instantaneously,anında,derhal,aniden,C2
8053,mull over,iyice düşünmek,kafasında tartmak,üzerine kafa yormak,C2
8054,gout,damla hastalığı,mısır damlası,gut,C2
8055,prurient,şehvet düşkünü,cinselliğe meraklı,açgözlü,C2
8056,hinder,engel olmak,mani olmak,aksatmak,C2
8057,myriad,sayısız,pek çok,uçsuz bucaksız,C2
8058,farcical,gülünç,saçma,komik,C2
8059,incise,kesmek,oyarak işlemek,yararak açmak,C2
8060,incipient,başlangıç halindeki,yeni başlayan,emare gösteren,C2
8061,echolocation,eko ile yer bulma,yankı bulgulama,sesle yönelme,C2
8062,echolocate,yankıyla bulmak,eko ile yer saptamak,sesle yön tayin etmek,C2
8063,reverb,yankı,akis,çınlama,C2
8064,reverberation,yankılanma,yankı,akis,C2
8065,reverberate,yankılanmak,aksetmek,çınlamak,C2
8066,ingenuous,saf,deneyimsiz,açık kalpli,C2
8067,ingenuously,saflıkla,masumca,safiyane,C2
8068,impresario,sanat organizatörü,menajer,impresaryo,C2
8069,ecotourism,ekoturizm,doğa turizmi,eko turizm,C2
8070,elasticity,esneklik,lastiksik özellik,bükülebilirlik,C2
8071,salivary,tükürükle ilgili,tükürüksel,tükürük bezi,C2
8072,hypnotherapy,hipnoterapi,hipnoz tedavisi,uyku terapisi,C2
8073,wholly,tamamen,bütünüyle,külliyen,C2
8074,remorseful,vicdan azabı çeken,pişman,müteessir,C2
8075,remonstrate,itiraz etmek,karşı çıkmak,sitem etmek,C2
8076,remonstrance,itiraz,protesto,yakınma,C2
8077,unexcused,mazeretsiz,özürsüz,bağışlanmamış,C2
8078,unexceptionally,olağan bir şekilde,sıradan biçimde,istisnasız olarak,C2
8079,unexceptional,sıradan,olağan,özelliksiz,C2
8080,inexorable,acımasız,önlenemez,kehanet gibi kesin,C2
8081,inexorably,kaçınılmaz bir şekilde,acımasızca,önlenemez biçimde,C2
8082,austere,sade,çilekeş,katı,C2
8083,synthesis,sentez,bireşim,birleşim,C2
8084,attributive,sıfat görevi gören,niteleyici,atfedilen,C2
8085,attuned,uyumlu,alışkın,ayarlanmış,C2
8086,deaden,uюuşturmak,şiddetini azaltmak,köreltmek,C2
8087,histrionic,tiyatral,yapmacık,gösterişli,C2
8088,histrionically,tiyatrovari,aşırı duygusal,yapmacık bir şekilde,C2
8089,marketability,satılabilirlik,pazarlanabilirlik,sürüm,C2
8090,tacit,üstü kapalı,zımni,sessiz onaylanan,C2
8091,tacitly,sessizce,zımnen,belli etmeden,C2
8092,taciturn,az konuşan,sessiz,ağzı sıkı,C2
8093,taciturnity,az konuşma,sessizlik,suskunluk,C2
8094,surreptitious,gizli,arkadan iş çeviren,kaçamak,C2
8095,surreptitiously,gizlice,faktir çaktırmadan,gizli kapaklı,C2
8096,allegory,alegori,temsil,benzetme,C2
8097,allegorical,alegorik,sembolik,temsili,C2
8098,seedy,berbat,süprüntü,ahlaksız,C2
8099,punitive,cezalandırıcı,cezai,tazminat niteliğinde,C2
8100,punitively,cezalandırma amacıyla,cezai olarak,ağır bir şekilde,C2
8101,milieu,çevre,ortam,sosyokültürel muhit,C2
8102,self-aggrandizement/self-aggrandisement,öz yüceltme,kendi kendini büyütme,güç tutkusu,C2
8103,unadulterated,saf,katışıksız,safkan,C2
8104,adulterate,hile karıştırmak,kalitesini düşürmek,bozmak,C2
8105,patronize/patronise,tasallut etmek,yukarıdan bakmak,müşterisi olmak,C2
8106,patronizing/patronising,tepeden bakan,küçümseyen,himaye eden,C2
8107,patronizingly/patronisingly,tepeden bakan bir şekilde,küçümsercesine,himaye edercesine,C2
8108,cogent,ikna edici,kuvvetli,geçerli,C2
8109,cogently,ikna edici bir şekilde,kuvvetle,mantıklıca,C2
8110,incongruous,uyumsuz,yersiz,tutarsız,C2
8111,incongruously,uyumsuz bir şekilde,yersizce,eğreti olarak,C2
8112,incongruity,uyumsuzluk,tutarsızlık,eğretilik,C2
8113,hindrance,engel,mani,aksama,C2
8114,cloister,manastır,avlu,kapatmak,C2
8115,truism,gerçek,malum söz,aşikar hakikat,C2
8116,derisive,alaycı,istikzaz edici,küçümser,C2
8117,aberration,sapma,anormallik,fısıltı,C2
8118,emulsify,emülsifiye etmek,sütleştirmek,karıştırmak,C2
8119,emulsification,emülsifikasyon,emülsiyonlaşma,yağlaştırma,C2
8120,emulsifier,emülgatör,karıştırıcı,dağıtıcı,C2
8121,additive,katkı maddesi,ek,katkılı,C2
8122,confection,şekerleme,tatlı,hazır giyim,C2
8123,proximal,yakın,proksimal,merkeze yakın,C2
8124,vandalize,tahrip etmek,kötüye kullanmak,zarar vermek,C2
8125,vandal,vandal,tahripçi,kabalık eden,C2
8126,feign,yapmacık hareket etmek,taklit etmek,uydurmak,C2
8127,paradoxical,çelişkili,paradoksal,şaşırtıcı,C2
8128,paradoxically,çelişkili bir şekilde,şaşırtıcı biçimde,tersine olarak,C2
8129,abhorrently,nefret uyandıracak şekilde,iğrenç bir biçimde,kötü niyetle,C2
8130,laryngitis,larenjit,gırtlak iltihabı,ses kısıklığı,C2
8131,astringent,büzücü,sert,keskin,C2
8132,stringently,katı bir şekilde,sıkı bir biçimde,tavizsizce,C2
8133,standing,itibar,mevki,sürekli,C2
8134,economize/economise,tasarruf etmek,idareli kullanmak,ekonomikleşmek,C2
8135,breadwinner,evi geçindiren kimse,ekmek parası kazanan,hane reisi,C2
8136,cosset,şımartmak,üzerine titremek,korumak,C2
8137,counsel,tavsiye,avukat,danışmanlık,C2
8138,misdemeanor/misdemanour,kabahat,küçük suç,saygısızlık,C2
8139,aptitude,yetenek,kabiliyet,yatkınlık,C2
8140,torrential,şiddetli,sel gibi,coşkun,C2
8141,banish,sürgün etmek,uzaklaştırmak,kovmak,C2
8142,banishment,sürgün,uzaklaştırma,kovulma,C2
8143,stringent,katı,sıkı,tavizsiz,C2
8144,abhor,nefret etmek,iğrenmek,tiksinmek,C2
8145,abhorrent,iğrenç,nefret uyandıran,tiksindirici,C2
8146,rebuke,azarlamak,paylamak,eleştirmek,C2
8147,annex,ilhak etmek,ek,birlik,C2
8148,resuscitate,ayıltmak,hayata döndürmek,canlandırmak,C2
8149,resuscitation,canlandırma,ayıltma,solunum desteği,C2
8150,ravish,büyülemek,mest etmek,ırzına geçmek,C2
8151,fabricate,uydurmak,imal etmek,yapmak,C2
8152,fabrication,uydurma,imalat,kuruntu,C2
8153,patchy,düzensiz,yamalı,istikrarsız,C2
8154,patchily,düzensiz olarak,kısım kısım,dağınık biçimde,C2
8155,resounding,yankılanan,çınlayan,kesin,C2
8156,resoundingly,güçlü bir şekilde,kesin olarak,yankılanarak,C2
8157,resound,yankılanmak,çınlamak,ses vermek,C2
8158,ordain,atamak,buyurmak,kutsal kılmak,C2
8159,inchoate,başlangıç aşamasında,olgunlaşmamış,kararsız,C2
8160,inchoately,taslak halinde,ilkel biçimde,belirsizce,C2
8161,elated,sevinçli,coşkulu,mesut,C2
8162,elation,coşku,mutluluk,sevinç,C2
8163,hysteria,histeri,aşırı heyecan,sinir krizi,C2
8164,hysterical,histerik,aşırı heyecanlı,delicesine,C2
8165,hysterically,histerik bir şekilde,katıla katıla,aşırı heyecanla,C2
8166,jarring,rahatsız edici,sarsıcı,uyumsuz,C2
8167,suffuse,bürümek,kaplamak,yayılmak,C2
8168,totter,sallanmak,titremek,sendelemek,C2
8169,pyre,cenaze ateşi,odun yığını,mükte,C2
8170,contemptuous,küçümseyici,hor gören,tepeden bakan,C2
8171,contemptuously,küçümseyerek,hor görüyle,tepeden bakarak,C2
8172,forlorn,çaresiz,kimsesiz,sefil,C2
8173,forlornly,çaresizce,ümitsizce,boynu bükük,C2
8174,knack,ustalık,beceri,hüner,C2
8175,derisively,alaycı bir şekilde,istihzayla,küçümseyerek,C2
8176,fruition,meyve verme,gerçekleşme,sonuçlanma,C2
8177,tantalizingly/tantalisingly,akıl çelici biçimde,iştah açıcı şekilde,merak uyandırarak,C2
8178,verily,gerçekten,hakikaten,doğrusu,C2
8179,veritable,gerçek,hakiki,adeta,C2
8180,verisimilitude,gerçekçilik,akla yakınlık,doğruluk,C2
8181,artifice,ustalık,hile,düzen,C2
8182,unfeasible,yapılamaz,gerçekleştirilemez,oluruz,C2
8183,unfeasibly,uygulanamaz biçimde,imkansızca,gerçekçi olmayan,C2
8184,behest,emir,ricat,talep,C2
8185,virtuoso,sanat üstadı,virtüöz,usta,C2
8186,virtuosity,ustalık,sanat mahareti,virtüözlük,C2
8187,crippling,felç edici,sakat bırakıcı,yıkıcı,C2
8188,verbatim,kelimesi kelimesine,aynen,harfiyen,C2
8189,nascent,yeni doğan,oluşmakta olan,başlangıçtaki,C2
8190,corpus,külliyat,derlem,gövde,C2
8191,wheeze,hırıltı,hırıldamak,nefes darlığı,C2
8192,neophyte,acemi,yeni başlayan,mürit,C2
8193,coax,dil dökmek,ikna etmek,baştan çıkarmak,C2
8194,formidably,korkunç bir şekilde,tehditkar biçimde,zorlu şekilde,C2
8195,squint,şaşılık,gözlerini kısmak,şaşı bakmak,C2
8196,hoist,kaldırmak,vinç,yukarı çekmek,C2
8197,flatout,son sürat,kesin olarak,var gücüyle,C2
8198,buzzard,şahin,atmaca,leş kargası,C2
8199,bogus,sahte,düzmece,kalpazan,C2
8200,derision,alay,istihza,küçümseme,C2
8201,smattering,yüzeysel bilgi,az miktar,küçük grup,C2
8202,intersperse,serpiştirmek,ara vermeden serpiştirmek,aralara koymak,C2
8203,assimilation,asimilasyon,benzeşme,sindirim,C2
8204,assimilate,benzeştirmek,özümsemek,kavramak,C2
8205,maelstrom,girdap,kaos,girdaplı deniz,C2
8206,vortex,girdap,hortum,merkez,C2
8207,depressive,depresif,bunalımlı,iç sıkıcı,C2
8208,shoal,sığlık,balık sürüsü,tehlike,C2
8209,scroll,parşömen,rulo,kaydırma,C2
8210,collide,çarpışmak,çatışmak,karşılaşmak,C2
8211,collider,çarpıştırıcı,parçacık hızlandırıcı,çarpışma aracı,C2
8212,edifice,görkemli bina,yapı,büyük yapı,C2
8213,thicket,çalılık,sık koruluk,dikenlik,C2
8214,leaven,мая,mayalamak,etki etmek,C2
8215,leavening,mayalama,kabartma tozu,etken,C2
8216,ethos,etos,değerler bütünü,ruh,C2
8217,interweave,örgülemek,iç içe geçirmek,bağlamak,C2
8218,burgeoning,filizlenen,hızla büyüyen,gelişen,C2
8219,indiscrete,ayrılmamış,bütünleşik,karmaşık,C2
8220,indiscretion,dikkatsizlik,patavatsızlık,pot kırma,C2
8221,telescopic,teleskopik,uzak gören,iç içe geçen,C2
8222,telescopically,teleskopik olarak,uzaktan,yakınlaştırarak,C2
8223,amorphous,amorf,şekilsiz,biçimsiz,C2
8224,amorphously,şekilsizce,biçimsiz bir şekilde,belirsizce,C2
8225,hamper,engellemek,sepet,zorlaştırmak,C2
8226,deterrent,caydırıcı,engel,caydırıcı unsur,C2
8227,selectivity,seçicilik,seçme yeteneği,titizlik,C2
8228,fractious,huysuz,geçimsiz,itaatsiz,C2
8229,mystique,gizem,mit,çekicilik,C2
8230,tantalize/tantalise,imrendirmek,umutlandırmak,cezbetmek,C2
8231,nigh,yakın,neredeyse,yakında,C2
8232,cocoon,koza,sarmak,korumak,C2
8233,calamitous,felaket,yıkıcı,facia,C2
8234,midwifery,ebelik,ebe mesleği,doğurtma,C2
8235,adornment,süs,dekor,süsleme,C2
8236,conjecture,tahmin,varsayım,çıkarım,C2
8237,malleable,şekil verilebilir,tavlanabilir,esnek,C2
8238,malleability,işlenebilirlik,şekil verilebilirlik,esneklik,C2
8239,ore,cevher,maden,mineral,C2
8240,gale,fırtına,bora,kahkaha,C2
8241,promenade,gezi yolu,gezinti,sahil,C2
8242,testimonial,tavsiye mektubu,referans,şahitlik,C2
8243,monastic,manastır,çilekeş,yalın,C2
8244,distill,damıtmak,özünü çıkarmak,süzmek,C2
8245,informant,bilgi veren,muhbir,kaynak kişi,C2
8246,vis-a-vis,karşısında,ile ilgili olarak,karşı taraf,C2
8247,overlay,kaplama,örtmek,katman,C2
8248,nostalgia,nostalji,özlem,hasret,C2
8249,nostalgic,nostaljik,özlemli,duygusal,C2
8250,nostalgically,nostaljik olarak,özlemle,eskiyi anarak,C2
8251,grievance,şikayet,yakınma,hoşnutsuzluk sebebi,C2
8252,residue,kalıntı,artık,tortu,C2
8253,residual,artık,kalan,kalıntı,C2
8254,physiological,fizyolojik,yaşambilimsel,biyolojik,C2
8255,physiologically,fizyolojik olarak,yaşambilimsel yönden,biyolojik bakımdan,C2
8256,distillation,damıtma,ayıklama,özümseme,C2
8257,carbonize/carbonise,kömürleştirmek,karbonlaştırmak,kömür haline getirmek,C2
8258,anthropological,antropolojik,insanbilimsel,beşeri bilim,C2
8259,liaise,bağlantı kurmak,işbirliği yapmak,koordinasyon sağlamak,C2
8260,contractual,sözleşmeli,akdi,mukaveleye dayalı,C2
8261,contractually,sözleşmeyle,akdi olarak,mukavele gereği,C2
8262,abject,sefil,içler acısı,aşağılık,C2
8263,sheaf,demet,bağlama,desteste,C2
8264,articulation,ifade etme,eklemleşme,telaffuz,C2
8265,spurious,sahte,düzmece,asılsız,C2
8266,spuriously,sahte bir şekilde,düzmece olarak,asılsızca,C2
8267,calorific,kalorifik,ısı veren,kalori değeri olan,C2
8268,anthropologically,antropolojik açıdan,insanbilimsel olarak,beşeri bilimler yönünden,C2
8269,fabulate,hikaye uydurmak,masal anlatmak,hayal üretmek,C2
8270,octogenarian,seksenlik,seksen yaşlarında kimse,seksenlik insan,C2
8271,voracity,doymazlık,aşırı düşkünlük,hırs,C2
8272,brandish,savurmak,sallamak,gözdağı vermek,C2
8273,repose,dinlenme,huzur,dayanmak,C2
8274,unencumbered,yükümlülükten uzak,borçsuz,engelsiz,C2
8275,buffoonery,palyaçoluk,maskaralık,soytarılık,C2
8276,gauche,acemi,kaba,yersiz,C2
8277,domesticity,ev hayatı,evçillik,aile yaşamı,C2
8278,accrue,tahakkuk etmek,birikmek,artmak,C2
8279,proliferation,çoğalma,yayılma,artış,C2
8280,blandishment,dil dökme,tatlı söz,okşama,C2
8281,fabulation,uydurma,masal anlatma,kurgulama,C2
8282,methodology,metodoloji,yöntembilim,yöntemler bütünü,C2
8283,methodological,metodolojik,yöntembilimsel,yöntemsel,C2
8284,methodologically,metodolojik olarak,yöntembilimsel açıdan,yöntemsel yönden,C2
8285,notoriously,kötü ünle,nam salmış şekilde,herkesçe bilindiği üzere,C2
8286,notoriety,kötü ün,adı çıkmışlık,şöhret,C2
8287,menial,sıradan iş,hizmetkarca,vasıfsız iş,C2
8288,insular,adalara ait,dar görüşlü,izole,C2
8289,antidote,panzehir,çare,giderici,C2
8290,postural,duruşla ilgili,postüral,vücut duruşuna dair,C2
8291,posturing,poz kesme,gösteriş yapma,tavır takınma,C2
8292,revelatory,göz açıcı,gerçeği ortaya koyan,ifşa edici,C2
8293,prostrate,yüzüstü kapanmış,bitkin,serilmek,C2
8294,haphazard,gelişigüzel,rastgele,düzensiz,C2
8295,haphazardly,gelişigüzelce,rastgele bir şekilde,düzensizce,C2
8296,deficiently,eksik bir şekilde,yetersizce,kusurlu olarak,C2
8297,delicatessen,şarküteri,hazır yemek dükkanı,gıda pazarı,C2
8298,muscle-bound,aşırı kaslı,kasları şişkin,esnekliği azalmış,C2
8299,posit,ileri sürmek,varsaymak,konumlandırmak,C2
8300,chrysalis,krizalit,pupa,koza,C2
8301,ignominious,Utanç verici,Rezil edici,Onur kırıcı,C2
8302,ignominiously,Utanç verici şekilde,Rezil bir şekilde,Onur kırıcı tarzda,C2
8303,euphoria,Aşırı mutluluk,Coşku,Keyif sarhoşluğu,C2
8304,euphoric,Aşırı mutlu,Coşkulu,Keyifli,C2
8305,deficient,Eksik,Yetersiz,Kusurlu,C2
8306,outmoded,Modası geçmiş,Eskimiş,Kullanımdan kalkmış,C2
8307,autonomously,Özerk olarak,Bağımsız bir şekilde,Kendi kendine,C2
8308,autonomous,Özerk,Bağımsız,Kendi kendine çalışan,C2
8309,proportional,Orantılı,Oranlı,Mütenasip,C2
8310,proportionally,Orantılı olarak,Nispeten,Oranlı bir şekilde,C2
8311,habitation,İskan,Barınma,İkamet,C2
8312,inartistic,Sanatsal olmayan,Zevksiz,Kaba,C2
8313,ornate,Süslü,Bezenmiş,Sanatlı,C2
8314,modernism,Modernizm,Yenilikçilik,Çağdaşcılık,C2
8315,presuppose,Peşinen varsaymak,Önceden kabul etmek,Gereketirmek,C2
8316,presupposition,Ön varsayım,Peşin hüküm,Ön kabul,C2
8317,centralized/centralised,Merkezi,Merkezileştirilmiş,Tek elde toplanmış,C2
8318,transmitter,Verici,Aktarıcı,Telsiz vericisi,C2
8319,regulatory,Düzenleyici,Denetleyici,Kural koyucu,C2
8320,archival,Arşivlik,Arşive ait,Belgesel nitelikte,C2
8321,diffuse,Yaymak,Dağıtmak,Saçmak,C2
8322,egalitarian,Eşitlikçi,Eşitliği savunan,Halkçı,C2
8323,hindsight,Sonradan anlama,Geçmişi değerlendirme,İş işten geçtikten sonra,C2
8324,materialize/materialise,Gerçekleşmek,Somutlaşmak,Maddeselleşmek,C2
8325,materialization/materialisation,Gerçekleşme,Somutlaşma,Meydana gelme,C2
8326,disperse,Dağıtmak,Dağılmak,Uzaklaştırmak,C2
8327,dispersal,Dağılma,Dağıtma,Yayım,C2
8328,stabilize/stabilise,İstikrara kavuşturmak,Dengelemek,Sabitlemek,C2
8329,pervasive,Yaygın,Her yere nüfuz eden,Haddinden fazla yayılan,C2
8330,pervasiveness,Yaygınlık,Nüfuz etme,Her yeri kaplama,C2
8331,circumnavigation,Dünyayı dolaşma,Çevresini dolaşma,Seyirle geçme,C2
8332,circumnavigate,Dünyayı dolaşmak,Çevresinden dolaşmak,Etrafını deniz yoluyla geçmek,C2
8333,oblique,Eğik,Dolaylı,Açılı,C2
8334,facsimile,Faks,Tıpkıbasım,Kopya,C2
8335,shamble,Sürüyerek yürümek,Aksatmak,Ağır adımlarla yürümek,C2
8336,whir,Vızıltı,Vızıldamak,Hızla dönmek,C2
8337,blight,Bitki yanıklığı,Bela,Kötü koku veya etki,C2
8338,puritanical,Püriten,Aşırı derecede ahlakçı,Takatli,C2
8339,brood,Kuluçka,Yavru kümesi,Kara kara düşünmek,C2
8340,disdainful,Küçümseyici,Hakir gören,Tepeden bakan,C2
8341,zoologist,Zooloji uzmanı,Hayvan bilimci,Zoolog,C2
8342,zoology,Zooloji,Hayvan bilimi,Hayvanat bilimi,C2
8343,encumbrance,Yük,Engel,Mükellefiyet,C2
8344,encumber,Yük olmak,Engellemek,Zorlaştırmak,C2
8345,hypothesis,Hipotez,Varsayım,Ön sav,C2
8346,hypothetical,Varsayımsal,Farazi,İhtimali,C2
8347,parasitic,Parazit,Asalak,Başkasının sırtından geçinen,C2
8348,plumage,Kuş tüyü,Tüyler,Kuşun giysisi,C2
8349,utilitarian,Faydacı,Yararcı,Pratik,C2
8350,utilize,Kullanmak,Yararlanmak,Faydalanmak,C2
8351,predilection,düşkünlük,eğilim,tercih,C2
8352,commensurate,uygun,orantılı,eşdeğer,C2
8353,commensurately,orantılı olarak,uygun biçimde,mütenasiben,C2
8354,vindicate,aklama,haklı çıkarmak,savunmak,C2
8355,vindication,aklanma,haklı çıkma,savunma,C2
8356,parable,mesel,ibretli öykü,benzetme,C2
8357,hypothesize,hipotez kurmak,varsaymak,farz etmek,C2
8358,metalled,taş döşeli,metal kaplı,sertleştirilmiş yol,C2
8359,reclusive,dünyadan el etek,yalnız yaşamayı,münzevi,C2
8360,recluse,münzevi,haşerat,köşesine çekilen,C2
8361,inexorability,acımasızlık,önlenemezlik,tavizsizlik,C2
8362,exude,sızdırmak,yaymak,akıtmak,C2
8363,headmistress,okul müdiresi,başöğretmen,müdire hanım,C2
8364,mien,tavr,görünüş,duruş,C2
8365,timidity,çekingenlik,korkaklık,ürkaklık,C2
8366,unravel,çözmek,aydınlatmak,sökmek,C2
8367,concurrence,uzlaşma,mutabakat,aynı anda olma,C2
8368,unpromising,umut vaat etmeyen,parlak olmayan,elverişsiz,C2
8369,teem,kaynamak,dolup taşmak,bol olmak,C2
8370,corpse,ceset,mât,naaş,C2
8371,constrained,zoraki,kısıtlı,yapmacık,C2
8372,indignant,öfkeli,alınmış,tepkili,C2
8373,indignantly,öfkeyle,isyan ederek,tepkisel olarak,C2
8374,eccentricity,tuhaflık,acayip davranış,merkezden kaçıklık,C2
8375,locomotive,lokomotif,tren çekicisi,öncül güç,C2
8376,locomotion,hareket,yer değiştirme,yürüme yeteneği,C2
8377,individualism,bireycilik,ferdiyetçilik,özerklik,C2
8378,enthuse,coşturmak,heveslendirmek,coşku duymak,C2
8379,belligerent,saldırgan,muharip,kavgacı,C2
8380,belligerence,saldırganlık,kavga,savaş hali,C2
8381,stoicism,stoisizm,metanet,soğukkanlılık,C2
8382,euphorically,coşkuyla,aşırı mutlulukla,keyifle,C2
8383,minster,katedral,büyük kilise,manastır kilisesi,C2
8384,ironic,ironik,alaycı,istihzalı,C2
8385,acreage,arazi miktarı,dönüm hesabı,alan,C2
8386,affectation,yapmacık,gösteriş,tasannu,C2
8387,imposition,dayatma,vergi koyma,yükümlülük,C2
8388,stipulate,şart koşmak,belirtmek,kararlaştırmak,C2
8389,stipulation,şart,koşul,mukavele maddesi,C2
8390,allot,tahsis etmek,paylaştırmak,ayırmak,C2
8391,allotment,tahsis,hisse,hobi bahçesi,C2
8392,anticlimactically,hayal kırıklığıyla,sönük şekilde,beklenmedik düşüşle,C2
8393,forfeiture,müsadere,hak kaybı,cezalandırma,C2
8394,blitz,ani saldırı,bombardıman,yıldırım harekatı,C2
8395,primeval,ilkel,ebedi,ilk çağ,C2
8396,tenacious,azimli,bırakmaz,dayanıklı,C2
8397,tenaciously,inatla,azimle,kopmaksızın,C2
8398,genomic,genomik,gen haritası,gen bilimi,C2
8399,genomically,genomik olarak,genetik yapı,genom yönünden,C2
8400,capacious,geniş,ferah,hacimli,C2
8401,utilization/utilisation,yararlanma,kullanma,istifade etme,C2
8402,unequivocal,kesin,net,açık,C2
8403,unequivocally,kesin olarak,açıkça,şüpheye yer bırakmayacak,C2
8404,spontaneity,kendiliğindenlik,doğallık,içtenlik,C2
8405,provocation,kışkırtma,tahrik,öfkelendirme,C2
8406,portraiture,portrecilik,portre yapma,tasvir sanatı,C2
8407,tenacity,dayanıklılık,inatçılık,azim,C2
8408,athleticism,atletizm,sportmenlik,fiziksel beceri,C2
8409,apprehend,tutuklamak,kavramak,anlamak,C2
8410,automate,otomatikleştirmek,otomasyona bağlamak,makineleştirmek,C2
8411,callous,duyarsız,nasırlı,zalim,C2
8412,callously,duyarsızca,acımasızca,vicdansızca,C2
8413,derelict,terkedilmiş,metruk,serseri,C2
8414,materialism,maddecilik,materyalizm,tüketim çılgınlığı,C2
8415,materialistic,maddesel,materyalist,çıkarcı,C2
8416,ferocity,vahşet,şiddet,gaddarlık,C2
8417,evokingly,anımsatarak,çağrıştırıcı şekilde,duygu uyandırarak,C2
8418,recitation,ezberden okuma,şiir okuma,kıraat,C2
8419,equable,sakin,dengeli,ılıman,C2
8420,extant,elde kalan,mevcut,yaşayan,C2
8421,denounce,suçlamak,kınamak,ihbar etmek,C2
8422,denunciation,kınama,suçlama,ihbar,C2
8423,echo,yankı,akis,tekrar etmek,C2
8424,requisition,resmi talep,el koyma,gereksinim,C2
8425,substantiate,kanıtlamak,doğrulamak,somutlaştırmak,C2
8426,inscrutable,anlaşılmaz,gizemli,çözülemez,C2
8427,stratosphere,stratosfer,en yüksek kat,tabaka,C2
8428,indulgence,düşkünlük,hoşgörü,şımartma,C2
8429,indulgently,hoşgörüyle,anlayışla,şımartarak,C2
8430,laudatory,övgü dolu,takdir eden,öven,C2
8431,laud,övmek,yüceltmek,takdir etmek,C2
8432,glitz,gösteriş,albeni,göz boyama,C2
8433,glitzy,göz alıcı,lüks,şamatalı,C2
8434,wrack,yıkım,enkaz,ıstırap çekmek,C2
8435,relegate,küçültmek,başka yere atamak,küme düşürmek,C2
8436,succumb,boyun eğmek,yenik düşmek,ölmek,C2
8437,treacherous,hain,güvenilmez,tehlikeli,C2
8438,indolently,tembelce,uyuşuk bir şekilde,üşenerek,C2
8439,indolence,tembellik,uyuşukluk,haylazlık,C2
8440,taste-maker,moda yaratan,beğeni belirleyen,trend belirleyici,C2
8441,deviant,sapkın,sapınç,kurallara uymayan,C2
8442,deviantly,sapkın bir şekilde,norm dışı,aykırı olarak,C2
8443,engender,neden olmak,doğurmak,oluşturmak,C2
8444,emolument,maaş,ücret,gelir,C2
8445,munificence,cömertlik,eli açıklık,bolluk,C2
8446,posterity,gelecek nesiller,sonraki kuşaklar,evlatlar,C2
8447,venomous,zehirli,kinci,kötü niyetli,C2
8448,venomously,zehirli bir dille,kin dolu,acımasızca,C2
8449,choreography,kareografi,dans düzeni,sahne düzenlemesi,C2
8450,indolent,tembel,uyuşuk,hareketsiz,C2
8451,choreographical,Koreografik,Dans düzeniyle ilgili,Bale tasarımsal,C2
8452,archetypal,Arketipsel,Örnek niteliğinde,Asıl tipik,C2
8453,dissension,Anlaşmazlık,Fikir ayrılığı,Nifak,C2
8454,exalted,Yüce,Onurlandırılmış,Yüksek mertebeli,C2
8455,exaltedly,Yüce bir şekilde,Gururla,Coşkuyla,C2
8456,adept,Usta,Becerikli,Ehil,C2
8457,hitherto,Şimdiye kadar,Bundan önce,O zamana dek,C2
8458,angst,Varoluşsal sıkıntı,Endişe,Kaygı,C2
8459,angsty,Kaygılı,Huzursuz,Bunalımlı,C2
8460,drabness,Rengârenksizlik,Sıkıcılık,Tekdüzelik,C2
8461,melodious,Melodik,Ahenkli,Kulak tırmalamayan,C2
8462,melodiously,Ahenkle,Tatlı sesle,Melodik biçimde,C2
8463,archetype,Arketip,Örnek,Asıl model,C2
8464,provincial,Taşralı,İlçe ile ilgili,Dar görüşlü,C2
8465,blurb,Tanıtım yazısı,Özet eleştiri,Arka kapak yazısı,C2
8466,wayward,Dsıkıntılı,Bozuk,Söz dinlemez,C2
8467,recuperate,İyileşmek,Şifa bulmak,Dinlenmek,C2
8468,recuperation,İyileşme,Dinlenme,Güç toplama,C2
8469,recuperative,İyileştirici,Güç verici,Sağlık kazandırıcı,C2
8470,cultish,Tarikatvari,Sektsel,Aşırı bağlı,C2
8471,seismic,Sismik,Depremsel,Sarsıcı,C2
8472,irrevocably,Geri alınamaz şekilde,Kesin olarak,Değiştirilemez biçimde,C2
8473,irrevocable,Geri alınamaz,Kesin,Değiştirilemez,C2
8474,slither,Sürünmek,Kayarak ilerlemek,Sıyrılıp geçmek,C2
8475,unnerve,Cesaretini kırmak,Tedirgin etmek,Moralini bozmak,C2
8476,unnerving,Tedirgin edici,Sinir bozucu,Korkutucu,C2
8477,unnervingly,Tedirgin edici şekilde,Sinir bozucu biçimde,Endişe verici tarzda,C2
8478,protrude,Dışarı çıkmak,Fırlamak,Kabarmak,C2
8479,protrusion,Çıkıntı,Tümsek,Kabarıklık,C2
8480,qualitative,Nitel,Kalitatif,Niteliksel,C2
8481,procedural,Prosedürel,Usule ilişkin,İşleyişsel,C2
8482,demystify,Gizemini gidermek,Aydınlatmak,Basitleştirmek,C2
8483,demystification,Gizemi kaldırma,Aydınlatma,Anlaşılır kılma,C2
8484,proprietary,Mülkiyete ait,Özel patentli,Şirkete özel,C2
8485,proprietorial,Ev sahibi gibi,Mülk sahibi tavırlı,Sahiplenici,C2
8486,floodgates,Taşkın kapakları,Baraj kapakları,Set kapakları,C2
8487,imperceptible,Algılanamaz,Çok hafif,Fark edilmez,C2
8488,imperceptibly,Fark edilmeyecek şekilde,Yavaşça,Hafifçe,C2
8489,hapless,Talihsiz,Bahtsız,Zavallı,C2
8490,catastrophically,Felaketle sonuçlanacak şekilde,Kötü bir biçimde,Yıkıcı bir surette,C2
8491,magpie,Saksağan,Geveze,Çer çöp toplayıcı,C2
8492,beneficiary,Yararlanıcı,Hak sahibi,Varis,C2
8493,meteorology,Meteoroloji,Hava bilimi,Atmosfer bilimi,C2
8494,incumbent,Görevdeki,Mevcut görevli,Zorunlu olan,C2
8495,recumbent,Yatan,Yaslanmış,Uzanmış,C2
8496,nonchalant,Kaygısız,Aldırmaz,Umursamaz,C2
8497,nonchalantly,Aldırmazca,Umursamaz bir şekilde,Rahatça,C2
8498,mesmeric,Büyüleyici,Hipnotik,Kendinden geçirici,C2
8499,stultify,Budala göstermek,Etkisiz kılmak,Köreltmek,C2
8500,stultifyingly,Uyuşturucu bir şekilde,Sıkıntıdan patlatırcasına,Köreltici bir biçimde,C2
8501,wallow,çamurda eşinmek,kendini acımaya kaptırmak,zevkten dört köşe,C2
8502,ponderous,hantal,ağır,can sıkıcı,C2
8503,ponderously,hantalca,ağır bir şekilde,usandırıcı biçimde,C2
8504,lassitude,halsizlik,bitkinlik,yorgunluk,C2
8505,vicinity,civar,yakın çevre,muhit,C2
8506,computerize/computerise,bilgisayarlaştırmak,bilişime geçirmek,otomatikleştirmek,C2
8507,ebb,gelgit çekilmesi,gerilemek,zayıflamak,C2
8508,wane,azalmak,zayıflamak,gerilemek,C2
8509,antediluvian,çok eski,eski modaya kalmış,tufandan önceki,C2
8510,ostensible,görünürdeki,sözde,bahane edilen,C2
8511,ostensibly,görünüşte,sözde,zahiren,C2
8512,interlocking,birbirine geçen,kenetlenen,bağlantılı,C2
8513,undemonstrative,duygularını belli etmeyen,soğuk,çekingen,C2
8514,undemonstratively,duygularını gizleyerek,belli etmeden,soğukça,C2
8515,menace,tehdit,korkutmak,tahdit,C2
8516,menacing,tehditkâr,korkutucu,gözdağı veren,C2
8517,menacingly,tehditkâr bir şekilde,korkutucu biçimde,gözdağı vererek,C2
8518,calamity,felaket,büyük musibet,afet,C2
8519,homestead,çiftlik evi,ev ve arsası,ayrılan toprak,C2
8520,contagion,bulaşma,salgın hastalık,fena tesir,C2
8521,undiminishing,azalmayan,eksilmeyen,sabit kalan,C2
8522,meteorological,meteorolojik,hava durumu ile ilgili,gökbilimsel,C2
8523,brink,kenar,eşik,uç,C2
8524,unsurpassed,eşsiz,rakipsiz,üstüne tanınmayan,C2
8525,loiter,aylak aylak dolaşmak,sürtmek,vakit öldürmek,C2
8526,topple,devrilmek,yıkılmak,düşürmek,C2
8527,intrinsic,özsel,gerçek,dahili,C2
8528,intrinsically,yapısı gereği,özünde,aslında,C2
8529,merit,liyakat,erdem,değer,C2
8530,promotable,terfi ettirilebilir,yükselmeye uygun,geliştirilebilir,C2
8531,clinch,kesinleştirmek,bağlamak,perçinlemek,C2
8532,anonymity,adsızlık,kimliksizlik,gizlilik,C2
8533,splinter,kymtık,kıymık,parçalanmak,C2
8534,reproach,azarlamak,itiraz,ayıplamak,C2
8535,disseminate,yaymak,dağıtmak,neşretmek,C2
8536,dissemination,yayma,dağıtım,yayılım,C2
8537,dissemble,rol yapmak,gizlemek,iki yüzlülük etmek,C2
8538,mangle,parçalamak,sakatlamak,çamaşır sıkacağı,C2
8539,bereft,mahrum,yoksun,arkasız kalmış,C2
8540,bereftly,kimsesizce,yoksun bir şekilde,mahrumca,C2
8541,solipsism,tekbencilik,solipsizm,benmerkezcilik,C2
8542,soliloquize,kendi kendine konuşmak,sesli düşünmek,münferit konuşma yapmak,C2
8543,mutinous,asi,isankâr,başkaldıran,C2
8544,mutinously,isyan ederek,başkaldırarak,asice,C2
8545,prissy,titiz,aşırı namuslu,züppe,C2
8546,reptilian,sürüngen,alçak,sürüngenimsi,C2
8547,diminish,azaltmak,küçültmek,hafifletmek,C2
8548,melancholy,melankoli,hüzün,karamsarlık,C2
8549,calamitously,felaketle,feci şekilde,yıkıcı bir şekilde,C2
8550,cosmic,kozmik,evrensel,kainata ait,C2
8551,intermediary,aracı,vasita,arabulucu,C2
8552,hotelier,otelci,otel sahibi,konaklamacı,C2
8553,denote,belirtmek,ifade etmek,anlamına gelmek,C2
8554,denotation,adlandırma,asıl anlam,gösterge,C2
8555,profitability,kârlılık,kazançlılık,verimlilik,C2
8556,jargon,meslek dili,argo,anlaşılmaz dil,C2
8557,declination,eğrilik,sapma,reddetme,C2
8558,vocational,mesleki,sanat okulu,meslek,C2
8559,spatial,uzamsal,mekânsal,uzaya ait,C2
8560,spatially,uzamsal olarak,mekânsal bakımdan,yersel,C2
8561,pressurization,basınçlandırma,basınç altına alma,tazyikleme,C2
8562,integration,entegrasyon,bütünleşme,kaynaşma,C2
8563,extracurricular,ders dışı,müfredat dışı,okul dışı,C2
8564,encompass,kuşatmak,kapsamak,içine almak,C2
8565,all-encompassing,her şeyi kapsayan,tümünü içeren,kuşatıcı,C2
8566,accountability,hesap verebilirlik,mesuliyet,sorumluluk,C2
8567,frolic,eğlence,neşeyle oynamak,coşmak,C2
8568,minefield,mayındarlığı,mayıntarlası,tehlikeli durum,C2
8569,side-step,kenara çekilmek,kaçınmak,atlatmak,C2
8570,abundantly,bol bol,fazlasıyla,bolca,C2
8571,anarchic,anarşik,kuralsız,kaotik,C2
8572,pressurize,basınç uygulamak,baskı yapmak,zorlamak,C2
8573,drudgery,amelelik,bıkkınlık veren iş,zahmet,C2
8574,treacherously,haince,kalleşçe,güvenilmez bir şekilde,C2
8575,treachery,hainlik,hıyanet,kalleşlik,C2
8576,maggot,kurt,böcek larvası,kurtçuk,C2
8577,palate,damak,tat alma,lezzet,C2
8578,palatable,lezzetli,ağza layık,hoş,C2
8579,hermit,münzevi,ıssız yaşayan,tekke,C2
8580,hermetic,hermetik,hava geçirmez,kapalı,C2
8581,irrelevancy,alakarsızlık,ilgisizlik,yeri olmayan şey,C2
8582,mariner,denizci,tayfa,gemicilik,C2
8583,rift,yarık,çatlak,anlaşmazlık,C2
8584,helm,dümen,yönetim,idare,C2
8585,autopilot,otopilot,otomatik pilot,alışkanlık,C2
8586,eminence,üstünlük,yükseklik,şöhret,C2
8587,eminent,seçkin,ünlü,yüksek,C2
8588,preeminent,başlıca,üstün,önde gelen,C2
8589,unsuspected,şüphe edilmeyen,beklenmedik,fark edilmemiş,C2
8590,paralyzingly/paralysingly,felç edici şekilde,kilitlercesine,etkisiz hale getirerek,C2
8591,glory in,keyfini çıkarmak,övünmek,gurur duymak,C2
8592,decentralize/decentralise,yetkiyi devretmek,merkeziyeti kaldırmak,yerelleştirmek,C2
8593,preoccupation,meşguliyet,saplantı,önceden düşünme,C2
8594,prolong,uzatmak,devam ettirmek,vadesini uzatmak,C2
8595,crystallization/crystallisation,kristalleşme,şekillenme,billurlaşma,C2
8596,interlude,aralık,fasıl,ara oyun,C2
8597,prescriptive,kural koyucu,emir niteliğinde,yönerge,C2
8598,philanthropist,hayırsever,insansever,yardımsever,C2
8599,philanthropic,hayırsever,insansever,yardımcı,C2
8600,philanthropically,hayırsever bir şekilde,insanseverlikle,yardımsevercesine,C2
8601,precocious,erkenci,gelişimi erken,üstün zekalı,C2
8602,precociously,erken yaşta,gelişmiş şekilde,akıllıca,C2
8603,wordsmith,kelime ustası,yazar,metin yazarı,C2
8604,connote,çağrıştırmak,akla getirmek,ifade etmek,C2
8605,connotation,çağrışım,yan anlam,sezdirme,C2
8606,herald,müjdelemek,haberci,öncüsü olmak,C2
8607,philistine,sanattan anlamayan,kültürsüz kimse,maddi görüşlü,C2
8608,innuendo,laf sokma,ima,örtülü eleştiri,C2
8609,induce,teşvik etmek,neden olmak,ikna etmek,C2
8610,philanthropy,hayırseverlik,insan sevgisi,yardımseverlik,C2
8611,inducement,teşvik,özendirme,cazip teklif,C2
8612,lament,yas tutmak,yakınmak,ağıt yakmak,C2
8613,lamentation,ağıt,yas,sızlanma,C2
8614,conduit,boru hattı,aracı,kanal,C2
8615,chronology,kronoloji,zaman dizini,tarihsel sıra,C2
8616,chronologically,kronolojik olarak,sırayla,tarih sırasına göre,C2
8617,equilibrium,denge,ruhsal denge,muvazene,C2
8618,rebound,toparlanmak,geri tepmek,fiyat artışı,C2
8619,proposition,önerme,teklif,mesele,C2
8620,flagging,zayıflayan,güçten düşen,azalan,C2
8621,electrode,elektrot,kutup,iletken uç,C2
8622,caffeinate,kafein yüklemek,kafeinli yapmak,canlandırmak,C2
8623,anthology,antoloji,seçki,eserler derlemesi,C2
8624,solicit,istemek,destek aramak,müşteri avlamak,C2
8625,perch,tünemek,tüneme yeri,yüksek yer,C2
8626,retrospective,geçmişe dönük,retrospektif,geriye etkili,C2
8627,retrospection,geçmişi anma,geriye bakış,hatırlama,C2
8628,wordage,kelime sayısı,sözcükler,metin uzunluğu,C2
8629,brevity,özlülük,kısalık,az sözlülük,C2
8630,uncanny,ürkütücü,şaşırtıcı,garip,C2
8631,tactic,taktik,yöntem,oyun,C2
8632,tactical,taktiksel,taktiğe dayalı,ustaca,C2
8633,tactically,taktiksel olarak,ustalıkla,hesaplı şekilde,C2
8634,gambit,hamle,açılış,taktiksel adım,C2
8635,babble,gevezelik etmek,anlaşılmaz konuşma,mırıldanmak,C2
8636,bauble,değersiz süs,boncuk,ucuz oyuncak,C2
8637,correlate,bağlantı kurmak,ilişkili olmak,örtüşmek,C2
8638,correlation,korelasyon,karşılıklı ilişki,bağlantı,C2
8639,combustion,yanma,tutuşma,kimyasal yanma,C2
8640,painstaking,titiz,özenli,büyük gayret gerektiren,C2
8641,painstakingly,titizlikle,özenle,büyük emekle,C2
8642,contraption,garip cihaz,düzenek,makine,C2
8643,mesh,ağ,örgü,uyumlu olmak,C2
8644,enabler,imkan tanıyan,kolaylaştırıcı,suç ortaklığı eden,C2
8645,fluctuate,dalgalanmak,inip çıkmak,değişkenlik göstermek,C2
8646,fluctuation,dalgalanma,değişme,iniş çıkış,C2
8647,lyricist,şarkı sözü yazarı,güfteci,lirik şair,C2
8648,lyrical,lirik,coşkulu,şiirsel,C2
8649,lyrically,lirik bir dille,şiirsel olarak,coşkuyla,C2
8650,bona fide,gerçek,samimi,iyi niyetli,C2
8651,moribund,ölmek üzere olan,durgun ve solmaya yüz tutmuş,can çekişen,C2
8652,slab,kalın levha,plaka,kaya parçası,C2
8653,tranquilize/tranquilise,sakinleştirmek,yatıştırmak,ilaçla uyuşturmak,C2
